/*
 Navicat Premium Data Transfer

 Source Server         : 本地MySQL
 Source Server Type    : MySQL
 Source Server Version : 80018
 Source Host           : localhost:3306
 Source Schema         : preparation

 Target Server Type    : MySQL
 Target Server Version : 80018
 File Encoding         : 65001

 Date: 05/01/2020 10:41:52
*/

SET NAMES utf8mb4;
SET FOREIGN_KEY_CHECKS = 0;

-- ----------------------------
-- Table structure for gen_table
-- ----------------------------
DROP TABLE IF EXISTS `gen_table`;
CREATE TABLE `gen_table`  (
  `table_id` bigint(20) NOT NULL AUTO_INCREMENT COMMENT '编号',
  `table_name` varchar(200) CHARACTER SET utf8mb4 COLLATE utf8mb4_0900_ai_ci NULL DEFAULT '' COMMENT '表名称',
  `table_comment` varchar(500) CHARACTER SET utf8mb4 COLLATE utf8mb4_0900_ai_ci NULL DEFAULT '' COMMENT '表描述',
  `class_name` varchar(100) CHARACTER SET utf8mb4 COLLATE utf8mb4_0900_ai_ci NULL DEFAULT '' COMMENT '实体类名称',
  `tpl_category` varchar(200) CHARACTER SET utf8mb4 COLLATE utf8mb4_0900_ai_ci NULL DEFAULT 'crud' COMMENT '使用的模板（crud单表操作 tree树表操作）',
  `package_name` varchar(100) CHARACTER SET utf8mb4 COLLATE utf8mb4_0900_ai_ci NULL DEFAULT NULL COMMENT '生成包路径',
  `module_name` varchar(30) CHARACTER SET utf8mb4 COLLATE utf8mb4_0900_ai_ci NULL DEFAULT NULL COMMENT '生成模块名',
  `business_name` varchar(30) CHARACTER SET utf8mb4 COLLATE utf8mb4_0900_ai_ci NULL DEFAULT NULL COMMENT '生成业务名',
  `function_name` varchar(50) CHARACTER SET utf8mb4 COLLATE utf8mb4_0900_ai_ci NULL DEFAULT NULL COMMENT '生成功能名',
  `function_author` varchar(50) CHARACTER SET utf8mb4 COLLATE utf8mb4_0900_ai_ci NULL DEFAULT NULL COMMENT '生成功能作者',
  `options` varchar(1000) CHARACTER SET utf8mb4 COLLATE utf8mb4_0900_ai_ci NULL DEFAULT NULL COMMENT '其它生成选项',
  `create_by` varchar(64) CHARACTER SET utf8mb4 COLLATE utf8mb4_0900_ai_ci NULL DEFAULT '' COMMENT '创建者',
  `create_time` datetime(0) NULL DEFAULT NULL COMMENT '创建时间',
  `update_by` varchar(64) CHARACTER SET utf8mb4 COLLATE utf8mb4_0900_ai_ci NULL DEFAULT '' COMMENT '更新者',
  `update_time` datetime(0) NULL DEFAULT NULL COMMENT '更新时间',
  `remark` varchar(500) CHARACTER SET utf8mb4 COLLATE utf8mb4_0900_ai_ci NULL DEFAULT NULL COMMENT '备注',
  PRIMARY KEY (`table_id`) USING BTREE
) ENGINE = InnoDB AUTO_INCREMENT = 11 CHARACTER SET = utf8mb4 COLLATE = utf8mb4_0900_ai_ci COMMENT = '代码生成业务表' ROW_FORMAT = Dynamic;

-- ----------------------------
-- Records of gen_table
-- ----------------------------
INSERT INTO `gen_table` VALUES (2, 'sys_arc_type', '资源类别', 'ArcType', 'crud', 'com.ruoyi.project.content', 'content', 'type', '资源类别', 'zsh', NULL, 'admin', '2019-12-30 16:06:47', '', NULL, NULL);
INSERT INTO `gen_table` VALUES (3, 'sys_article', '资源', 'Article', 'crud', 'com.ruoyi.project.content', 'content', 'article', '资源', 'zsh', NULL, 'admin', '2019-12-30 16:32:25', '', NULL, NULL);
INSERT INTO `gen_table` VALUES (4, 'sys_link', '友链', 'Link', 'crud', 'com.ruoyi.project.content', 'content', 'link', '友链', 'zsh', NULL, 'admin', '2019-12-31 15:00:02', '', NULL, NULL);
INSERT INTO `gen_table` VALUES (6, 'sys_comment', '评论', 'Comment', 'crud', 'com.ruoyi.project.content', 'content', 'comment', '评论', 'zsh', NULL, 'admin', '2019-12-31 15:58:33', '', NULL, NULL);
INSERT INTO `gen_table` VALUES (8, 'sys_user_download', '用户已下载', 'UserDownload', 'crud', 'com.ruoyi.project.content', 'content', 'download', '用户已下载', 'zsh', NULL, 'admin', '2019-12-31 16:09:41', '', NULL, NULL);
INSERT INTO `gen_table` VALUES (9, 'sys_message', '消息', 'Message', 'crud', 'com.ruoyi.project.content', 'content', 'message', '消息', 'zsh', NULL, 'admin', '2020-01-02 14:47:42', '', NULL, NULL);
INSERT INTO `gen_table` VALUES (10, 'sys_order', '订单', 'Order', 'crud', 'com.ruoyi.project.content', 'content', 'order', '订单', 'zsh', NULL, 'admin', '2020-01-02 16:08:14', '', NULL, NULL);

-- ----------------------------
-- Table structure for gen_table_column
-- ----------------------------
DROP TABLE IF EXISTS `gen_table_column`;
CREATE TABLE `gen_table_column`  (
  `column_id` bigint(20) NOT NULL AUTO_INCREMENT COMMENT '编号',
  `table_id` varchar(64) CHARACTER SET utf8mb4 COLLATE utf8mb4_0900_ai_ci NULL DEFAULT NULL COMMENT '归属表编号',
  `column_name` varchar(200) CHARACTER SET utf8mb4 COLLATE utf8mb4_0900_ai_ci NULL DEFAULT NULL COMMENT '列名称',
  `column_comment` varchar(500) CHARACTER SET utf8mb4 COLLATE utf8mb4_0900_ai_ci NULL DEFAULT NULL COMMENT '列描述',
  `column_type` varchar(100) CHARACTER SET utf8mb4 COLLATE utf8mb4_0900_ai_ci NULL DEFAULT NULL COMMENT '列类型',
  `java_type` varchar(500) CHARACTER SET utf8mb4 COLLATE utf8mb4_0900_ai_ci NULL DEFAULT NULL COMMENT 'JAVA类型',
  `java_field` varchar(200) CHARACTER SET utf8mb4 COLLATE utf8mb4_0900_ai_ci NULL DEFAULT NULL COMMENT 'JAVA字段名',
  `is_pk` char(1) CHARACTER SET utf8mb4 COLLATE utf8mb4_0900_ai_ci NULL DEFAULT NULL COMMENT '是否主键（1是）',
  `is_increment` char(1) CHARACTER SET utf8mb4 COLLATE utf8mb4_0900_ai_ci NULL DEFAULT NULL COMMENT '是否自增（1是）',
  `is_required` char(1) CHARACTER SET utf8mb4 COLLATE utf8mb4_0900_ai_ci NULL DEFAULT NULL COMMENT '是否必填（1是）',
  `is_insert` char(1) CHARACTER SET utf8mb4 COLLATE utf8mb4_0900_ai_ci NULL DEFAULT NULL COMMENT '是否为插入字段（1是）',
  `is_edit` char(1) CHARACTER SET utf8mb4 COLLATE utf8mb4_0900_ai_ci NULL DEFAULT NULL COMMENT '是否编辑字段（1是）',
  `is_list` char(1) CHARACTER SET utf8mb4 COLLATE utf8mb4_0900_ai_ci NULL DEFAULT NULL COMMENT '是否列表字段（1是）',
  `is_query` char(1) CHARACTER SET utf8mb4 COLLATE utf8mb4_0900_ai_ci NULL DEFAULT NULL COMMENT '是否查询字段（1是）',
  `query_type` varchar(200) CHARACTER SET utf8mb4 COLLATE utf8mb4_0900_ai_ci NULL DEFAULT 'EQ' COMMENT '查询方式（等于、不等于、大于、小于、范围）',
  `html_type` varchar(200) CHARACTER SET utf8mb4 COLLATE utf8mb4_0900_ai_ci NULL DEFAULT NULL COMMENT '显示类型（文本框、文本域、下拉框、复选框、单选框、日期控件）',
  `dict_type` varchar(200) CHARACTER SET utf8mb4 COLLATE utf8mb4_0900_ai_ci NULL DEFAULT '' COMMENT '字典类型',
  `sort` int(11) NULL DEFAULT NULL COMMENT '排序',
  `create_by` varchar(64) CHARACTER SET utf8mb4 COLLATE utf8mb4_0900_ai_ci NULL DEFAULT '' COMMENT '创建者',
  `create_time` datetime(0) NULL DEFAULT NULL COMMENT '创建时间',
  `update_by` varchar(64) CHARACTER SET utf8mb4 COLLATE utf8mb4_0900_ai_ci NULL DEFAULT '' COMMENT '更新者',
  `update_time` datetime(0) NULL DEFAULT NULL COMMENT '更新时间',
  PRIMARY KEY (`column_id`) USING BTREE
) ENGINE = InnoDB AUTO_INCREMENT = 61 CHARACTER SET = utf8mb4 COLLATE = utf8mb4_0900_ai_ci COMMENT = '代码生成业务表字段' ROW_FORMAT = Dynamic;

-- ----------------------------
-- Records of gen_table_column
-- ----------------------------
INSERT INTO `gen_table_column` VALUES (5, '2', 'src_type_id', '资源类别主键ID', 'bigint(20)', 'Long', 'srcTypeId', '1', '1', NULL, '1', NULL, NULL, NULL, 'EQ', 'input', '', 1, 'admin', '2019-12-30 16:06:47', '', NULL);
INSERT INTO `gen_table_column` VALUES (6, '2', 'src_type_name', '资源类别名称', 'varchar(100)', 'String', 'srcTypeName', '0', '0', NULL, '1', '1', '1', '1', 'LIKE', 'input', '', 2, 'admin', '2019-12-30 16:06:47', '', NULL);
INSERT INTO `gen_table_column` VALUES (7, '2', 'src_type_remark', '资源类别备注', 'varchar(1000)', 'String', 'srcTypeRemark', '0', '0', NULL, '1', '1', '1', '1', 'EQ', 'textarea', '', 3, 'admin', '2019-12-30 16:06:47', '', NULL);
INSERT INTO `gen_table_column` VALUES (8, '2', 'src_type_sort', '资源类别排序', 'int(11)', 'Long', 'srcTypeSort', '0', '0', NULL, '1', '1', '1', '1', 'EQ', 'input', '', 4, 'admin', '2019-12-30 16:06:47', '', NULL);
INSERT INTO `gen_table_column` VALUES (9, '3', 'article_id', '资源ID', 'bigint(20)', 'Long', 'articleId', '1', '1', NULL, '1', NULL, NULL, NULL, 'EQ', 'input', '', 1, 'admin', '2019-12-30 16:32:25', '', NULL);
INSERT INTO `gen_table_column` VALUES (10, '3', 'article_check_date', '审核时间', 'datetime', 'Date', 'articleCheckDate', '0', '0', NULL, '1', '1', '1', '1', 'EQ', 'datetime', '', 2, 'admin', '2019-12-30 16:32:25', '', NULL);
INSERT INTO `gen_table_column` VALUES (11, '3', 'article_content', '内容', 'longtext', 'String', 'articleContent', '0', '0', NULL, '1', '1', '1', '1', 'EQ', 'input', '', 3, 'admin', '2019-12-30 16:32:25', '', NULL);
INSERT INTO `gen_table_column` VALUES (12, '3', 'article_download1', '下载地址', 'varchar(200)', 'String', 'articleDownload1', '0', '0', NULL, '1', '1', '1', '1', 'EQ', 'input', '', 4, 'admin', '2019-12-30 16:32:25', '', NULL);
INSERT INTO `gen_table_column` VALUES (13, '3', 'article_is_hot', '是否是热门资源', 'bit(1)', NULL, 'articleIsHot', '0', '0', NULL, '1', '1', '1', '1', 'EQ', NULL, '', 5, 'admin', '2019-12-30 16:32:25', '', NULL);
INSERT INTO `gen_table_column` VALUES (14, '3', 'article_name', '名称', 'varchar(200)', 'String', 'articleName', '0', '0', NULL, '1', '1', '1', '1', 'LIKE', 'input', '', 6, 'admin', '2019-12-30 16:32:25', '', NULL);
INSERT INTO `gen_table_column` VALUES (15, '3', 'article_password1', '密码', 'varchar(10)', 'String', 'articlePassword1', '0', '0', NULL, '1', '1', '1', '1', 'EQ', 'input', '', 7, 'admin', '2019-12-30 16:32:25', '', NULL);
INSERT INTO `gen_table_column` VALUES (16, '3', 'article_points', '积分数', 'int(11)', 'Long', 'articlePoints', '0', '0', NULL, '1', '1', '1', '1', 'EQ', 'input', '', 8, 'admin', '2019-12-30 16:32:25', '', NULL);
INSERT INTO `gen_table_column` VALUES (17, '3', 'article_publish_date', '发布时间', 'datetime', 'Date', 'articlePublishDate', '0', '0', NULL, '1', '1', '1', '1', 'EQ', 'datetime', '', 9, 'admin', '2019-12-30 16:32:25', '', NULL);
INSERT INTO `gen_table_column` VALUES (18, '3', 'article_reason', '拒绝原因', 'varchar(255)', 'String', 'articleReason', '0', '0', NULL, '1', '1', '1', '1', 'EQ', 'input', '', 10, 'admin', '2019-12-30 16:32:25', '', NULL);
INSERT INTO `gen_table_column` VALUES (19, '3', 'article_state', '状态', 'int(11)', 'Long', 'articleState', '0', '0', NULL, '1', '1', '1', '1', 'EQ', 'input', '', 11, 'admin', '2019-12-30 16:32:25', '', NULL);
INSERT INTO `gen_table_column` VALUES (20, '3', 'article_view', '查看次数', 'int(11)', 'Long', 'articleView', '0', '0', NULL, '1', '1', '1', '1', 'EQ', 'input', '', 12, 'admin', '2019-12-30 16:32:25', '', NULL);
INSERT INTO `gen_table_column` VALUES (21, '3', 'article_type_id', '资源所属类别ID', 'bigint(20)', 'Long', 'articleTypeId', '0', '0', NULL, '1', '1', '1', '1', 'EQ', 'input', '', 13, 'admin', '2019-12-30 16:32:25', '', NULL);
INSERT INTO `gen_table_column` VALUES (22, '3', 'article_user_id', '资源所属用户ID', 'bigint(20)', 'Long', 'articleUserId', '0', '0', NULL, '1', '1', '1', '1', 'EQ', 'input', '', 14, 'admin', '2019-12-30 16:32:25', '', NULL);
INSERT INTO `gen_table_column` VALUES (23, '4', 'link_id', '友链ID', 'bigint(20)', 'Long', 'linkId', '1', '1', NULL, '1', NULL, NULL, NULL, 'EQ', 'input', '', 1, 'admin', '2019-12-31 15:00:02', '', NULL);
INSERT INTO `gen_table_column` VALUES (24, '4', 'link_name', '名称', 'varchar(500)', 'String', 'linkName', '0', '0', NULL, '1', '1', '1', '1', 'LIKE', 'textarea', '', 2, 'admin', '2019-12-31 15:00:02', '', NULL);
INSERT INTO `gen_table_column` VALUES (25, '4', 'link_sort', '排序', 'int(11)', 'Long', 'linkSort', '0', '0', NULL, '1', '1', '1', '1', 'EQ', 'input', '', 3, 'admin', '2019-12-31 15:00:02', '', NULL);
INSERT INTO `gen_table_column` VALUES (26, '4', 'link_url', '地址', 'varchar(500)', 'String', 'linkUrl', '0', '0', NULL, '1', '1', '1', '1', 'EQ', 'textarea', '', 4, 'admin', '2019-12-31 15:00:02', '', NULL);
INSERT INTO `gen_table_column` VALUES (33, '6', 'comment_id', '评论ID', 'int(11)', 'Long', 'commentId', '1', '1', NULL, '1', NULL, NULL, NULL, 'EQ', 'input', '', 1, 'admin', '2019-12-31 15:58:33', '', NULL);
INSERT INTO `gen_table_column` VALUES (34, '6', 'comment_date', '评论时间', 'datetime', 'Date', 'commentDate', '0', '0', NULL, '1', '1', '1', '1', 'EQ', 'datetime', '', 2, 'admin', '2019-12-31 15:58:33', '', NULL);
INSERT INTO `gen_table_column` VALUES (35, '6', 'comment_content', '内容', 'varchar(1000)', 'String', 'commentContent', '0', '0', NULL, '1', '1', '1', '1', 'EQ', 'textarea', '', 3, 'admin', '2019-12-31 15:58:33', '', NULL);
INSERT INTO `gen_table_column` VALUES (36, '6', 'comment_state', '状态', 'int(11)', 'Long', 'commentState', '0', '0', NULL, '1', '1', '1', '1', 'EQ', 'input', '', 4, 'admin', '2019-12-31 15:58:33', '', NULL);
INSERT INTO `gen_table_column` VALUES (37, '6', 'comment_article_id', '资源ID', 'int(11)', 'Long', 'commentArticleId', '0', '0', NULL, '1', '1', '1', '1', 'EQ', 'input', '', 5, 'admin', '2019-12-31 15:58:33', '', NULL);
INSERT INTO `gen_table_column` VALUES (38, '6', 'comment_user_id', '评论人ID', 'int(11)', 'Long', 'commentUserId', '0', '0', NULL, '1', '1', '1', '1', 'EQ', 'input', '', 6, 'admin', '2019-12-31 15:58:33', '', NULL);
INSERT INTO `gen_table_column` VALUES (43, '8', 'download_id', '下载ID', 'bigint(20)', 'Long', 'downloadId', '1', '1', NULL, '1', NULL, NULL, NULL, 'EQ', 'input', '', 1, 'admin', '2019-12-31 16:09:41', '', NULL);
INSERT INTO `gen_table_column` VALUES (44, '8', 'download_date', '下载时间', 'datetime', 'Date', 'downloadDate', '0', '0', NULL, '1', '1', '1', '1', 'EQ', 'datetime', '', 2, 'admin', '2019-12-31 16:09:41', '', NULL);
INSERT INTO `gen_table_column` VALUES (45, '8', 'download_article_id', '下载资源ID', 'bigint(20)', 'Long', 'downloadArticleId', '0', '0', NULL, '1', '1', '1', '1', 'EQ', 'input', '', 3, 'admin', '2019-12-31 16:09:41', '', NULL);
INSERT INTO `gen_table_column` VALUES (46, '8', 'download_user_id', '下载用户ID', 'bigint(20)', 'Long', 'downloadUserId', '0', '0', NULL, '1', '1', '1', '1', 'EQ', 'input', '', 4, 'admin', '2019-12-31 16:09:41', '', NULL);
INSERT INTO `gen_table_column` VALUES (47, '9', 'id', '消息ID', 'bigint(20)', 'Long', 'id', '1', '1', NULL, '1', NULL, NULL, NULL, 'EQ', 'input', '', 1, 'admin', '2020-01-02 14:47:42', '', NULL);
INSERT INTO `gen_table_column` VALUES (48, '9', 'content', '内容', 'varchar(100)', 'String', 'content', '0', '0', NULL, '1', '1', '1', '1', 'EQ', 'input', '', 2, 'admin', '2020-01-02 14:47:42', '', NULL);
INSERT INTO `gen_table_column` VALUES (49, '9', 'is_see', '状态', 'bit(1)', NULL, 'isSee', '0', '0', '1', '1', '1', '1', '1', 'EQ', NULL, '', 3, 'admin', '2020-01-02 14:47:42', '', NULL);
INSERT INTO `gen_table_column` VALUES (50, '9', 'publish_date', '发布时间', 'datetime', 'Date', 'publishDate', '0', '0', NULL, '1', '1', '1', '1', 'EQ', 'datetime', '', 4, 'admin', '2020-01-02 14:47:42', '', NULL);
INSERT INTO `gen_table_column` VALUES (51, '9', 'user_id', '接收用户ID', 'bigint(20)', 'Long', 'userId', '0', '0', NULL, '1', '1', '1', '1', 'EQ', 'input', '', 5, 'admin', '2020-01-02 14:47:42', '', NULL);
INSERT INTO `gen_table_column` VALUES (52, '10', 'id', '订单ID', 'bigint(20)', 'Long', 'id', '1', '1', NULL, '1', NULL, NULL, NULL, 'EQ', 'input', '', 1, 'admin', '2020-01-02 16:08:14', '', NULL);
INSERT INTO `gen_table_column` VALUES (53, '10', 'create_time', '创建时间', 'datetime', 'Date', 'createTime', '0', '0', NULL, '1', NULL, NULL, NULL, 'EQ', 'datetime', '', 2, 'admin', '2020-01-02 16:08:14', '', NULL);
INSERT INTO `gen_table_column` VALUES (54, '10', 'detail', '细节', 'varchar(255)', 'String', 'detail', '0', '0', NULL, '1', '1', '1', '1', 'EQ', 'input', '', 3, 'admin', '2020-01-02 16:08:14', '', NULL);
INSERT INTO `gen_table_column` VALUES (55, '10', 'money', '金额', 'double', 'Long', 'money', '0', '0', NULL, '1', '1', '1', '1', 'EQ', 'input', '', 4, 'admin', '2020-01-02 16:08:14', '', NULL);
INSERT INTO `gen_table_column` VALUES (56, '10', 'status', '状态', 'varchar(255)', 'String', 'status', '0', '0', NULL, '1', '1', '1', '1', 'EQ', 'radio', '', 5, 'admin', '2020-01-02 16:08:14', '', NULL);
INSERT INTO `gen_table_column` VALUES (57, '10', 'type', '付款方式', 'varchar(255)', 'String', 'type', '0', '0', NULL, '1', '1', '1', '1', 'EQ', 'select', '', 6, 'admin', '2020-01-02 16:08:14', '', NULL);
INSERT INTO `gen_table_column` VALUES (58, '10', 'user_id', '用户ID', 'bigint(20)', 'Long', 'userId', '0', '0', NULL, '1', '1', '1', '1', 'EQ', 'input', '', 7, 'admin', '2020-01-02 16:08:14', '', NULL);
INSERT INTO `gen_table_column` VALUES (59, '10', 'ali_no', '支付宝商品订单号', 'varchar(255)', 'String', 'aliNo', '0', '0', NULL, '1', '1', '1', '1', 'EQ', 'input', '', 8, 'admin', '2020-01-02 16:08:14', '', NULL);
INSERT INTO `gen_table_column` VALUES (60, '10', 'order_no', '支付宝付款订单号', 'varchar(255)', 'String', 'orderNo', '0', '0', NULL, '1', '1', '1', '1', 'EQ', 'input', '', 9, 'admin', '2020-01-02 16:08:14', '', NULL);

-- ----------------------------
-- Table structure for qrtz_blob_triggers
-- ----------------------------
DROP TABLE IF EXISTS `qrtz_blob_triggers`;
CREATE TABLE `qrtz_blob_triggers`  (
  `sched_name` varchar(120) CHARACTER SET utf8 COLLATE utf8_general_ci NOT NULL,
  `trigger_name` varchar(200) CHARACTER SET utf8 COLLATE utf8_general_ci NOT NULL,
  `trigger_group` varchar(200) CHARACTER SET utf8 COLLATE utf8_general_ci NOT NULL,
  `blob_data` blob NULL,
  PRIMARY KEY (`sched_name`, `trigger_name`, `trigger_group`) USING BTREE,
  CONSTRAINT `qrtz_blob_triggers_ibfk_1` FOREIGN KEY (`sched_name`, `trigger_name`, `trigger_group`) REFERENCES `qrtz_triggers` (`sched_name`, `trigger_name`, `trigger_group`) ON DELETE RESTRICT ON UPDATE RESTRICT
) ENGINE = InnoDB CHARACTER SET = utf8 COLLATE = utf8_general_ci ROW_FORMAT = Dynamic;

-- ----------------------------
-- Table structure for qrtz_calendars
-- ----------------------------
DROP TABLE IF EXISTS `qrtz_calendars`;
CREATE TABLE `qrtz_calendars`  (
  `sched_name` varchar(120) CHARACTER SET utf8 COLLATE utf8_general_ci NOT NULL,
  `calendar_name` varchar(200) CHARACTER SET utf8 COLLATE utf8_general_ci NOT NULL,
  `calendar` blob NOT NULL,
  PRIMARY KEY (`sched_name`, `calendar_name`) USING BTREE
) ENGINE = InnoDB CHARACTER SET = utf8 COLLATE = utf8_general_ci ROW_FORMAT = Dynamic;

-- ----------------------------
-- Table structure for qrtz_cron_triggers
-- ----------------------------
DROP TABLE IF EXISTS `qrtz_cron_triggers`;
CREATE TABLE `qrtz_cron_triggers`  (
  `sched_name` varchar(120) CHARACTER SET utf8 COLLATE utf8_general_ci NOT NULL,
  `trigger_name` varchar(200) CHARACTER SET utf8 COLLATE utf8_general_ci NOT NULL,
  `trigger_group` varchar(200) CHARACTER SET utf8 COLLATE utf8_general_ci NOT NULL,
  `cron_expression` varchar(200) CHARACTER SET utf8 COLLATE utf8_general_ci NOT NULL,
  `time_zone_id` varchar(80) CHARACTER SET utf8 COLLATE utf8_general_ci NULL DEFAULT NULL,
  PRIMARY KEY (`sched_name`, `trigger_name`, `trigger_group`) USING BTREE,
  CONSTRAINT `qrtz_cron_triggers_ibfk_1` FOREIGN KEY (`sched_name`, `trigger_name`, `trigger_group`) REFERENCES `qrtz_triggers` (`sched_name`, `trigger_name`, `trigger_group`) ON DELETE RESTRICT ON UPDATE RESTRICT
) ENGINE = InnoDB CHARACTER SET = utf8 COLLATE = utf8_general_ci ROW_FORMAT = Dynamic;

-- ----------------------------
-- Records of qrtz_cron_triggers
-- ----------------------------
INSERT INTO `qrtz_cron_triggers` VALUES ('preparationScheduler', 'TASK_CLASS_NAME1', 'DEFAULT', '0/10 * * * * ?', 'Asia/Shanghai');
INSERT INTO `qrtz_cron_triggers` VALUES ('preparationScheduler', 'TASK_CLASS_NAME100', 'DEFAULT', '0 0 0 * * ?', 'Asia/Shanghai');
INSERT INTO `qrtz_cron_triggers` VALUES ('preparationScheduler', 'TASK_CLASS_NAME2', 'DEFAULT', '0/15 * * * * ?', 'Asia/Shanghai');
INSERT INTO `qrtz_cron_triggers` VALUES ('preparationScheduler', 'TASK_CLASS_NAME3', 'DEFAULT', '0/20 * * * * ?', 'Asia/Shanghai');
INSERT INTO `qrtz_cron_triggers` VALUES ('RuoyiScheduler', 'TASK_CLASS_NAME1', 'DEFAULT', '0/10 * * * * ?', 'Asia/Shanghai');
INSERT INTO `qrtz_cron_triggers` VALUES ('RuoyiScheduler', 'TASK_CLASS_NAME100', 'DEFAULT', '0 0 0 * * ?', 'Asia/Shanghai');
INSERT INTO `qrtz_cron_triggers` VALUES ('RuoyiScheduler', 'TASK_CLASS_NAME2', 'DEFAULT', '0/15 * * * * ?', 'Asia/Shanghai');
INSERT INTO `qrtz_cron_triggers` VALUES ('RuoyiScheduler', 'TASK_CLASS_NAME3', 'DEFAULT', '0/20 * * * * ?', 'Asia/Shanghai');

-- ----------------------------
-- Table structure for qrtz_fired_triggers
-- ----------------------------
DROP TABLE IF EXISTS `qrtz_fired_triggers`;
CREATE TABLE `qrtz_fired_triggers`  (
  `sched_name` varchar(120) CHARACTER SET utf8 COLLATE utf8_general_ci NOT NULL,
  `entry_id` varchar(95) CHARACTER SET utf8 COLLATE utf8_general_ci NOT NULL,
  `trigger_name` varchar(200) CHARACTER SET utf8 COLLATE utf8_general_ci NOT NULL,
  `trigger_group` varchar(200) CHARACTER SET utf8 COLLATE utf8_general_ci NOT NULL,
  `instance_name` varchar(200) CHARACTER SET utf8 COLLATE utf8_general_ci NOT NULL,
  `fired_time` bigint(13) NOT NULL,
  `sched_time` bigint(13) NOT NULL,
  `priority` int(11) NOT NULL,
  `state` varchar(16) CHARACTER SET utf8 COLLATE utf8_general_ci NOT NULL,
  `job_name` varchar(200) CHARACTER SET utf8 COLLATE utf8_general_ci NULL DEFAULT NULL,
  `job_group` varchar(200) CHARACTER SET utf8 COLLATE utf8_general_ci NULL DEFAULT NULL,
  `is_nonconcurrent` varchar(1) CHARACTER SET utf8 COLLATE utf8_general_ci NULL DEFAULT NULL,
  `requests_recovery` varchar(1) CHARACTER SET utf8 COLLATE utf8_general_ci NULL DEFAULT NULL,
  PRIMARY KEY (`sched_name`, `entry_id`) USING BTREE
) ENGINE = InnoDB CHARACTER SET = utf8 COLLATE = utf8_general_ci ROW_FORMAT = Dynamic;

-- ----------------------------
-- Table structure for qrtz_job_details
-- ----------------------------
DROP TABLE IF EXISTS `qrtz_job_details`;
CREATE TABLE `qrtz_job_details`  (
  `sched_name` varchar(120) CHARACTER SET utf8 COLLATE utf8_general_ci NOT NULL,
  `job_name` varchar(200) CHARACTER SET utf8 COLLATE utf8_general_ci NOT NULL,
  `job_group` varchar(200) CHARACTER SET utf8 COLLATE utf8_general_ci NOT NULL,
  `description` varchar(250) CHARACTER SET utf8 COLLATE utf8_general_ci NULL DEFAULT NULL,
  `job_class_name` varchar(250) CHARACTER SET utf8 COLLATE utf8_general_ci NOT NULL,
  `is_durable` varchar(1) CHARACTER SET utf8 COLLATE utf8_general_ci NOT NULL,
  `is_nonconcurrent` varchar(1) CHARACTER SET utf8 COLLATE utf8_general_ci NOT NULL,
  `is_update_data` varchar(1) CHARACTER SET utf8 COLLATE utf8_general_ci NOT NULL,
  `requests_recovery` varchar(1) CHARACTER SET utf8 COLLATE utf8_general_ci NOT NULL,
  `job_data` blob NULL,
  PRIMARY KEY (`sched_name`, `job_name`, `job_group`) USING BTREE
) ENGINE = InnoDB CHARACTER SET = utf8 COLLATE = utf8_general_ci ROW_FORMAT = Dynamic;

-- ----------------------------
-- Records of qrtz_job_details
-- ----------------------------
INSERT INTO `qrtz_job_details` VALUES ('preparationScheduler', 'TASK_CLASS_NAME1', 'DEFAULT', NULL, 'qqzsh.top.preparation.project.monitor.job.util.QuartzDisallowConcurrentExecution', '0', '1', '0', '0', 0xACED0005737200156F72672E71756172747A2E4A6F62446174614D61709FB083E8BFA9B0CB020000787200266F72672E71756172747A2E7574696C732E537472696E674B65794469727479466C61674D61708208E8C3FBC55D280200015A0013616C6C6F77735472616E7369656E74446174617872001D6F72672E71756172747A2E7574696C732E4469727479466C61674D617013E62EAD28760ACE0200025A000564697274794C00036D617074000F4C6A6176612F7574696C2F4D61703B787001737200116A6176612E7574696C2E486173684D61700507DAC1C31660D103000246000A6C6F6164466163746F724900097468726573686F6C6478703F4000000000000C7708000000100000000174000F5441534B5F50524F504552544945537372003471717A73682E746F702E7072657061726174696F6E2E70726F6A6563742E6D6F6E69746F722E6A6F622E646F6D61696E2E4A6F6200000000000000010200084C000A636F6E63757272656E747400124C6A6176612F6C616E672F537472696E673B4C000E63726F6E45787072657373696F6E71007E00094C000C696E766F6B6554617267657471007E00094C00086A6F6247726F757071007E00094C00056A6F6249647400104C6A6176612F6C616E672F4C6F6E673B4C00076A6F624E616D6571007E00094C000D6D697366697265506F6C69637971007E00094C000673746174757371007E00097872003571717A73682E746F702E7072657061726174696F6E2E6672616D65776F726B2E7765622E646F6D61696E2E42617365456E7469747900000000000000010200074C0008637265617465427971007E00094C000A63726561746554696D657400104C6A6176612F7574696C2F446174653B4C0006706172616D7371007E00034C000672656D61726B71007E00094C000B73656172636856616C756571007E00094C0008757064617465427971007E00094C000A75706461746554696D6571007E000C787074000561646D696E7372000E6A6176612E7574696C2E44617465686A81014B59741903000078707708000001622CDE29E078707400007070707400013174000E302F3130202A202A202A202A203F74001172795461736B2E72794E6F506172616D7374000744454641554C547372000E6A6176612E6C616E672E4C6F6E673B8BE490CC8F23DF0200014A000576616C7565787200106A6176612E6C616E672E4E756D62657286AC951D0B94E08B02000078700000000000000001740018E7B3BBE7BB9FE9BB98E8AEA4EFBC88E697A0E58F82EFBC8974000133740001317800);
INSERT INTO `qrtz_job_details` VALUES ('preparationScheduler', 'TASK_CLASS_NAME100', 'DEFAULT', NULL, 'qqzsh.top.preparation.project.monitor.job.util.QuartzDisallowConcurrentExecution', '0', '1', '0', '0', 0xACED0005737200156F72672E71756172747A2E4A6F62446174614D61709FB083E8BFA9B0CB020000787200266F72672E71756172747A2E7574696C732E537472696E674B65794469727479466C61674D61708208E8C3FBC55D280200015A0013616C6C6F77735472616E7369656E74446174617872001D6F72672E71756172747A2E7574696C732E4469727479466C61674D617013E62EAD28760ACE0200025A000564697274794C00036D617074000F4C6A6176612F7574696C2F4D61703B787001737200116A6176612E7574696C2E486173684D61700507DAC1C31660D103000246000A6C6F6164466163746F724900097468726573686F6C6478703F4000000000000C7708000000100000000174000F5441534B5F50524F504552544945537372003471717A73682E746F702E7072657061726174696F6E2E70726F6A6563742E6D6F6E69746F722E6A6F622E646F6D61696E2E4A6F6200000000000000010200084C000A636F6E63757272656E747400124C6A6176612F6C616E672F537472696E673B4C000E63726F6E45787072657373696F6E71007E00094C000C696E766F6B6554617267657471007E00094C00086A6F6247726F757071007E00094C00056A6F6249647400104C6A6176612F6C616E672F4C6F6E673B4C00076A6F624E616D6571007E00094C000D6D697366697265506F6C69637971007E00094C000673746174757371007E00097872003571717A73682E746F702E7072657061726174696F6E2E6672616D65776F726B2E7765622E646F6D61696E2E42617365456E7469747900000000000000010200074C0008637265617465427971007E00094C000A63726561746554696D657400104C6A6176612F7574696C2F446174653B4C0006706172616D7371007E00034C000672656D61726B71007E00094C000B73656172636856616C756571007E00094C0008757064617465427971007E00094C000A75706461746554696D6571007E000C78707400007372000E6A6176612E7574696C2E44617465686A81014B597419030000787077080000016F70A8046878707400007070707400013174000B3020302030202A202A203F74001752656D6F76655369676E2E72794E6F506172616D73282974000744454641554C547372000E6A6176612E6C616E672E4C6F6E673B8BE490CC8F23DF0200014A000576616C7565787200106A6176612E6C616E672E4E756D62657286AC951D0B94E08B02000078700000000000000064740018E6B885E999A4E4BB8AE697A5E7ADBEE588B0E4BFA1E681AF74000131740001307800);
INSERT INTO `qrtz_job_details` VALUES ('preparationScheduler', 'TASK_CLASS_NAME2', 'DEFAULT', NULL, 'qqzsh.top.preparation.project.monitor.job.util.QuartzDisallowConcurrentExecution', '0', '1', '0', '0', 0xACED0005737200156F72672E71756172747A2E4A6F62446174614D61709FB083E8BFA9B0CB020000787200266F72672E71756172747A2E7574696C732E537472696E674B65794469727479466C61674D61708208E8C3FBC55D280200015A0013616C6C6F77735472616E7369656E74446174617872001D6F72672E71756172747A2E7574696C732E4469727479466C61674D617013E62EAD28760ACE0200025A000564697274794C00036D617074000F4C6A6176612F7574696C2F4D61703B787001737200116A6176612E7574696C2E486173684D61700507DAC1C31660D103000246000A6C6F6164466163746F724900097468726573686F6C6478703F4000000000000C7708000000100000000174000F5441534B5F50524F504552544945537372003471717A73682E746F702E7072657061726174696F6E2E70726F6A6563742E6D6F6E69746F722E6A6F622E646F6D61696E2E4A6F6200000000000000010200084C000A636F6E63757272656E747400124C6A6176612F6C616E672F537472696E673B4C000E63726F6E45787072657373696F6E71007E00094C000C696E766F6B6554617267657471007E00094C00086A6F6247726F757071007E00094C00056A6F6249647400104C6A6176612F6C616E672F4C6F6E673B4C00076A6F624E616D6571007E00094C000D6D697366697265506F6C69637971007E00094C000673746174757371007E00097872003571717A73682E746F702E7072657061726174696F6E2E6672616D65776F726B2E7765622E646F6D61696E2E42617365456E7469747900000000000000010200074C0008637265617465427971007E00094C000A63726561746554696D657400104C6A6176612F7574696C2F446174653B4C0006706172616D7371007E00034C000672656D61726B71007E00094C000B73656172636856616C756571007E00094C0008757064617465427971007E00094C000A75706461746554696D6571007E000C787074000561646D696E7372000E6A6176612E7574696C2E44617465686A81014B59741903000078707708000001622CDE29E078707400007070707400013174000E302F3135202A202A202A202A203F74001572795461736B2E7279506172616D7328277279272974000744454641554C547372000E6A6176612E6C616E672E4C6F6E673B8BE490CC8F23DF0200014A000576616C7565787200106A6176612E6C616E672E4E756D62657286AC951D0B94E08B02000078700000000000000002740018E7B3BBE7BB9FE9BB98E8AEA4EFBC88E69C89E58F82EFBC8974000133740001317800);
INSERT INTO `qrtz_job_details` VALUES ('preparationScheduler', 'TASK_CLASS_NAME3', 'DEFAULT', NULL, 'qqzsh.top.preparation.project.monitor.job.util.QuartzDisallowConcurrentExecution', '0', '1', '0', '0', 0xACED0005737200156F72672E71756172747A2E4A6F62446174614D61709FB083E8BFA9B0CB020000787200266F72672E71756172747A2E7574696C732E537472696E674B65794469727479466C61674D61708208E8C3FBC55D280200015A0013616C6C6F77735472616E7369656E74446174617872001D6F72672E71756172747A2E7574696C732E4469727479466C61674D617013E62EAD28760ACE0200025A000564697274794C00036D617074000F4C6A6176612F7574696C2F4D61703B787001737200116A6176612E7574696C2E486173684D61700507DAC1C31660D103000246000A6C6F6164466163746F724900097468726573686F6C6478703F4000000000000C7708000000100000000174000F5441534B5F50524F504552544945537372003471717A73682E746F702E7072657061726174696F6E2E70726F6A6563742E6D6F6E69746F722E6A6F622E646F6D61696E2E4A6F6200000000000000010200084C000A636F6E63757272656E747400124C6A6176612F6C616E672F537472696E673B4C000E63726F6E45787072657373696F6E71007E00094C000C696E766F6B6554617267657471007E00094C00086A6F6247726F757071007E00094C00056A6F6249647400104C6A6176612F6C616E672F4C6F6E673B4C00076A6F624E616D6571007E00094C000D6D697366697265506F6C69637971007E00094C000673746174757371007E00097872003571717A73682E746F702E7072657061726174696F6E2E6672616D65776F726B2E7765622E646F6D61696E2E42617365456E7469747900000000000000010200074C0008637265617465427971007E00094C000A63726561746554696D657400104C6A6176612F7574696C2F446174653B4C0006706172616D7371007E00034C000672656D61726B71007E00094C000B73656172636856616C756571007E00094C0008757064617465427971007E00094C000A75706461746554696D6571007E000C787074000561646D696E7372000E6A6176612E7574696C2E44617465686A81014B59741903000078707708000001622CDE29E078707400007070707400013174000E302F3230202A202A202A202A203F74003872795461736B2E72794D756C7469706C65506172616D7328277279272C20747275652C20323030304C2C203331362E3530442C203130302974000744454641554C547372000E6A6176612E6C616E672E4C6F6E673B8BE490CC8F23DF0200014A000576616C7565787200106A6176612E6C616E672E4E756D62657286AC951D0B94E08B02000078700000000000000003740018E7B3BBE7BB9FE9BB98E8AEA4EFBC88E5A49AE58F82EFBC8974000133740001317800);
INSERT INTO `qrtz_job_details` VALUES ('RuoyiScheduler', 'TASK_CLASS_NAME1', 'DEFAULT', NULL, 'qqzsh.top.preparation.project.monitor.job.util.QuartzDisallowConcurrentExecution', '0', '1', '0', '0', 0xACED0005737200156F72672E71756172747A2E4A6F62446174614D61709FB083E8BFA9B0CB020000787200266F72672E71756172747A2E7574696C732E537472696E674B65794469727479466C61674D61708208E8C3FBC55D280200015A0013616C6C6F77735472616E7369656E74446174617872001D6F72672E71756172747A2E7574696C732E4469727479466C61674D617013E62EAD28760ACE0200025A000564697274794C00036D617074000F4C6A6176612F7574696C2F4D61703B787001737200116A6176612E7574696C2E486173684D61700507DAC1C31660D103000246000A6C6F6164466163746F724900097468726573686F6C6478703F4000000000000C7708000000100000000174000F5441534B5F50524F504552544945537372003471717A73682E746F702E7072657061726174696F6E2E70726F6A6563742E6D6F6E69746F722E6A6F622E646F6D61696E2E4A6F6200000000000000010200084C000A636F6E63757272656E747400124C6A6176612F6C616E672F537472696E673B4C000E63726F6E45787072657373696F6E71007E00094C000C696E766F6B6554617267657471007E00094C00086A6F6247726F757071007E00094C00056A6F6249647400104C6A6176612F6C616E672F4C6F6E673B4C00076A6F624E616D6571007E00094C000D6D697366697265506F6C69637971007E00094C000673746174757371007E00097872003571717A73682E746F702E7072657061726174696F6E2E6672616D65776F726B2E7765622E646F6D61696E2E42617365456E7469747900000000000000010200074C0008637265617465427971007E00094C000A63726561746554696D657400104C6A6176612F7574696C2F446174653B4C0006706172616D7371007E00034C000672656D61726B71007E00094C000B73656172636856616C756571007E00094C0008757064617465427971007E00094C000A75706461746554696D6571007E000C787074000561646D696E7372000E6A6176612E7574696C2E44617465686A81014B59741903000078707708000001622CDE29E078707400007070707400013174000E302F3130202A202A202A202A203F74001172795461736B2E72794E6F506172616D7374000744454641554C547372000E6A6176612E6C616E672E4C6F6E673B8BE490CC8F23DF0200014A000576616C7565787200106A6176612E6C616E672E4E756D62657286AC951D0B94E08B02000078700000000000000001740018E7B3BBE7BB9FE9BB98E8AEA4EFBC88E697A0E58F82EFBC8974000133740001317800);
INSERT INTO `qrtz_job_details` VALUES ('RuoyiScheduler', 'TASK_CLASS_NAME100', 'DEFAULT', NULL, 'qqzsh.top.preparation.project.monitor.job.util.QuartzDisallowConcurrentExecution', '0', '1', '0', '0', 0xACED0005737200156F72672E71756172747A2E4A6F62446174614D61709FB083E8BFA9B0CB020000787200266F72672E71756172747A2E7574696C732E537472696E674B65794469727479466C61674D61708208E8C3FBC55D280200015A0013616C6C6F77735472616E7369656E74446174617872001D6F72672E71756172747A2E7574696C732E4469727479466C61674D617013E62EAD28760ACE0200025A000564697274794C00036D617074000F4C6A6176612F7574696C2F4D61703B787001737200116A6176612E7574696C2E486173684D61700507DAC1C31660D103000246000A6C6F6164466163746F724900097468726573686F6C6478703F4000000000000C7708000000100000000174000F5441534B5F50524F504552544945537372003471717A73682E746F702E7072657061726174696F6E2E70726F6A6563742E6D6F6E69746F722E6A6F622E646F6D61696E2E4A6F6200000000000000010200084C000A636F6E63757272656E747400124C6A6176612F6C616E672F537472696E673B4C000E63726F6E45787072657373696F6E71007E00094C000C696E766F6B6554617267657471007E00094C00086A6F6247726F757071007E00094C00056A6F6249647400104C6A6176612F6C616E672F4C6F6E673B4C00076A6F624E616D6571007E00094C000D6D697366697265506F6C69637971007E00094C000673746174757371007E00097872003571717A73682E746F702E7072657061726174696F6E2E6672616D65776F726B2E7765622E646F6D61696E2E42617365456E7469747900000000000000010200074C0008637265617465427971007E00094C000A63726561746554696D657400104C6A6176612F7574696C2F446174653B4C0006706172616D7371007E00034C000672656D61726B71007E00094C000B73656172636856616C756571007E00094C0008757064617465427971007E00094C000A75706461746554696D6571007E000C78707400007372000E6A6176612E7574696C2E44617465686A81014B597419030000787077080000016F70A8046878707400007070707400013174000B3020302030202A202A203F74001752656D6F76655369676E2E72794E6F506172616D73282974000744454641554C547372000E6A6176612E6C616E672E4C6F6E673B8BE490CC8F23DF0200014A000576616C7565787200106A6176612E6C616E672E4E756D62657286AC951D0B94E08B02000078700000000000000064740018E6B885E999A4E4BB8AE697A5E7ADBEE588B0E4BFA1E681AF74000131740001307800);
INSERT INTO `qrtz_job_details` VALUES ('RuoyiScheduler', 'TASK_CLASS_NAME2', 'DEFAULT', NULL, 'qqzsh.top.preparation.project.monitor.job.util.QuartzDisallowConcurrentExecution', '0', '1', '0', '0', 0xACED0005737200156F72672E71756172747A2E4A6F62446174614D61709FB083E8BFA9B0CB020000787200266F72672E71756172747A2E7574696C732E537472696E674B65794469727479466C61674D61708208E8C3FBC55D280200015A0013616C6C6F77735472616E7369656E74446174617872001D6F72672E71756172747A2E7574696C732E4469727479466C61674D617013E62EAD28760ACE0200025A000564697274794C00036D617074000F4C6A6176612F7574696C2F4D61703B787001737200116A6176612E7574696C2E486173684D61700507DAC1C31660D103000246000A6C6F6164466163746F724900097468726573686F6C6478703F4000000000000C7708000000100000000174000F5441534B5F50524F504552544945537372003471717A73682E746F702E7072657061726174696F6E2E70726F6A6563742E6D6F6E69746F722E6A6F622E646F6D61696E2E4A6F6200000000000000010200084C000A636F6E63757272656E747400124C6A6176612F6C616E672F537472696E673B4C000E63726F6E45787072657373696F6E71007E00094C000C696E766F6B6554617267657471007E00094C00086A6F6247726F757071007E00094C00056A6F6249647400104C6A6176612F6C616E672F4C6F6E673B4C00076A6F624E616D6571007E00094C000D6D697366697265506F6C69637971007E00094C000673746174757371007E00097872003571717A73682E746F702E7072657061726174696F6E2E6672616D65776F726B2E7765622E646F6D61696E2E42617365456E7469747900000000000000010200074C0008637265617465427971007E00094C000A63726561746554696D657400104C6A6176612F7574696C2F446174653B4C0006706172616D7371007E00034C000672656D61726B71007E00094C000B73656172636856616C756571007E00094C0008757064617465427971007E00094C000A75706461746554696D6571007E000C787074000561646D696E7372000E6A6176612E7574696C2E44617465686A81014B59741903000078707708000001622CDE29E078707400007070707400013174000E302F3135202A202A202A202A203F74001572795461736B2E7279506172616D7328277279272974000744454641554C547372000E6A6176612E6C616E672E4C6F6E673B8BE490CC8F23DF0200014A000576616C7565787200106A6176612E6C616E672E4E756D62657286AC951D0B94E08B02000078700000000000000002740018E7B3BBE7BB9FE9BB98E8AEA4EFBC88E69C89E58F82EFBC8974000133740001317800);
INSERT INTO `qrtz_job_details` VALUES ('RuoyiScheduler', 'TASK_CLASS_NAME3', 'DEFAULT', NULL, 'qqzsh.top.preparation.project.monitor.job.util.QuartzDisallowConcurrentExecution', '0', '1', '0', '0', 0xACED0005737200156F72672E71756172747A2E4A6F62446174614D61709FB083E8BFA9B0CB020000787200266F72672E71756172747A2E7574696C732E537472696E674B65794469727479466C61674D61708208E8C3FBC55D280200015A0013616C6C6F77735472616E7369656E74446174617872001D6F72672E71756172747A2E7574696C732E4469727479466C61674D617013E62EAD28760ACE0200025A000564697274794C00036D617074000F4C6A6176612F7574696C2F4D61703B787001737200116A6176612E7574696C2E486173684D61700507DAC1C31660D103000246000A6C6F6164466163746F724900097468726573686F6C6478703F4000000000000C7708000000100000000174000F5441534B5F50524F504552544945537372003471717A73682E746F702E7072657061726174696F6E2E70726F6A6563742E6D6F6E69746F722E6A6F622E646F6D61696E2E4A6F6200000000000000010200084C000A636F6E63757272656E747400124C6A6176612F6C616E672F537472696E673B4C000E63726F6E45787072657373696F6E71007E00094C000C696E766F6B6554617267657471007E00094C00086A6F6247726F757071007E00094C00056A6F6249647400104C6A6176612F6C616E672F4C6F6E673B4C00076A6F624E616D6571007E00094C000D6D697366697265506F6C69637971007E00094C000673746174757371007E00097872003571717A73682E746F702E7072657061726174696F6E2E6672616D65776F726B2E7765622E646F6D61696E2E42617365456E7469747900000000000000010200074C0008637265617465427971007E00094C000A63726561746554696D657400104C6A6176612F7574696C2F446174653B4C0006706172616D7371007E00034C000672656D61726B71007E00094C000B73656172636856616C756571007E00094C0008757064617465427971007E00094C000A75706461746554696D6571007E000C787074000561646D696E7372000E6A6176612E7574696C2E44617465686A81014B59741903000078707708000001622CDE29E078707400007070707400013174000E302F3230202A202A202A202A203F74003872795461736B2E72794D756C7469706C65506172616D7328277279272C20747275652C20323030304C2C203331362E3530442C203130302974000744454641554C547372000E6A6176612E6C616E672E4C6F6E673B8BE490CC8F23DF0200014A000576616C7565787200106A6176612E6C616E672E4E756D62657286AC951D0B94E08B02000078700000000000000003740018E7B3BBE7BB9FE9BB98E8AEA4EFBC88E5A49AE58F82EFBC8974000133740001317800);

-- ----------------------------
-- Table structure for qrtz_locks
-- ----------------------------
DROP TABLE IF EXISTS `qrtz_locks`;
CREATE TABLE `qrtz_locks`  (
  `sched_name` varchar(120) CHARACTER SET utf8 COLLATE utf8_general_ci NOT NULL,
  `lock_name` varchar(40) CHARACTER SET utf8 COLLATE utf8_general_ci NOT NULL,
  PRIMARY KEY (`sched_name`, `lock_name`) USING BTREE
) ENGINE = InnoDB CHARACTER SET = utf8 COLLATE = utf8_general_ci ROW_FORMAT = Dynamic;

-- ----------------------------
-- Records of qrtz_locks
-- ----------------------------
INSERT INTO `qrtz_locks` VALUES ('preparationScheduler', 'STATE_ACCESS');
INSERT INTO `qrtz_locks` VALUES ('preparationScheduler', 'TRIGGER_ACCESS');
INSERT INTO `qrtz_locks` VALUES ('RuoyiScheduler', 'STATE_ACCESS');
INSERT INTO `qrtz_locks` VALUES ('RuoyiScheduler', 'TRIGGER_ACCESS');

-- ----------------------------
-- Table structure for qrtz_paused_trigger_grps
-- ----------------------------
DROP TABLE IF EXISTS `qrtz_paused_trigger_grps`;
CREATE TABLE `qrtz_paused_trigger_grps`  (
  `sched_name` varchar(120) CHARACTER SET utf8 COLLATE utf8_general_ci NOT NULL,
  `trigger_group` varchar(200) CHARACTER SET utf8 COLLATE utf8_general_ci NOT NULL,
  PRIMARY KEY (`sched_name`, `trigger_group`) USING BTREE
) ENGINE = InnoDB CHARACTER SET = utf8 COLLATE = utf8_general_ci ROW_FORMAT = Dynamic;

-- ----------------------------
-- Table structure for qrtz_scheduler_state
-- ----------------------------
DROP TABLE IF EXISTS `qrtz_scheduler_state`;
CREATE TABLE `qrtz_scheduler_state`  (
  `sched_name` varchar(120) CHARACTER SET utf8 COLLATE utf8_general_ci NOT NULL,
  `instance_name` varchar(200) CHARACTER SET utf8 COLLATE utf8_general_ci NOT NULL,
  `last_checkin_time` bigint(13) NOT NULL,
  `checkin_interval` bigint(13) NOT NULL,
  PRIMARY KEY (`sched_name`, `instance_name`) USING BTREE
) ENGINE = InnoDB CHARACTER SET = utf8 COLLATE = utf8_general_ci ROW_FORMAT = Dynamic;

-- ----------------------------
-- Records of qrtz_scheduler_state
-- ----------------------------
INSERT INTO `qrtz_scheduler_state` VALUES ('preparationScheduler', 'DESKTOP-POM0JB01578190719634', 1578192103282, 15000);
INSERT INTO `qrtz_scheduler_state` VALUES ('RuoyiScheduler', 'DESKTOP-POM0JB01578146789372', 1578146837742, 15000);

-- ----------------------------
-- Table structure for qrtz_simple_triggers
-- ----------------------------
DROP TABLE IF EXISTS `qrtz_simple_triggers`;
CREATE TABLE `qrtz_simple_triggers`  (
  `sched_name` varchar(120) CHARACTER SET utf8 COLLATE utf8_general_ci NOT NULL,
  `trigger_name` varchar(200) CHARACTER SET utf8 COLLATE utf8_general_ci NOT NULL,
  `trigger_group` varchar(200) CHARACTER SET utf8 COLLATE utf8_general_ci NOT NULL,
  `repeat_count` bigint(7) NOT NULL,
  `repeat_interval` bigint(12) NOT NULL,
  `times_triggered` bigint(10) NOT NULL,
  PRIMARY KEY (`sched_name`, `trigger_name`, `trigger_group`) USING BTREE,
  CONSTRAINT `qrtz_simple_triggers_ibfk_1` FOREIGN KEY (`sched_name`, `trigger_name`, `trigger_group`) REFERENCES `qrtz_triggers` (`sched_name`, `trigger_name`, `trigger_group`) ON DELETE RESTRICT ON UPDATE RESTRICT
) ENGINE = InnoDB CHARACTER SET = utf8 COLLATE = utf8_general_ci ROW_FORMAT = Dynamic;

-- ----------------------------
-- Table structure for qrtz_simprop_triggers
-- ----------------------------
DROP TABLE IF EXISTS `qrtz_simprop_triggers`;
CREATE TABLE `qrtz_simprop_triggers`  (
  `sched_name` varchar(120) CHARACTER SET utf8 COLLATE utf8_general_ci NOT NULL,
  `trigger_name` varchar(200) CHARACTER SET utf8 COLLATE utf8_general_ci NOT NULL,
  `trigger_group` varchar(200) CHARACTER SET utf8 COLLATE utf8_general_ci NOT NULL,
  `str_prop_1` varchar(512) CHARACTER SET utf8 COLLATE utf8_general_ci NULL DEFAULT NULL,
  `str_prop_2` varchar(512) CHARACTER SET utf8 COLLATE utf8_general_ci NULL DEFAULT NULL,
  `str_prop_3` varchar(512) CHARACTER SET utf8 COLLATE utf8_general_ci NULL DEFAULT NULL,
  `int_prop_1` int(11) NULL DEFAULT NULL,
  `int_prop_2` int(11) NULL DEFAULT NULL,
  `long_prop_1` bigint(20) NULL DEFAULT NULL,
  `long_prop_2` bigint(20) NULL DEFAULT NULL,
  `dec_prop_1` decimal(13, 4) NULL DEFAULT NULL,
  `dec_prop_2` decimal(13, 4) NULL DEFAULT NULL,
  `bool_prop_1` varchar(1) CHARACTER SET utf8 COLLATE utf8_general_ci NULL DEFAULT NULL,
  `bool_prop_2` varchar(1) CHARACTER SET utf8 COLLATE utf8_general_ci NULL DEFAULT NULL,
  PRIMARY KEY (`sched_name`, `trigger_name`, `trigger_group`) USING BTREE,
  CONSTRAINT `qrtz_simprop_triggers_ibfk_1` FOREIGN KEY (`sched_name`, `trigger_name`, `trigger_group`) REFERENCES `qrtz_triggers` (`sched_name`, `trigger_name`, `trigger_group`) ON DELETE RESTRICT ON UPDATE RESTRICT
) ENGINE = InnoDB CHARACTER SET = utf8 COLLATE = utf8_general_ci ROW_FORMAT = Dynamic;

-- ----------------------------
-- Table structure for qrtz_triggers
-- ----------------------------
DROP TABLE IF EXISTS `qrtz_triggers`;
CREATE TABLE `qrtz_triggers`  (
  `sched_name` varchar(120) CHARACTER SET utf8 COLLATE utf8_general_ci NOT NULL,
  `trigger_name` varchar(200) CHARACTER SET utf8 COLLATE utf8_general_ci NOT NULL,
  `trigger_group` varchar(200) CHARACTER SET utf8 COLLATE utf8_general_ci NOT NULL,
  `job_name` varchar(200) CHARACTER SET utf8 COLLATE utf8_general_ci NOT NULL,
  `job_group` varchar(200) CHARACTER SET utf8 COLLATE utf8_general_ci NOT NULL,
  `description` varchar(250) CHARACTER SET utf8 COLLATE utf8_general_ci NULL DEFAULT NULL,
  `next_fire_time` bigint(13) NULL DEFAULT NULL,
  `prev_fire_time` bigint(13) NULL DEFAULT NULL,
  `priority` int(11) NULL DEFAULT NULL,
  `trigger_state` varchar(16) CHARACTER SET utf8 COLLATE utf8_general_ci NOT NULL,
  `trigger_type` varchar(8) CHARACTER SET utf8 COLLATE utf8_general_ci NOT NULL,
  `start_time` bigint(13) NOT NULL,
  `end_time` bigint(13) NULL DEFAULT NULL,
  `calendar_name` varchar(200) CHARACTER SET utf8 COLLATE utf8_general_ci NULL DEFAULT NULL,
  `misfire_instr` smallint(2) NULL DEFAULT NULL,
  `job_data` blob NULL,
  PRIMARY KEY (`sched_name`, `trigger_name`, `trigger_group`) USING BTREE,
  INDEX `sched_name`(`sched_name`, `job_name`, `job_group`) USING BTREE,
  CONSTRAINT `qrtz_triggers_ibfk_1` FOREIGN KEY (`sched_name`, `job_name`, `job_group`) REFERENCES `qrtz_job_details` (`sched_name`, `job_name`, `job_group`) ON DELETE RESTRICT ON UPDATE RESTRICT
) ENGINE = InnoDB CHARACTER SET = utf8 COLLATE = utf8_general_ci ROW_FORMAT = Dynamic;

-- ----------------------------
-- Records of qrtz_triggers
-- ----------------------------
INSERT INTO `qrtz_triggers` VALUES ('preparationScheduler', 'TASK_CLASS_NAME1', 'DEFAULT', 'TASK_CLASS_NAME1', 'DEFAULT', NULL, 1578191370000, -1, 5, 'PAUSED', 'CRON', 1578191364000, 0, NULL, 2, '');
INSERT INTO `qrtz_triggers` VALUES ('preparationScheduler', 'TASK_CLASS_NAME100', 'DEFAULT', 'TASK_CLASS_NAME100', 'DEFAULT', NULL, 1578240000000, -1, 5, 'WAITING', 'CRON', 1578191364000, 0, NULL, -1, '');
INSERT INTO `qrtz_triggers` VALUES ('preparationScheduler', 'TASK_CLASS_NAME2', 'DEFAULT', 'TASK_CLASS_NAME2', 'DEFAULT', NULL, 1578191370000, -1, 5, 'PAUSED', 'CRON', 1578191364000, 0, NULL, 2, '');
INSERT INTO `qrtz_triggers` VALUES ('preparationScheduler', 'TASK_CLASS_NAME3', 'DEFAULT', 'TASK_CLASS_NAME3', 'DEFAULT', NULL, 1578191380000, -1, 5, 'PAUSED', 'CRON', 1578191364000, 0, NULL, 2, '');
INSERT INTO `qrtz_triggers` VALUES ('RuoyiScheduler', 'TASK_CLASS_NAME1', 'DEFAULT', 'TASK_CLASS_NAME1', 'DEFAULT', NULL, 1578146790000, -1, 5, 'PAUSED', 'CRON', 1578146789000, 0, NULL, 2, '');
INSERT INTO `qrtz_triggers` VALUES ('RuoyiScheduler', 'TASK_CLASS_NAME100', 'DEFAULT', 'TASK_CLASS_NAME100', 'DEFAULT', NULL, 1578153600000, -1, 5, 'WAITING', 'CRON', 1578146789000, 0, NULL, -1, '');
INSERT INTO `qrtz_triggers` VALUES ('RuoyiScheduler', 'TASK_CLASS_NAME2', 'DEFAULT', 'TASK_CLASS_NAME2', 'DEFAULT', NULL, 1578146790000, -1, 5, 'PAUSED', 'CRON', 1578146789000, 0, NULL, 2, '');
INSERT INTO `qrtz_triggers` VALUES ('RuoyiScheduler', 'TASK_CLASS_NAME3', 'DEFAULT', 'TASK_CLASS_NAME3', 'DEFAULT', NULL, 1578146800000, -1, 5, 'PAUSED', 'CRON', 1578146789000, 0, NULL, 2, '');

-- ----------------------------
-- Table structure for sys_arc_type
-- ----------------------------
DROP TABLE IF EXISTS `sys_arc_type`;
CREATE TABLE `sys_arc_type`  (
  `src_type_id` bigint(20) NOT NULL AUTO_INCREMENT COMMENT '资源类别主键ID',
  `src_type_name` varchar(100) CHARACTER SET utf8 COLLATE utf8_general_ci NULL DEFAULT NULL COMMENT '资源类别名称',
  `src_type_remark` varchar(1000) CHARACTER SET utf8 COLLATE utf8_general_ci NULL DEFAULT NULL COMMENT '资源类别备注',
  `src_type_sort` int(11) NULL DEFAULT NULL COMMENT '资源类别排序',
  PRIMARY KEY (`src_type_id`) USING BTREE
) ENGINE = InnoDB AUTO_INCREMENT = 51 CHARACTER SET = utf8 COLLATE = utf8_general_ci COMMENT = '资源类别' ROW_FORMAT = Dynamic;

-- ----------------------------
-- Records of sys_arc_type
-- ----------------------------
INSERT INTO `sys_arc_type` VALUES (1, '哲学', '高校学科分类', 1);
INSERT INTO `sys_arc_type` VALUES (2, '经济学', '高校学科分类', 2);
INSERT INTO `sys_arc_type` VALUES (3, '法学', '高校学科分类', 3);
INSERT INTO `sys_arc_type` VALUES (4, '教育学', '高校学科分类', 4);
INSERT INTO `sys_arc_type` VALUES (5, '文学', '高校学科分类', 5);
INSERT INTO `sys_arc_type` VALUES (6, '历史学', '高校学科分类', 6);
INSERT INTO `sys_arc_type` VALUES (7, '理学', '高校学科分类', 7);
INSERT INTO `sys_arc_type` VALUES (8, '工学', '高校学科分类', 8);
INSERT INTO `sys_arc_type` VALUES (9, '农学', '高校学科分类', 9);
INSERT INTO `sys_arc_type` VALUES (10, '医学', '高校学科分类', 10);
INSERT INTO `sys_arc_type` VALUES (11, '军事学', '高校学科分类', 11);
INSERT INTO `sys_arc_type` VALUES (12, '管理学', '高校学科分类', 12);
INSERT INTO `sys_arc_type` VALUES (13, '艺术学', '高校学科分类', 13);
INSERT INTO `sys_arc_type` VALUES (14, '其他', '高校学科分类', 14);

-- ----------------------------
-- Table structure for sys_article
-- ----------------------------
DROP TABLE IF EXISTS `sys_article`;
CREATE TABLE `sys_article`  (
  `article_id` bigint(20) NOT NULL AUTO_INCREMENT COMMENT '资源ID',
  `article_check_date` datetime(0) NULL DEFAULT NULL COMMENT '审核时间',
  `article_content` longtext CHARACTER SET utf8 COLLATE utf8_general_ci NULL COMMENT '内容',
  `article_download1` varchar(200) CHARACTER SET utf8 COLLATE utf8_general_ci NULL DEFAULT NULL COMMENT '下载地址',
  `article_is_hot` bit(1) NULL DEFAULT NULL COMMENT '是否是热门资源',
  `article_name` varchar(200) CHARACTER SET utf8 COLLATE utf8_general_ci NULL DEFAULT NULL COMMENT '名称',
  `article_password1` varchar(10) CHARACTER SET utf8 COLLATE utf8_general_ci NULL DEFAULT NULL COMMENT '密码',
  `article_points` int(11) NULL DEFAULT NULL COMMENT '积分数',
  `article_publish_date` datetime(0) NULL DEFAULT NULL COMMENT '发布时间',
  `article_reason` varchar(255) CHARACTER SET utf8 COLLATE utf8_general_ci NULL DEFAULT NULL COMMENT '拒绝原因',
  `article_state` int(11) NULL DEFAULT NULL COMMENT '状态',
  `article_view` int(11) NULL DEFAULT NULL COMMENT '查看次数',
  `article_type_id` bigint(20) NULL DEFAULT NULL COMMENT '资源所属类别ID',
  `article_user_id` bigint(20) NULL DEFAULT NULL COMMENT '资源所属用户ID',
  PRIMARY KEY (`article_id`) USING BTREE
) ENGINE = InnoDB AUTO_INCREMENT = 35 CHARACTER SET = utf8mb4 COLLATE = utf8mb4_0900_ai_ci COMMENT = '资源' ROW_FORMAT = Dynamic;

-- ----------------------------
-- Records of sys_article
-- ----------------------------
INSERT INTO `sys_article` VALUES (2, '2020-01-03 11:49:23', '<p>11111</p>', '1', b'1', '第一次1', NULL, 0, '2019-12-19 00:00:00', NULL, 0, 1, 3, 107);
INSERT INTO `sys_article` VALUES (4, '2019-12-31 09:53:15', '<p>11111</p>', '1', b'1', '第一次4', NULL, 0, '2019-12-30 00:00:00', NULL, 1, 4, 3, 1);
INSERT INTO `sys_article` VALUES (5, '2019-12-31 09:53:17', '<p>11111</p>', '1', b'1', '第一次5', NULL, 0, '2019-12-30 00:00:00', NULL, 1, NULL, 3, 1);
INSERT INTO `sys_article` VALUES (6, '2019-12-31 09:53:19', '<p>11111</p>', '1', b'1', '第一次6', NULL, 0, '2019-12-30 00:00:00', NULL, 1, NULL, 3, 1);
INSERT INTO `sys_article` VALUES (7, '2019-12-31 09:53:21', '<p>11111</p>', '1', b'1', '第一次7', NULL, 0, '2019-12-30 00:00:00', NULL, 1, NULL, 3, 1);
INSERT INTO `sys_article` VALUES (8, '2019-12-31 09:53:23', '<p>11111</p>', '1', b'1', '第一次8', NULL, 0, '2019-12-30 00:00:00', NULL, 1, NULL, 3, 1);
INSERT INTO `sys_article` VALUES (9, '2019-12-31 09:53:24', '<p>11111</p>', '1', b'1', '第一次9', NULL, 0, '2019-12-30 00:00:00', NULL, 1, NULL, 3, 1);
INSERT INTO `sys_article` VALUES (10, '2019-12-31 09:53:26', '<p>11111</p>', '1', b'1', '第一次10', NULL, 0, '2019-12-30 00:00:00', NULL, 1, NULL, 2, 1);
INSERT INTO `sys_article` VALUES (11, '2019-12-30 20:21:20', '<p>11111</p>', '1', b'0', '第一次11', NULL, 0, '2019-12-30 00:00:00', NULL, 1, NULL, 2, 1);
INSERT INTO `sys_article` VALUES (12, '2019-12-30 20:21:20', '<p>11111</p>', '1', b'0', '第一次12', NULL, 0, '2019-12-30 00:00:00', NULL, 1, NULL, 2, 1);
INSERT INTO `sys_article` VALUES (13, '2019-12-30 20:21:20', '<p>11111</p>', '1', b'0', '第一次13', NULL, 0, '2019-12-30 00:00:00', NULL, 1, NULL, 6, 1);
INSERT INTO `sys_article` VALUES (14, '2019-12-30 20:21:20', '<p>11111</p>', '1', b'0', '第一次14', NULL, 0, '2019-12-30 00:00:00', NULL, 1, NULL, 3, 1);
INSERT INTO `sys_article` VALUES (15, '2019-12-30 20:21:20', '<p>11111</p>', '1', b'0', '第一次15', NULL, 0, '2019-12-30 00:00:00', NULL, 1, NULL, 5, 1);
INSERT INTO `sys_article` VALUES (16, '2019-12-30 20:21:20', '<p>11111</p>', '1', b'0', '第一次16', NULL, 0, '2019-12-30 00:00:00', NULL, 1, NULL, 5, 1);
INSERT INTO `sys_article` VALUES (17, '2019-12-30 20:21:20', '<p>11111</p>', '1', b'0', '第一次17', NULL, 0, '2019-12-30 00:00:00', NULL, 1, NULL, 3, 1);
INSERT INTO `sys_article` VALUES (18, '2019-12-30 20:21:20', '<p>11111</p>', '1', b'0', '第一次18', NULL, 0, '2019-12-30 00:00:00', NULL, 1, NULL, 3, 1);
INSERT INTO `sys_article` VALUES (19, '2019-12-30 20:21:20', '<p>11111</p>', '1', b'0', '第一次19', NULL, 0, '2019-12-30 00:00:00', NULL, 1, NULL, 3, 1);
INSERT INTO `sys_article` VALUES (20, '2019-12-30 20:21:20', '<p>11111</p>', '1', b'0', '第一次20', NULL, 0, '2019-12-30 00:00:00', NULL, 1, NULL, 3, 1);
INSERT INTO `sys_article` VALUES (21, '2019-12-30 20:21:20', '<p>11111</p>', '1', b'0', '第一次21', NULL, 0, '2019-12-30 00:00:00', NULL, 1, NULL, 3, 1);
INSERT INTO `sys_article` VALUES (22, '2019-12-30 20:21:20', '<p>11111</p>', '1', b'0', '第一次22', NULL, 0, '2019-12-30 00:00:00', NULL, 1, NULL, 3, 1);
INSERT INTO `sys_article` VALUES (23, '2019-12-30 20:21:20', '<p>11111</p>', '1', b'0', '第一次23', NULL, 0, '2019-12-30 00:00:00', NULL, 1, NULL, 3, 1);
INSERT INTO `sys_article` VALUES (24, '2019-12-30 20:21:20', '<p>11111</p>', '1', b'0', '第一次24', NULL, 0, '2019-12-30 00:00:00', NULL, 1, NULL, 3, 1);
INSERT INTO `sys_article` VALUES (25, '2019-12-30 20:21:20', '<p>11111</p>', '1', b'0', '第一次25', NULL, 0, '2019-12-30 00:00:00', NULL, 1, NULL, 3, 1);
INSERT INTO `sys_article` VALUES (26, '2019-12-30 20:21:20', '<p>11111</p>', '1', b'0', '第一次26', NULL, 0, '2019-12-30 00:00:00', NULL, 1, NULL, 3, 1);
INSERT INTO `sys_article` VALUES (27, '2019-12-30 20:21:20', '<p>11111</p>', '1', b'0', '第一次27', NULL, 0, '2019-12-30 00:00:00', NULL, 1, NULL, 3, 1);
INSERT INTO `sys_article` VALUES (28, '2019-12-30 20:21:20', '<p>11111</p>', '1', b'0', '第一次28', NULL, 0, '2019-12-30 00:00:00', NULL, 1, NULL, 3, 1);
INSERT INTO `sys_article` VALUES (29, '2019-12-30 20:21:20', '<p>11111</p>', '1', b'0', '第一次29', NULL, 0, '2019-12-30 00:00:00', NULL, 1, NULL, 3, 1);
INSERT INTO `sys_article` VALUES (30, '2019-12-30 20:21:20', '<p>11111</p>', '1', b'0', '第一次30', NULL, 0, '2019-12-30 00:00:00', NULL, 1, NULL, 3, 1);
INSERT INTO `sys_article` VALUES (31, '2019-12-30 20:21:20', '<p>11111</p>', '1', b'0', '第一次31', NULL, 0, '2019-12-30 00:00:00', NULL, 1, NULL, 3, 1);
INSERT INTO `sys_article` VALUES (32, '2019-12-30 20:21:20', '<p>11111</p>', '1', b'0', '第一次32', NULL, 0, '2019-12-30 00:00:00', NULL, 1, NULL, 3, 1);
INSERT INTO `sys_article` VALUES (34, '2020-01-03 11:57:59', '<p>请多指教！</p><p><img style=\"width: 455px;\" src=\"http://qqzsh.top/profile/upload/2020/01/03/da601aeaa52568ebe666641340415b84.jpg\" data-filename=\"/profile/upload/2020/01/03/da601aeaa52568ebe666641340415b84.jpg\"><br></p>', 'https://www.baidu.com', b'0', '首次发帖', '无', 1, '2020-01-03 11:57:28', NULL, 1, 8, 2, 107);

-- ----------------------------
-- Table structure for sys_comment
-- ----------------------------
DROP TABLE IF EXISTS `sys_comment`;
CREATE TABLE `sys_comment`  (
  `comment_id` bigint(20) NOT NULL AUTO_INCREMENT COMMENT '评论ID',
  `comment_date` datetime(0) NULL DEFAULT NULL COMMENT '评论时间',
  `comment_content` varchar(1000) CHARACTER SET utf8mb4 COLLATE utf8mb4_general_ci NULL DEFAULT NULL COMMENT '内容',
  `comment_state` int(11) NULL DEFAULT NULL COMMENT '状态',
  `comment_article_id` bigint(20) NULL DEFAULT NULL COMMENT '资源ID',
  `comment_user_id` bigint(20) NULL DEFAULT NULL COMMENT '评论人ID',
  PRIMARY KEY (`comment_id`) USING BTREE,
  INDEX `FKlsvvc2ob8lxg2m9qqry15ru0y`(`comment_article_id`) USING BTREE,
  INDEX `FKtamaoacctq4qpko6bvtv0ke1p`(`comment_user_id`) USING BTREE
) ENGINE = InnoDB AUTO_INCREMENT = 46 CHARACTER SET = utf8mb4 COLLATE = utf8mb4_general_ci COMMENT = '评论' ROW_FORMAT = Dynamic;

-- ----------------------------
-- Records of sys_comment
-- ----------------------------
INSERT INTO `sys_comment` VALUES (34, '2020-01-02 14:18:21', '你好', 1, 34, 107);
INSERT INTO `sys_comment` VALUES (35, '2020-01-03 14:18:24', '1', 1, 34, 107);
INSERT INTO `sys_comment` VALUES (36, '2020-01-03 14:18:26', '2', 1, 34, 107);
INSERT INTO `sys_comment` VALUES (37, '2020-01-03 14:18:27', '3', 1, 34, 107);
INSERT INTO `sys_comment` VALUES (38, '2020-01-03 14:18:29', '4', 1, 34, 107);
INSERT INTO `sys_comment` VALUES (39, '2020-01-03 14:18:30', '5', 1, 34, 107);
INSERT INTO `sys_comment` VALUES (40, '2020-01-03 14:18:31', '6', 1, 34, 107);
INSERT INTO `sys_comment` VALUES (41, '2020-01-03 14:18:33', '7', 1, 34, 107);
INSERT INTO `sys_comment` VALUES (42, '2020-01-03 14:18:34', '8', 1, 34, 107);
INSERT INTO `sys_comment` VALUES (43, '2020-01-03 14:18:36', '9', 1, 34, 107);
INSERT INTO `sys_comment` VALUES (44, '2020-01-03 14:18:40', '10', 1, 34, 107);
INSERT INTO `sys_comment` VALUES (45, '2020-01-03 15:45:38', '1234', 0, 4, 107);

-- ----------------------------
-- Table structure for sys_config
-- ----------------------------
DROP TABLE IF EXISTS `sys_config`;
CREATE TABLE `sys_config`  (
  `config_id` int(5) NOT NULL AUTO_INCREMENT COMMENT '参数主键',
  `config_name` varchar(100) CHARACTER SET utf8mb4 COLLATE utf8mb4_0900_ai_ci NULL DEFAULT '' COMMENT '参数名称',
  `config_key` varchar(100) CHARACTER SET utf8mb4 COLLATE utf8mb4_0900_ai_ci NULL DEFAULT '' COMMENT '参数键名',
  `config_value` longtext CHARACTER SET utf8mb4 COLLATE utf8mb4_0900_ai_ci NULL COMMENT '参数键值',
  `config_type` char(1) CHARACTER SET utf8mb4 COLLATE utf8mb4_0900_ai_ci NULL DEFAULT 'N' COMMENT '系统内置（Y是 N否）',
  `create_by` varchar(64) CHARACTER SET utf8mb4 COLLATE utf8mb4_0900_ai_ci NULL DEFAULT '' COMMENT '创建者',
  `create_time` datetime(0) NULL DEFAULT NULL COMMENT '创建时间',
  `update_by` varchar(64) CHARACTER SET utf8mb4 COLLATE utf8mb4_0900_ai_ci NULL DEFAULT '' COMMENT '更新者',
  `update_time` datetime(0) NULL DEFAULT NULL COMMENT '更新时间',
  `remark` varchar(500) CHARACTER SET utf8mb4 COLLATE utf8mb4_0900_ai_ci NULL DEFAULT NULL COMMENT '备注',
  PRIMARY KEY (`config_id`) USING BTREE
) ENGINE = InnoDB AUTO_INCREMENT = 105 CHARACTER SET = utf8mb4 COLLATE = utf8mb4_0900_ai_ci COMMENT = '参数配置表' ROW_FORMAT = Dynamic;

-- ----------------------------
-- Records of sys_config
-- ----------------------------
INSERT INTO `sys_config` VALUES (1, '主框架页-默认皮肤样式名称', 'sys.index.skinName', 'skin-blue', 'Y', 'admin', '2018-03-16 11:33:00', 'ry', '2018-03-16 11:33:00', '蓝色 skin-blue、绿色 skin-green、紫色 skin-purple、红色 skin-red、黄色 skin-yellow');
INSERT INTO `sys_config` VALUES (2, '用户管理-账号初始密码', 'sys.user.initPassword', '123456', 'Y', 'admin', '2018-03-16 11:33:00', 'ry', '2018-03-16 11:33:00', '初始化密码 123456');
INSERT INTO `sys_config` VALUES (3, '主框架页-侧边栏主题', 'sys.index.sideTheme', 'theme-dark', 'Y', 'admin', '2018-03-16 11:33:00', 'ry', '2018-03-16 11:33:00', '深黑主题theme-dark，浅色主题theme-light，深蓝主题theme-blue');
INSERT INTO `sys_config` VALUES (100, '用户管理-默认VIP到期时间', 'sys.user.initVipTime', '1970-01-01 00:00:00', 'Y', 'admin', '2019-12-30 10:34:49', '', NULL, '新建用户的vip到期时间');
INSERT INTO `sys_config` VALUES (101, '邮件服务器-账号密码', 'sys.mail.username', '43240825@qq.com----lixnpcounfzkbjcj', 'Y', 'admin', '2019-12-31 11:56:54', '', NULL, '账户和密码中间用----隔开');
INSERT INTO `sys_config` VALUES (102, '支付宝配置', 'alipay', '{ 	\"alipay\":{ 		\"appid\":\"2016091100484467\", 		\"rsa_private_key\":\"MIIEvAIBADANBgkqhkiG9w0BAQEFAASCBKYwggSiAgEAAoIBAQCAracHQXMrtRukMQIRwlLl4D9CzSFnHllgWrQRkX50401jsyadMq0+hdiVUlif8SeNpb+zu24nnzSeUe9YC5O+zrgfzT9fb4UciP2pAIzTbQZjg6P2mZF/Io+UKsONhbSwBg2DP5OYyCIy1PtbrE/daGL98HEC3qLT4fPuVRrwYZetpQCU84X4k4ezUU/zjvbF7ARwFkhWVh9Y0MhlbGyc+FRbr2WisjI6VQIc3VzF4R430e9gMIz5k8wpjrYxuKgDq9npni2S0caBbKG1wI7vjhIfhvBqkXWSQkDLnn8mYw55ajwo/lfDuEbcN66i26eOStlVL4UPxtJAmGiwyLpLAgMBAAECggEAQ70mpIcr3eJlPrYd5MNraF/4bW4XG3W6jyKwkF8LNvVBlC6HMVGwKa3EKjdDOE93BvYuSKtufaUtyfpQCQVvLY8dFoCxz8ehRzhGcGU9vT8zkceG1RZapZbIBrPMZf/w8oj9LA6X4GHavu+nssau9FszYYLluyEAjpHwG5Lpr4ivMCBkMOVPXSAvlQqiT/MTA1U6vJJ0grRlTH0/Ydh0WWaAXX84a4P+I0uaEf6TS3yCAaPRal3pIBFH/a4vQmDo1cTuLEh2PTLF2+4fwaK0qXb3oSdE4tri7ftG1mjUgIuahNi73ShB0Vc8L8Imz8KI598zAze8JMpkBu3bvsg0AQKBgQDT7OtJxiwzTVuOhMLh2kJh3vxO34wbXc9r+XBgcqmgpbHnmYG9dKlA9wjQ1WowkyWRTmppBWw7k649zcUEhs9hVS/8hZA2NHuntOLCfHueq/M22t7PZr7odjea+JX0OaviuMbsyEw4D0Xsi6G8/HZM+8dDD+vpk9LxBQhLLCyQywKBgQCbcJblTv11nXrHyIaZWtMp6dBKjPgbTUnxfRkkfV+G0yHJAe/B7DqOm6VBae9Cj/4GcK117LbRGfRWPTrU5R1fU6V6bMLiSFXNAeAv5h01RYHbWzj80V2+G1AYeFwiBXBq/+x4BuE0rXa7+ShIXTjMJO4uKSpS4VMe3uJmvJbMgQKBgDWqhVrFSGQlbs4EaKVw8+Z85T/D9GLpuqEJJaAG6VW5H/gaM3SamlHNPPpFUQLEAHtvdBrsOKBNoY4dEYs36EQpomE8IWzYlYe+kr3VcCiaOpjljA7RYf7UEPi5gp+6CwD68cT8Y/C+TWK9aVPGSt7r02X0HjWkLYLDV3pR0WdJAoGASWNI+w7mQAeQFo8obXMiS6Gmw+v2n/1HsgpcOowu89rvEpYleqtrojT+OvonCogtaSD95LVUQzk70ROrmSRrT7yQXlLHWErKp7YBANxmYeZlPwm8yDCZT85ZbJQ2+6ERyJL4NFsbLOHRM0KZsEDDNi8hfQ3We7cCpYqZ3eOgVwECgYBIwB45eDHMYIoPf89vo7u1WcjeWzrSmDDPMHeHDKwtvbfMuSvmDDZ+VoZmS10SyKoNSKROf1xf1BNTEZ99429vHnM9OSnwWylWvoRE+VNm0lXo6TQnjMI65aFjYidu/CHrMxt0xc7nNRjEChHHsACVqDN4tNFFuWVJ1Ihvv1RPgQ==\", 		\"notify_url\":\"https://www.qqzsh.top:9999/alipay/sy\", 		\"return_url\":\"https://www.qqzsh.top:9999/alipay/success\", 		\"url\":\"https://openapi.alipaydev.com/gateway.do\", 		\"charset\":\"UTF-8\", 		\"format\":\"json\", 		\"alipay_public_key\":\"MIIBIjANBgkqhkiG9w0BAQEFAAOCAQ8AMIIBCgKCAQEAssX/n1+S1h+0BwovW1YFgamHXXUzEU4iXVrvQOeImLTpCUSi5j2jQB+aEDoW2VNzTj8KX5XxyNqaiifQ4QgjzP5KICOOxYg4/nVCWToBhOdpypVS4EiCHSP9VXNNRtLghJpXN9eXYdbDNtKFse84eW9nQwt/RrGaNeFSH+//qKid1B01BK2XzzR3WfRP4rAoS63O0YYDejuVBfaLX5Z178tuqUt7aStlHm7RLzboQEUjZZVschUmwPmx6vgKFwbuNTXCy5GOQRM+SdQxVqWmxurMNUUfAFN3M2yB/oiPVkYRnZ6qZsOn1Q2bjW7lUfApu0tRADGVNvDSZmXzBxBpsQIDAQAB\", 		\"signtype\":\"RSA2\" 	} }', 'Y', 'admin', '2020-01-02 19:57:00', '', NULL, '参考示例，使用json格式');
INSERT INTO `sys_config` VALUES (103, '网站名称', 'site.name', '校园学习资源共享云平台', 'Y', 'admin', '2020-01-04 20:39:19', '', NULL, NULL);
INSERT INTO `sys_config` VALUES (104, '网站地址', 'site.url', 'https://www.qqsh.top:9999', 'Y', 'admin', '2020-01-04 20:39:49', '', NULL, NULL);
INSERT INTO `sys_config` VALUES (105, '网站备案', 'site.record', '豫ICP备19005951号', 'Y', 'admin', '2020-01-04 22:24:34', '', NULL, NULL);

-- ----------------------------
-- Table structure for sys_dept
-- ----------------------------
DROP TABLE IF EXISTS `sys_dept`;
CREATE TABLE `sys_dept`  (
  `dept_id` bigint(20) NOT NULL AUTO_INCREMENT COMMENT '部门id',
  `parent_id` bigint(20) NULL DEFAULT 0 COMMENT '父部门id',
  `ancestors` varchar(50) CHARACTER SET utf8mb4 COLLATE utf8mb4_0900_ai_ci NULL DEFAULT '' COMMENT '祖级列表',
  `dept_name` varchar(30) CHARACTER SET utf8mb4 COLLATE utf8mb4_0900_ai_ci NULL DEFAULT '' COMMENT '部门名称',
  `order_num` int(4) NULL DEFAULT 0 COMMENT '显示顺序',
  `leader` varchar(20) CHARACTER SET utf8mb4 COLLATE utf8mb4_0900_ai_ci NULL DEFAULT NULL COMMENT '负责人',
  `phone` varchar(11) CHARACTER SET utf8mb4 COLLATE utf8mb4_0900_ai_ci NULL DEFAULT NULL COMMENT '联系电话',
  `email` varchar(50) CHARACTER SET utf8mb4 COLLATE utf8mb4_0900_ai_ci NULL DEFAULT NULL COMMENT '邮箱',
  `status` char(1) CHARACTER SET utf8mb4 COLLATE utf8mb4_0900_ai_ci NULL DEFAULT '0' COMMENT '部门状态（0正常 1停用）',
  `del_flag` char(1) CHARACTER SET utf8mb4 COLLATE utf8mb4_0900_ai_ci NULL DEFAULT '0' COMMENT '删除标志（0代表存在 2代表删除）',
  `create_by` varchar(64) CHARACTER SET utf8mb4 COLLATE utf8mb4_0900_ai_ci NULL DEFAULT '' COMMENT '创建者',
  `create_time` datetime(0) NULL DEFAULT NULL COMMENT '创建时间',
  `update_by` varchar(64) CHARACTER SET utf8mb4 COLLATE utf8mb4_0900_ai_ci NULL DEFAULT '' COMMENT '更新者',
  `update_time` datetime(0) NULL DEFAULT NULL COMMENT '更新时间',
  PRIMARY KEY (`dept_id`) USING BTREE
) ENGINE = InnoDB AUTO_INCREMENT = 200 CHARACTER SET = utf8mb4 COLLATE = utf8mb4_0900_ai_ci COMMENT = '部门表' ROW_FORMAT = Dynamic;

-- ----------------------------
-- Records of sys_dept
-- ----------------------------
INSERT INTO `sys_dept` VALUES (100, 0, '0', '高校学科资源平台', 0, '', '', '', '0', '0', 'admin', '2018-03-16 11:33:00', 'admin', '2019-12-31 10:40:29');
INSERT INTO `sys_dept` VALUES (101, 100, '0,100', '会员组', 1, '', '', '', '0', '2', 'admin', '2018-03-16 11:33:00', 'admin', '2019-12-30 15:05:06');
INSERT INTO `sys_dept` VALUES (102, 100, '0,100', '长沙分公司', 2, '若依', '15888888888', 'ry@qq.com', '0', '2', 'admin', '2018-03-16 11:33:00', 'ry', '2018-03-16 11:33:00');
INSERT INTO `sys_dept` VALUES (103, 100, '0,100', '研发部门', 3, '', '', '', '0', '0', 'admin', '2018-03-16 11:33:00', 'admin', '2019-12-30 15:05:28');
INSERT INTO `sys_dept` VALUES (104, 100, '0,100', '市场部门', 6, '', '', '', '0', '0', 'admin', '2018-03-16 11:33:00', 'admin', '2019-12-30 15:05:39');
INSERT INTO `sys_dept` VALUES (105, 100, '0,100', '用户组', 2, '', '', '', '0', '0', 'admin', '2018-03-16 11:33:00', 'admin', '2019-12-31 10:40:29');
INSERT INTO `sys_dept` VALUES (106, 100, '0,100', '财务部门', 4, '', '', '', '0', '0', 'admin', '2018-03-16 11:33:00', 'admin', '2019-12-30 15:03:39');
INSERT INTO `sys_dept` VALUES (107, 100, '0,100', '运维部门', 5, '若依', '15888888888', 'ry@qq.com', '0', '0', 'admin', '2018-03-16 11:33:00', 'admin', '2019-12-30 15:03:29');
INSERT INTO `sys_dept` VALUES (108, 102, '0,100,102', '市场部门', 1, '若依', '15888888888', 'ry@qq.com', '0', '2', 'admin', '2018-03-16 11:33:00', 'ry', '2018-03-16 11:33:00');
INSERT INTO `sys_dept` VALUES (109, 102, '0,100,102', '财务部门', 2, '若依', '15888888888', 'ry@qq.com', '0', '2', 'admin', '2018-03-16 11:33:00', 'ry', '2018-03-16 11:33:00');

-- ----------------------------
-- Table structure for sys_dict_data
-- ----------------------------
DROP TABLE IF EXISTS `sys_dict_data`;
CREATE TABLE `sys_dict_data`  (
  `dict_code` bigint(20) NOT NULL AUTO_INCREMENT COMMENT '字典编码',
  `dict_sort` int(4) NULL DEFAULT 0 COMMENT '字典排序',
  `dict_label` varchar(100) CHARACTER SET utf8mb4 COLLATE utf8mb4_0900_ai_ci NULL DEFAULT '' COMMENT '字典标签',
  `dict_value` varchar(100) CHARACTER SET utf8mb4 COLLATE utf8mb4_0900_ai_ci NULL DEFAULT '' COMMENT '字典键值',
  `dict_type` varchar(100) CHARACTER SET utf8mb4 COLLATE utf8mb4_0900_ai_ci NULL DEFAULT '' COMMENT '字典类型',
  `css_class` varchar(100) CHARACTER SET utf8mb4 COLLATE utf8mb4_0900_ai_ci NULL DEFAULT NULL COMMENT '样式属性（其他样式扩展）',
  `list_class` varchar(100) CHARACTER SET utf8mb4 COLLATE utf8mb4_0900_ai_ci NULL DEFAULT NULL COMMENT '表格回显样式',
  `is_default` char(1) CHARACTER SET utf8mb4 COLLATE utf8mb4_0900_ai_ci NULL DEFAULT 'N' COMMENT '是否默认（Y是 N否）',
  `status` char(1) CHARACTER SET utf8mb4 COLLATE utf8mb4_0900_ai_ci NULL DEFAULT '0' COMMENT '状态（0正常 1停用）',
  `create_by` varchar(64) CHARACTER SET utf8mb4 COLLATE utf8mb4_0900_ai_ci NULL DEFAULT '' COMMENT '创建者',
  `create_time` datetime(0) NULL DEFAULT NULL COMMENT '创建时间',
  `update_by` varchar(64) CHARACTER SET utf8mb4 COLLATE utf8mb4_0900_ai_ci NULL DEFAULT '' COMMENT '更新者',
  `update_time` datetime(0) NULL DEFAULT NULL COMMENT '更新时间',
  `remark` varchar(500) CHARACTER SET utf8mb4 COLLATE utf8mb4_0900_ai_ci NULL DEFAULT NULL COMMENT '备注',
  PRIMARY KEY (`dict_code`) USING BTREE
) ENGINE = InnoDB AUTO_INCREMENT = 128 CHARACTER SET = utf8mb4 COLLATE = utf8mb4_0900_ai_ci COMMENT = '字典数据表' ROW_FORMAT = Dynamic;

-- ----------------------------
-- Records of sys_dict_data
-- ----------------------------
INSERT INTO `sys_dict_data` VALUES (1, 1, '男', '0', 'sys_user_sex', '', '', 'Y', '0', 'admin', '2018-03-16 11:33:00', 'ry', '2018-03-16 11:33:00', '性别男');
INSERT INTO `sys_dict_data` VALUES (2, 2, '女', '1', 'sys_user_sex', '', '', 'N', '0', 'admin', '2018-03-16 11:33:00', 'ry', '2018-03-16 11:33:00', '性别女');
INSERT INTO `sys_dict_data` VALUES (3, 3, '未知', '2', 'sys_user_sex', '', '', 'N', '0', 'admin', '2018-03-16 11:33:00', 'ry', '2018-03-16 11:33:00', '性别未知');
INSERT INTO `sys_dict_data` VALUES (4, 1, '显示', '0', 'sys_show_hide', '', 'primary', 'Y', '0', 'admin', '2018-03-16 11:33:00', 'ry', '2018-03-16 11:33:00', '显示菜单');
INSERT INTO `sys_dict_data` VALUES (5, 2, '隐藏', '1', 'sys_show_hide', '', 'danger', 'N', '0', 'admin', '2018-03-16 11:33:00', 'ry', '2018-03-16 11:33:00', '隐藏菜单');
INSERT INTO `sys_dict_data` VALUES (6, 1, '正常', '0', 'sys_normal_disable', '', 'primary', 'Y', '0', 'admin', '2018-03-16 11:33:00', 'ry', '2018-03-16 11:33:00', '正常状态');
INSERT INTO `sys_dict_data` VALUES (7, 2, '停用', '1', 'sys_normal_disable', '', 'danger', 'N', '0', 'admin', '2018-03-16 11:33:00', 'ry', '2018-03-16 11:33:00', '停用状态');
INSERT INTO `sys_dict_data` VALUES (8, 1, '正常', '0', 'sys_job_status', '', 'primary', 'Y', '0', 'admin', '2018-03-16 11:33:00', 'ry', '2018-03-16 11:33:00', '正常状态');
INSERT INTO `sys_dict_data` VALUES (9, 2, '暂停', '1', 'sys_job_status', '', 'danger', 'N', '0', 'admin', '2018-03-16 11:33:00', 'ry', '2018-03-16 11:33:00', '停用状态');
INSERT INTO `sys_dict_data` VALUES (10, 1, '默认', 'DEFAULT', 'sys_job_group', '', '', 'Y', '0', 'admin', '2018-03-16 11:33:00', 'ry', '2018-03-16 11:33:00', '默认分组');
INSERT INTO `sys_dict_data` VALUES (11, 2, '系统', 'SYSTEM', 'sys_job_group', '', '', 'N', '0', 'admin', '2018-03-16 11:33:00', 'ry', '2018-03-16 11:33:00', '系统分组');
INSERT INTO `sys_dict_data` VALUES (12, 1, '是', 'Y', 'sys_yes_no', '', 'primary', 'Y', '0', 'admin', '2018-03-16 11:33:00', 'ry', '2018-03-16 11:33:00', '系统默认是');
INSERT INTO `sys_dict_data` VALUES (13, 2, '否', 'N', 'sys_yes_no', '', 'danger', 'N', '0', 'admin', '2018-03-16 11:33:00', 'ry', '2018-03-16 11:33:00', '系统默认否');
INSERT INTO `sys_dict_data` VALUES (14, 1, '通知', '1', 'sys_notice_type', '', 'warning', 'Y', '0', 'admin', '2018-03-16 11:33:00', 'ry', '2018-03-16 11:33:00', '通知');
INSERT INTO `sys_dict_data` VALUES (15, 2, '广告', '2', 'sys_notice_type', '', 'success', 'N', '0', 'admin', '2018-03-16 11:33:00', 'admin', '2019-12-30 15:58:25', '公告');
INSERT INTO `sys_dict_data` VALUES (16, 1, '正常', '0', 'sys_notice_status', '', 'primary', 'Y', '0', 'admin', '2018-03-16 11:33:00', 'ry', '2018-03-16 11:33:00', '正常状态');
INSERT INTO `sys_dict_data` VALUES (17, 2, '关闭', '1', 'sys_notice_status', '', 'danger', 'N', '0', 'admin', '2018-03-16 11:33:00', 'ry', '2018-03-16 11:33:00', '关闭状态');
INSERT INTO `sys_dict_data` VALUES (18, 1, '新增', '1', 'sys_oper_type', '', 'info', 'N', '0', 'admin', '2018-03-16 11:33:00', 'ry', '2018-03-16 11:33:00', '新增操作');
INSERT INTO `sys_dict_data` VALUES (19, 2, '修改', '2', 'sys_oper_type', '', 'info', 'N', '0', 'admin', '2018-03-16 11:33:00', 'ry', '2018-03-16 11:33:00', '修改操作');
INSERT INTO `sys_dict_data` VALUES (20, 3, '删除', '3', 'sys_oper_type', '', 'danger', 'N', '0', 'admin', '2018-03-16 11:33:00', 'ry', '2018-03-16 11:33:00', '删除操作');
INSERT INTO `sys_dict_data` VALUES (21, 4, '授权', '4', 'sys_oper_type', '', 'primary', 'N', '0', 'admin', '2018-03-16 11:33:00', 'ry', '2018-03-16 11:33:00', '授权操作');
INSERT INTO `sys_dict_data` VALUES (22, 5, '导出', '5', 'sys_oper_type', '', 'warning', 'N', '0', 'admin', '2018-03-16 11:33:00', 'ry', '2018-03-16 11:33:00', '导出操作');
INSERT INTO `sys_dict_data` VALUES (23, 6, '导入', '6', 'sys_oper_type', '', 'warning', 'N', '0', 'admin', '2018-03-16 11:33:00', 'ry', '2018-03-16 11:33:00', '导入操作');
INSERT INTO `sys_dict_data` VALUES (24, 7, '强退', '7', 'sys_oper_type', '', 'danger', 'N', '0', 'admin', '2018-03-16 11:33:00', 'ry', '2018-03-16 11:33:00', '强退操作');
INSERT INTO `sys_dict_data` VALUES (25, 8, '生成代码', '8', 'sys_oper_type', '', 'warning', 'N', '0', 'admin', '2018-03-16 11:33:00', 'ry', '2018-03-16 11:33:00', '生成操作');
INSERT INTO `sys_dict_data` VALUES (26, 9, '清空数据', '9', 'sys_oper_type', '', 'danger', 'N', '0', 'admin', '2018-03-16 11:33:00', 'ry', '2018-03-16 11:33:00', '清空操作');
INSERT INTO `sys_dict_data` VALUES (27, 1, '成功', '0', 'sys_common_status', '', 'primary', 'N', '0', 'admin', '2018-03-16 11:33:00', 'ry', '2018-03-16 11:33:00', '正常状态');
INSERT INTO `sys_dict_data` VALUES (28, 2, '失败', '1', 'sys_common_status', '', 'danger', 'N', '0', 'admin', '2018-03-16 11:33:00', 'ry', '2018-03-16 11:33:00', '停用状态');
INSERT INTO `sys_dict_data` VALUES (100, 1, '待审核', '0', 'sys_article_status', '', '', 'Y', '0', 'admin', '2019-12-30 16:20:41', 'admin', '2019-12-30 16:23:24', '');
INSERT INTO `sys_dict_data` VALUES (101, 2, '审核通过', '1', 'sys_article_status', '', '', 'Y', '0', 'admin', '2019-12-30 16:21:04', 'admin', '2019-12-30 16:21:19', '');
INSERT INTO `sys_dict_data` VALUES (102, 3, '审核未通过', '2', 'sys_article_status', '', '', 'Y', '0', 'admin', '2019-12-30 16:22:53', 'admin', '2019-12-30 16:23:10', '');
INSERT INTO `sys_dict_data` VALUES (115, 0, '0', '0', 'sys_article_points', NULL, NULL, 'Y', '0', 'admin', '2019-12-30 16:50:13', '', NULL, NULL);
INSERT INTO `sys_dict_data` VALUES (116, 1, '1', '1', 'sys_article_points', NULL, NULL, 'Y', '0', 'admin', '2019-12-30 16:50:18', '', NULL, NULL);
INSERT INTO `sys_dict_data` VALUES (117, 2, '2', '2', 'sys_article_points', NULL, NULL, 'Y', '0', 'admin', '2019-12-30 16:50:23', '', NULL, NULL);
INSERT INTO `sys_dict_data` VALUES (118, 3, '3', '3', 'sys_article_points', NULL, NULL, 'Y', '0', 'admin', '2019-12-30 16:50:28', '', NULL, NULL);
INSERT INTO `sys_dict_data` VALUES (119, 4, '4', '4', 'sys_article_points', NULL, NULL, 'Y', '0', 'admin', '2019-12-30 16:50:32', '', NULL, NULL);
INSERT INTO `sys_dict_data` VALUES (120, 5, '5', '5', 'sys_article_points', NULL, NULL, 'Y', '0', 'admin', '2019-12-30 16:50:38', '', NULL, NULL);
INSERT INTO `sys_dict_data` VALUES (121, 6, '6', '6', 'sys_article_points', NULL, NULL, 'Y', '0', 'admin', '2019-12-30 16:50:42', '', NULL, NULL);
INSERT INTO `sys_dict_data` VALUES (122, 7, '7', '7', 'sys_article_points', NULL, NULL, 'Y', '0', 'admin', '2019-12-30 16:50:49', '', NULL, NULL);
INSERT INTO `sys_dict_data` VALUES (123, 8, '8', '8', 'sys_article_points', NULL, NULL, 'Y', '0', 'admin', '2019-12-30 16:50:53', '', NULL, NULL);
INSERT INTO `sys_dict_data` VALUES (124, 9, '9', '9', 'sys_article_points', NULL, NULL, 'Y', '0', 'admin', '2019-12-30 16:50:57', '', NULL, NULL);
INSERT INTO `sys_dict_data` VALUES (125, 10, '10', '10', 'sys_article_points', NULL, NULL, 'Y', '0', 'admin', '2019-12-30 16:51:03', '', NULL, NULL);
INSERT INTO `sys_dict_data` VALUES (126, 1, '未读', '0', 'sys_message_status', NULL, NULL, 'Y', '0', 'admin', '2020-01-02 14:45:44', '', NULL, NULL);
INSERT INTO `sys_dict_data` VALUES (127, 2, '已读', '1', 'sys_message_status', NULL, NULL, 'Y', '0', 'admin', '2020-01-02 14:45:53', '', NULL, NULL);

-- ----------------------------
-- Table structure for sys_dict_type
-- ----------------------------
DROP TABLE IF EXISTS `sys_dict_type`;
CREATE TABLE `sys_dict_type`  (
  `dict_id` bigint(20) NOT NULL AUTO_INCREMENT COMMENT '字典主键',
  `dict_name` varchar(100) CHARACTER SET utf8mb4 COLLATE utf8mb4_0900_ai_ci NULL DEFAULT '' COMMENT '字典名称',
  `dict_type` varchar(100) CHARACTER SET utf8mb4 COLLATE utf8mb4_0900_ai_ci NULL DEFAULT '' COMMENT '字典类型',
  `status` char(1) CHARACTER SET utf8mb4 COLLATE utf8mb4_0900_ai_ci NULL DEFAULT '0' COMMENT '状态（0正常 1停用）',
  `create_by` varchar(64) CHARACTER SET utf8mb4 COLLATE utf8mb4_0900_ai_ci NULL DEFAULT '' COMMENT '创建者',
  `create_time` datetime(0) NULL DEFAULT NULL COMMENT '创建时间',
  `update_by` varchar(64) CHARACTER SET utf8mb4 COLLATE utf8mb4_0900_ai_ci NULL DEFAULT '' COMMENT '更新者',
  `update_time` datetime(0) NULL DEFAULT NULL COMMENT '更新时间',
  `remark` varchar(500) CHARACTER SET utf8mb4 COLLATE utf8mb4_0900_ai_ci NULL DEFAULT NULL COMMENT '备注',
  PRIMARY KEY (`dict_id`) USING BTREE,
  UNIQUE INDEX `dict_type`(`dict_type`) USING BTREE
) ENGINE = InnoDB AUTO_INCREMENT = 103 CHARACTER SET = utf8mb4 COLLATE = utf8mb4_0900_ai_ci COMMENT = '字典类型表' ROW_FORMAT = Dynamic;

-- ----------------------------
-- Records of sys_dict_type
-- ----------------------------
INSERT INTO `sys_dict_type` VALUES (1, '用户性别', 'sys_user_sex', '0', 'admin', '2018-03-16 11:33:00', 'ry', '2018-03-16 11:33:00', '用户性别列表');
INSERT INTO `sys_dict_type` VALUES (2, '菜单状态', 'sys_show_hide', '0', 'admin', '2018-03-16 11:33:00', 'ry', '2018-03-16 11:33:00', '菜单状态列表');
INSERT INTO `sys_dict_type` VALUES (3, '系统开关', 'sys_normal_disable', '0', 'admin', '2018-03-16 11:33:00', 'ry', '2018-03-16 11:33:00', '系统开关列表');
INSERT INTO `sys_dict_type` VALUES (4, '任务状态', 'sys_job_status', '0', 'admin', '2018-03-16 11:33:00', 'ry', '2018-03-16 11:33:00', '任务状态列表');
INSERT INTO `sys_dict_type` VALUES (5, '任务分组', 'sys_job_group', '0', 'admin', '2018-03-16 11:33:00', 'ry', '2018-03-16 11:33:00', '任务分组列表');
INSERT INTO `sys_dict_type` VALUES (6, '系统是否', 'sys_yes_no', '0', 'admin', '2018-03-16 11:33:00', 'ry', '2018-03-16 11:33:00', '系统是否列表');
INSERT INTO `sys_dict_type` VALUES (7, '通知类型', 'sys_notice_type', '0', 'admin', '2018-03-16 11:33:00', 'ry', '2018-03-16 11:33:00', '通知类型列表');
INSERT INTO `sys_dict_type` VALUES (8, '通知状态', 'sys_notice_status', '0', 'admin', '2018-03-16 11:33:00', 'ry', '2018-03-16 11:33:00', '通知状态列表');
INSERT INTO `sys_dict_type` VALUES (9, '操作类型', 'sys_oper_type', '0', 'admin', '2018-03-16 11:33:00', 'ry', '2018-03-16 11:33:00', '操作类型列表');
INSERT INTO `sys_dict_type` VALUES (10, '系统状态', 'sys_common_status', '0', 'admin', '2018-03-16 11:33:00', 'ry', '2018-03-16 11:33:00', '登录状态列表');
INSERT INTO `sys_dict_type` VALUES (100, '资源状态', 'sys_article_status', '0', 'admin', '2019-12-30 16:19:27', 'admin', '2019-12-30 16:19:46', '资源状态列表');
INSERT INTO `sys_dict_type` VALUES (101, '资源积分', 'sys_article_points', '0', 'admin', '2019-12-30 16:46:42', 'admin', '2019-12-30 16:48:23', '资源积分列表');
INSERT INTO `sys_dict_type` VALUES (102, '消息状态', 'sys_message_status', '0', 'admin', '2020-01-02 14:45:15', '', NULL, NULL);

-- ----------------------------
-- Table structure for sys_job
-- ----------------------------
DROP TABLE IF EXISTS `sys_job`;
CREATE TABLE `sys_job`  (
  `job_id` bigint(20) NOT NULL AUTO_INCREMENT COMMENT '任务ID',
  `job_name` varchar(64) CHARACTER SET utf8mb4 COLLATE utf8mb4_0900_ai_ci NOT NULL DEFAULT '' COMMENT '任务名称',
  `job_group` varchar(64) CHARACTER SET utf8mb4 COLLATE utf8mb4_0900_ai_ci NOT NULL DEFAULT 'DEFAULT' COMMENT '任务组名',
  `invoke_target` varchar(500) CHARACTER SET utf8mb4 COLLATE utf8mb4_0900_ai_ci NOT NULL COMMENT '调用目标字符串',
  `cron_expression` varchar(255) CHARACTER SET utf8mb4 COLLATE utf8mb4_0900_ai_ci NULL DEFAULT '' COMMENT 'cron执行表达式',
  `misfire_policy` varchar(20) CHARACTER SET utf8mb4 COLLATE utf8mb4_0900_ai_ci NULL DEFAULT '3' COMMENT '计划执行错误策略（1立即执行 2执行一次 3放弃执行）',
  `concurrent` char(1) CHARACTER SET utf8mb4 COLLATE utf8mb4_0900_ai_ci NULL DEFAULT '1' COMMENT '是否并发执行（0允许 1禁止）',
  `status` char(1) CHARACTER SET utf8mb4 COLLATE utf8mb4_0900_ai_ci NULL DEFAULT '0' COMMENT '状态（0正常 1暂停）',
  `create_by` varchar(64) CHARACTER SET utf8mb4 COLLATE utf8mb4_0900_ai_ci NULL DEFAULT '' COMMENT '创建者',
  `create_time` datetime(0) NULL DEFAULT NULL COMMENT '创建时间',
  `update_by` varchar(64) CHARACTER SET utf8mb4 COLLATE utf8mb4_0900_ai_ci NULL DEFAULT '' COMMENT '更新者',
  `update_time` datetime(0) NULL DEFAULT NULL COMMENT '更新时间',
  `remark` varchar(500) CHARACTER SET utf8mb4 COLLATE utf8mb4_0900_ai_ci NULL DEFAULT '' COMMENT '备注信息',
  PRIMARY KEY (`job_id`, `job_name`, `job_group`) USING BTREE
) ENGINE = InnoDB AUTO_INCREMENT = 101 CHARACTER SET = utf8mb4 COLLATE = utf8mb4_0900_ai_ci COMMENT = '定时任务调度表' ROW_FORMAT = Dynamic;

-- ----------------------------
-- Records of sys_job
-- ----------------------------
INSERT INTO `sys_job` VALUES (1, '系统默认（无参）', 'DEFAULT', 'ryTask.ryNoParams', '0/10 * * * * ?', '3', '1', '1', 'admin', '2018-03-16 11:33:00', 'ry', '2018-03-16 11:33:00', '');
INSERT INTO `sys_job` VALUES (2, '系统默认（有参）', 'DEFAULT', 'ryTask.ryParams(\'ry\')', '0/15 * * * * ?', '3', '1', '1', 'admin', '2018-03-16 11:33:00', 'ry', '2018-03-16 11:33:00', '');
INSERT INTO `sys_job` VALUES (3, '系统默认（多参）', 'DEFAULT', 'ryTask.ryMultipleParams(\'ry\', true, 2000L, 316.50D, 100)', '0/20 * * * * ?', '3', '1', '1', 'admin', '2018-03-16 11:33:00', 'ry', '2018-03-16 11:33:00', '');
INSERT INTO `sys_job` VALUES (100, '清除今日签到信息', 'DEFAULT', 'RemoveSign.ryNoParams()', '0 0 0 * * ?', '1', '1', '0', '', '2020-01-04 21:04:17', '', '2020-01-04 21:04:22', '');

-- ----------------------------
-- Table structure for sys_job_log
-- ----------------------------
DROP TABLE IF EXISTS `sys_job_log`;
CREATE TABLE `sys_job_log`  (
  `job_log_id` bigint(20) NOT NULL AUTO_INCREMENT COMMENT '任务日志ID',
  `job_name` varchar(64) CHARACTER SET utf8mb4 COLLATE utf8mb4_0900_ai_ci NOT NULL COMMENT '任务名称',
  `job_group` varchar(64) CHARACTER SET utf8mb4 COLLATE utf8mb4_0900_ai_ci NOT NULL COMMENT '任务组名',
  `invoke_target` varchar(500) CHARACTER SET utf8mb4 COLLATE utf8mb4_0900_ai_ci NOT NULL COMMENT '调用目标字符串',
  `job_message` varchar(500) CHARACTER SET utf8mb4 COLLATE utf8mb4_0900_ai_ci NULL DEFAULT NULL COMMENT '日志信息',
  `status` char(1) CHARACTER SET utf8mb4 COLLATE utf8mb4_0900_ai_ci NULL DEFAULT '0' COMMENT '执行状态（0正常 1失败）',
  `exception_info` varchar(2000) CHARACTER SET utf8mb4 COLLATE utf8mb4_0900_ai_ci NULL DEFAULT '' COMMENT '异常信息',
  `create_time` datetime(0) NULL DEFAULT NULL COMMENT '创建时间',
  PRIMARY KEY (`job_log_id`) USING BTREE
) ENGINE = InnoDB AUTO_INCREMENT = 3 CHARACTER SET = utf8mb4 COLLATE = utf8mb4_0900_ai_ci COMMENT = '定时任务调度日志表' ROW_FORMAT = Dynamic;

-- ----------------------------
-- Records of sys_job_log
-- ----------------------------
INSERT INTO `sys_job_log` VALUES (1, '清除今日签到信息', 'DEFAULT', 'RemoveSign.ryNoParams()', '清除今日签到信息 总共耗时：722毫秒', '0', '', '2020-01-04 21:04:47');
INSERT INTO `sys_job_log` VALUES (2, '清除今日签到信息', 'DEFAULT', 'RemoveSign.ryNoParams()', '清除今日签到信息 总共耗时：7434毫秒', '0', '', '2020-01-04 21:05:30');

-- ----------------------------
-- Table structure for sys_link
-- ----------------------------
DROP TABLE IF EXISTS `sys_link`;
CREATE TABLE `sys_link`  (
  `link_id` bigint(20) NOT NULL AUTO_INCREMENT COMMENT '友链ID',
  `link_name` varchar(500) CHARACTER SET utf8 COLLATE utf8_general_ci NULL DEFAULT NULL COMMENT '名称',
  `link_sort` int(11) NULL DEFAULT NULL COMMENT '排序',
  `link_url` varchar(500) CHARACTER SET utf8 COLLATE utf8_general_ci NULL DEFAULT NULL COMMENT '地址',
  PRIMARY KEY (`link_id`) USING BTREE
) ENGINE = InnoDB AUTO_INCREMENT = 12 CHARACTER SET = utf8 COLLATE = utf8_general_ci COMMENT = '友链' ROW_FORMAT = Dynamic;

-- ----------------------------
-- Records of sys_link
-- ----------------------------
INSERT INTO `sys_link` VALUES (8, '博客', 1, 'https://www.qqzsh.top/getIndex');
INSERT INTO `sys_link` VALUES (9, '简历', 2, 'https://www.qqzsh.top/');
INSERT INTO `sys_link` VALUES (10, '嗨抖短视频后台', 3, 'https://www.qqzsh.top:8888/');
INSERT INTO `sys_link` VALUES (11, '博客后台', 4, 'https://www.qqzsh.top/login');

-- ----------------------------
-- Table structure for sys_logininfor
-- ----------------------------
DROP TABLE IF EXISTS `sys_logininfor`;
CREATE TABLE `sys_logininfor`  (
  `info_id` bigint(20) NOT NULL AUTO_INCREMENT COMMENT '访问ID',
  `login_name` varchar(50) CHARACTER SET utf8mb4 COLLATE utf8mb4_0900_ai_ci NULL DEFAULT '' COMMENT '登录账号',
  `ipaddr` varchar(50) CHARACTER SET utf8mb4 COLLATE utf8mb4_0900_ai_ci NULL DEFAULT '' COMMENT '登录IP地址',
  `login_location` varchar(255) CHARACTER SET utf8mb4 COLLATE utf8mb4_0900_ai_ci NULL DEFAULT '' COMMENT '登录地点',
  `browser` varchar(50) CHARACTER SET utf8mb4 COLLATE utf8mb4_0900_ai_ci NULL DEFAULT '' COMMENT '浏览器类型',
  `os` varchar(50) CHARACTER SET utf8mb4 COLLATE utf8mb4_0900_ai_ci NULL DEFAULT '' COMMENT '操作系统',
  `status` char(1) CHARACTER SET utf8mb4 COLLATE utf8mb4_0900_ai_ci NULL DEFAULT '0' COMMENT '登录状态（0成功 1失败）',
  `msg` varchar(255) CHARACTER SET utf8mb4 COLLATE utf8mb4_0900_ai_ci NULL DEFAULT '' COMMENT '提示消息',
  `login_time` datetime(0) NULL DEFAULT NULL COMMENT '访问时间',
  PRIMARY KEY (`info_id`) USING BTREE
) ENGINE = InnoDB AUTO_INCREMENT = 354 CHARACTER SET = utf8mb4 COLLATE = utf8mb4_0900_ai_ci COMMENT = '系统访问记录' ROW_FORMAT = Dynamic;

-- ----------------------------
-- Records of sys_logininfor
-- ----------------------------
INSERT INTO `sys_logininfor` VALUES (100, 'admin', '127.0.0.1', '内网IP', 'Chrome', 'Windows 10', '0', '登录成功', '2019-12-27 10:19:59');
INSERT INTO `sys_logininfor` VALUES (101, 'admin', '127.0.0.1', '内网IP', 'Microsoft Edge', 'Windows 10', '0', '登录成功', '2019-12-27 10:20:09');
INSERT INTO `sys_logininfor` VALUES (102, 'admin', '127.0.0.1', '内网IP', 'Microsoft Edge', 'Windows 10', '0', '退出成功', '2019-12-27 10:34:11');
INSERT INTO `sys_logininfor` VALUES (103, 'ry', '127.0.0.1', '内网IP', 'Microsoft Edge', 'Windows 10', '0', '登录成功', '2019-12-27 10:34:17');
INSERT INTO `sys_logininfor` VALUES (104, 'ry', '127.0.0.1', '内网IP', 'Microsoft Edge', 'Windows 10', '0', '退出成功', '2019-12-27 10:34:23');
INSERT INTO `sys_logininfor` VALUES (105, 'admin', '127.0.0.1', '内网IP', 'Microsoft Edge', 'Windows 10', '0', '登录成功', '2019-12-27 10:34:29');
INSERT INTO `sys_logininfor` VALUES (106, 'admin', '127.0.0.1', '内网IP', 'Microsoft Edge', 'Windows 10', '0', '退出成功', '2019-12-27 10:36:11');
INSERT INTO `sys_logininfor` VALUES (107, 'ry', '127.0.0.1', '内网IP', 'Microsoft Edge', 'Windows 10', '0', '登录成功', '2019-12-27 10:36:17');
INSERT INTO `sys_logininfor` VALUES (108, 'ry', '127.0.0.1', '内网IP', 'Microsoft Edge', 'Windows 10', '0', '退出成功', '2019-12-27 10:36:47');
INSERT INTO `sys_logininfor` VALUES (109, 'admin', '127.0.0.1', '内网IP', 'Microsoft Edge', 'Windows 10', '0', '登录成功', '2019-12-27 10:36:49');
INSERT INTO `sys_logininfor` VALUES (110, 'admin', '127.0.0.1', '内网IP', 'Microsoft Edge', 'Windows 10', '0', '退出成功', '2019-12-27 10:44:00');
INSERT INTO `sys_logininfor` VALUES (111, 'admin', '127.0.0.1', '内网IP', 'Chrome', 'Windows 10', '0', '登录成功', '2019-12-30 09:33:47');
INSERT INTO `sys_logininfor` VALUES (112, 'admin', '127.0.0.1', '内网IP', 'Chrome', 'Windows 10', '0', '退出成功', '2019-12-30 09:36:17');
INSERT INTO `sys_logininfor` VALUES (113, 'admin', '127.0.0.1', '内网IP', 'Chrome', 'Windows 10', '0', '登录成功', '2019-12-30 09:36:19');
INSERT INTO `sys_logininfor` VALUES (114, 'admin', '127.0.0.1', '内网IP', 'Chrome', 'Windows 10', '0', '登录成功', '2019-12-30 14:38:55');
INSERT INTO `sys_logininfor` VALUES (115, 'admin', '127.0.0.1', '内网IP', 'Chrome', 'Windows 10', '1', '验证码错误', '2019-12-30 14:51:45');
INSERT INTO `sys_logininfor` VALUES (116, 'admin', '127.0.0.1', '内网IP', 'Chrome', 'Windows 10', '0', '登录成功', '2019-12-30 14:51:48');
INSERT INTO `sys_logininfor` VALUES (117, 'admin', '127.0.0.1', '内网IP', 'Chrome', 'Windows 10', '0', '退出成功', '2019-12-30 15:22:10');
INSERT INTO `sys_logininfor` VALUES (118, 'admin', '127.0.0.1', '内网IP', 'Chrome', 'Windows 10', '0', '登录成功', '2019-12-30 15:22:12');
INSERT INTO `sys_logininfor` VALUES (119, 'admin', '127.0.0.1', '内网IP', 'Microsoft Edge', 'Windows 10', '1', '验证码错误', '2019-12-30 17:58:25');
INSERT INTO `sys_logininfor` VALUES (120, 'admin', '127.0.0.1', '内网IP', 'Microsoft Edge', 'Windows 10', '0', '登录成功', '2019-12-30 17:58:30');
INSERT INTO `sys_logininfor` VALUES (121, 'admin', '127.0.0.1', '内网IP', 'Chrome', 'Windows 10', '0', '登录成功', '2019-12-30 19:51:50');
INSERT INTO `sys_logininfor` VALUES (122, 'admin', '127.0.0.1', '内网IP', 'Microsoft Edge', 'Windows 10', '0', '登录成功', '2019-12-30 19:55:56');
INSERT INTO `sys_logininfor` VALUES (123, 'admin', '127.0.0.1', '内网IP', 'Microsoft Edge', 'Windows 10', '0', '退出成功', '2019-12-30 20:58:41');
INSERT INTO `sys_logininfor` VALUES (124, 'admin', '127.0.0.1', '内网IP', 'Chrome', 'Windows 10', '1', '验证码错误', '2019-12-30 21:16:36');
INSERT INTO `sys_logininfor` VALUES (125, 'admin', '127.0.0.1', '内网IP', 'Chrome', 'Windows 10', '0', '登录成功', '2019-12-30 21:16:38');
INSERT INTO `sys_logininfor` VALUES (126, 'admin', '127.0.0.1', '内网IP', 'Chrome', 'Windows 10', '0', '登录成功', '2019-12-31 09:52:43');
INSERT INTO `sys_logininfor` VALUES (127, 'admin', '127.0.0.1', '内网IP', 'Microsoft Edge', 'Windows 10', '0', '登录成功', '2019-12-31 09:53:04');
INSERT INTO `sys_logininfor` VALUES (128, 'admin', '127.0.0.1', '内网IP', 'Chrome', 'Windows 10', '0', '登录成功', '2019-12-31 10:39:13');
INSERT INTO `sys_logininfor` VALUES (129, 'admin', '127.0.0.1', '内网IP', 'Chrome', 'Windows 10', '0', '退出成功', '2019-12-31 10:42:07');
INSERT INTO `sys_logininfor` VALUES (130, '123456', '127.0.0.1', '内网IP', 'Chrome', 'Windows 10', '0', '登录成功', '2019-12-31 10:42:15');
INSERT INTO `sys_logininfor` VALUES (131, '123456', '127.0.0.1', '内网IP', 'Chrome', 'Windows 10', '0', '退出成功', '2019-12-31 10:42:28');
INSERT INTO `sys_logininfor` VALUES (132, 'admin', '127.0.0.1', '内网IP', 'Chrome', 'Windows 10', '0', '登录成功', '2019-12-31 10:42:34');
INSERT INTO `sys_logininfor` VALUES (133, 'admin', '127.0.0.1', '内网IP', 'Chrome', 'Windows 10', '0', '退出成功', '2019-12-31 10:44:52');
INSERT INTO `sys_logininfor` VALUES (134, '123456', '127.0.0.1', '内网IP', 'Chrome', 'Windows 10', '0', '登录成功', '2019-12-31 10:45:00');
INSERT INTO `sys_logininfor` VALUES (135, '123456', '127.0.0.1', '内网IP', 'Chrome', 'Windows 10', '0', '退出成功', '2019-12-31 10:45:27');
INSERT INTO `sys_logininfor` VALUES (136, 'admin', '127.0.0.1', '内网IP', 'Chrome', 'Windows 10', '1', '验证码错误', '2019-12-31 10:45:30');
INSERT INTO `sys_logininfor` VALUES (137, 'admin', '127.0.0.1', '内网IP', 'Chrome', 'Windows 10', '0', '登录成功', '2019-12-31 10:45:32');
INSERT INTO `sys_logininfor` VALUES (138, 'admin', '127.0.0.1', '内网IP', 'Chrome', 'Windows 10', '0', '退出成功', '2019-12-31 10:55:48');
INSERT INTO `sys_logininfor` VALUES (139, 'admin', '127.0.0.1', '内网IP', 'Microsoft Edge', 'Windows 10', '0', '登录成功', '2019-12-31 11:08:19');
INSERT INTO `sys_logininfor` VALUES (140, 'admin', '127.0.0.1', '内网IP', 'Microsoft Edge', 'Windows 10', '0', '退出成功', '2019-12-31 11:11:25');
INSERT INTO `sys_logininfor` VALUES (141, 'admin2', '127.0.0.1', '内网IP', 'Microsoft Edge', 'Windows 10', '0', '登录成功', '2019-12-31 11:11:34');
INSERT INTO `sys_logininfor` VALUES (142, 'admin2', '127.0.0.1', '内网IP', 'Microsoft Edge', 'Windows 10', '0', '退出成功', '2019-12-31 11:11:36');
INSERT INTO `sys_logininfor` VALUES (143, 'admin', '127.0.0.1', '内网IP', 'Chrome', 'Windows 10', '1', '验证码错误', '2019-12-31 11:21:37');
INSERT INTO `sys_logininfor` VALUES (144, 'admin', '127.0.0.1', '内网IP', 'Chrome', 'Windows 10', '1', '验证码错误', '2019-12-31 11:29:28');
INSERT INTO `sys_logininfor` VALUES (145, 'admin', '127.0.0.1', '内网IP', 'Chrome', 'Windows 10', '1', '密码输入错误1次', '2019-12-31 11:29:51');
INSERT INTO `sys_logininfor` VALUES (146, 'admin2', '127.0.0.1', '内网IP', 'Chrome', 'Windows 10', '0', '登录成功', '2019-12-31 11:30:39');
INSERT INTO `sys_logininfor` VALUES (147, 'admin2', '127.0.0.1', '内网IP', 'Chrome', 'Windows 10', '0', '登录成功', '2019-12-31 11:31:57');
INSERT INTO `sys_logininfor` VALUES (148, 'admin2', '127.0.0.1', '内网IP', 'Chrome', 'Windows 10', '0', '登录成功', '2019-12-31 11:38:29');
INSERT INTO `sys_logininfor` VALUES (149, 'admin2', '127.0.0.1', '内网IP', 'Chrome', 'Windows 10', '0', '退出成功', '2019-12-31 11:44:41');
INSERT INTO `sys_logininfor` VALUES (150, 'admin2', '127.0.0.1', '内网IP', 'Chrome', 'Windows 10', '0', '登录成功', '2019-12-31 11:45:58');
INSERT INTO `sys_logininfor` VALUES (151, 'admin2', '127.0.0.1', '内网IP', 'Chrome', 'Windows 10', '0', '退出成功', '2019-12-31 11:46:06');
INSERT INTO `sys_logininfor` VALUES (152, 'admin', '127.0.0.1', '内网IP', 'Chrome', 'Windows 10', '0', '登录成功', '2019-12-31 11:46:07');
INSERT INTO `sys_logininfor` VALUES (153, 'admin', '127.0.0.1', '内网IP', 'Chrome', 'Windows 10', '0', '退出成功', '2019-12-31 11:46:19');
INSERT INTO `sys_logininfor` VALUES (154, 'admin', '127.0.0.1', '内网IP', 'Chrome', 'Windows 10', '0', '登录成功', '2019-12-31 11:54:56');
INSERT INTO `sys_logininfor` VALUES (155, 'admin', '127.0.0.1', '内网IP', 'Chrome', 'Windows 10', '1', '密码输入错误1次', '2019-12-31 12:38:55');
INSERT INTO `sys_logininfor` VALUES (156, '123', '127.0.0.1', '内网IP', 'Chrome', 'Windows 10', '1', '对不起，您的账号已被删除', '2019-12-31 12:39:24');
INSERT INTO `sys_logininfor` VALUES (157, '123', '127.0.0.1', '内网IP', 'Chrome', 'Windows 10', '1', '密码输入错误1次', '2019-12-31 12:39:58');
INSERT INTO `sys_logininfor` VALUES (158, 'admin', '127.0.0.1', '内网IP', 'Microsoft Edge', 'Windows 10', '0', '登录成功', '2019-12-31 12:40:08');
INSERT INTO `sys_logininfor` VALUES (159, 'admin2', '127.0.0.1', '内网IP', 'Chrome', 'Windows 10', '0', '登录成功', '2019-12-31 14:23:31');
INSERT INTO `sys_logininfor` VALUES (160, 'admin', '127.0.0.1', '内网IP', 'Microsoft Edge', 'Windows 10', '0', '登录成功', '2019-12-31 14:32:54');
INSERT INTO `sys_logininfor` VALUES (161, 'admin2', '127.0.0.1', '内网IP', 'Chrome', 'Windows 10', '0', '退出成功', '2019-12-31 14:33:20');
INSERT INTO `sys_logininfor` VALUES (162, 'admin2', '127.0.0.1', '内网IP', 'Chrome', 'Windows 10', '1', '密码输入错误1次', '2019-12-31 14:33:28');
INSERT INTO `sys_logininfor` VALUES (163, 'admin2', '127.0.0.1', '内网IP', 'Chrome', 'Windows 10', '0', '登录成功', '2019-12-31 14:33:49');
INSERT INTO `sys_logininfor` VALUES (164, 'admin2', '127.0.0.1', '内网IP', 'Chrome', 'Windows 10', '0', '退出成功', '2019-12-31 14:38:47');
INSERT INTO `sys_logininfor` VALUES (165, 'admin2', '127.0.0.1', '内网IP', 'Chrome', 'Windows 10', '1', '密码输入错误1次', '2019-12-31 14:38:55');
INSERT INTO `sys_logininfor` VALUES (166, 'admin2', '127.0.0.1', '内网IP', 'Chrome', 'Windows 10', '0', '登录成功', '2019-12-31 14:39:11');
INSERT INTO `sys_logininfor` VALUES (167, 'admin2', '127.0.0.1', '内网IP', 'Chrome', 'Windows 10', '0', '登录成功', '2019-12-31 14:39:36');
INSERT INTO `sys_logininfor` VALUES (168, 'admin2', '127.0.0.1', '内网IP', 'Chrome', 'Windows 10', '0', '登录成功', '2019-12-31 14:40:35');
INSERT INTO `sys_logininfor` VALUES (169, 'admin2', '127.0.0.1', '内网IP', 'Chrome', 'Windows 10', '0', '登录成功', '2019-12-31 14:42:08');
INSERT INTO `sys_logininfor` VALUES (170, 'admin2', '127.0.0.1', '内网IP', 'Chrome', 'Windows 10', '0', '登录成功', '2019-12-31 14:43:36');
INSERT INTO `sys_logininfor` VALUES (171, 'admin2', '127.0.0.1', '内网IP', 'Chrome', 'Windows 10', '0', '退出成功', '2019-12-31 14:43:52');
INSERT INTO `sys_logininfor` VALUES (172, 'admin2', '127.0.0.1', '内网IP', 'Chrome', 'Windows 10', '0', '登录成功', '2019-12-31 14:44:01');
INSERT INTO `sys_logininfor` VALUES (173, 'admin', '127.0.0.1', '内网IP', 'Microsoft Edge', 'Windows 10', '0', '登录成功', '2019-12-31 15:58:04');
INSERT INTO `sys_logininfor` VALUES (174, 'admin2', '127.0.0.1', '内网IP', 'Chrome', 'Windows 10', '0', '登录成功', '2019-12-31 18:04:14');
INSERT INTO `sys_logininfor` VALUES (175, 'admin2', '127.0.0.1', '内网IP', 'Chrome', 'Windows 10', '0', '登录成功', '2019-12-31 19:17:18');
INSERT INTO `sys_logininfor` VALUES (176, 'admin2', '127.0.0.1', '内网IP', 'Chrome', 'Windows 10', '0', '登录成功', '2020-01-02 09:28:34');
INSERT INTO `sys_logininfor` VALUES (177, 'admin', '127.0.0.1', '内网IP', 'Microsoft Edge', 'Windows 10', '0', '登录成功', '2020-01-02 09:32:00');
INSERT INTO `sys_logininfor` VALUES (178, 'admin2', '127.0.0.1', '内网IP', 'Chrome', 'Windows 10', '0', '退出成功', '2020-01-02 09:39:29');
INSERT INTO `sys_logininfor` VALUES (179, 'admin2', '127.0.0.1', '内网IP', 'Chrome', 'Windows 10', '0', '登录成功', '2020-01-02 09:39:36');
INSERT INTO `sys_logininfor` VALUES (180, 'admin2', '127.0.0.1', '内网IP', 'Chrome', 'Windows 10', '0', '退出成功', '2020-01-02 10:04:56');
INSERT INTO `sys_logininfor` VALUES (181, 'admin2', '127.0.0.1', '内网IP', 'Chrome', 'Windows 10', '0', '登录成功', '2020-01-02 10:05:03');
INSERT INTO `sys_logininfor` VALUES (182, 'admin', '127.0.0.1', '内网IP', 'Microsoft Edge', 'Windows 10', '0', '登录成功', '2020-01-02 10:24:51');
INSERT INTO `sys_logininfor` VALUES (183, 'admin', '127.0.0.1', '内网IP', 'Chrome', 'Windows 10', '0', '登录成功', '2020-01-02 10:45:05');
INSERT INTO `sys_logininfor` VALUES (184, 'admin2', '127.0.0.1', '内网IP', 'Chrome', 'Windows 10', '0', '登录成功', '2020-01-02 11:04:16');
INSERT INTO `sys_logininfor` VALUES (185, 'admin2', '127.0.0.1', '内网IP', 'Chrome', 'Windows 10', '0', '退出成功', '2020-01-02 11:04:21');
INSERT INTO `sys_logininfor` VALUES (186, 'admin2', '127.0.0.1', '内网IP', 'Chrome', 'Windows 10', '0', '登录成功', '2020-01-02 11:31:37');
INSERT INTO `sys_logininfor` VALUES (187, 'admin2', '127.0.0.1', '内网IP', 'Chrome', 'Windows 10', '0', '退出成功', '2020-01-02 11:33:37');
INSERT INTO `sys_logininfor` VALUES (188, 'admin2', '127.0.0.1', '内网IP', 'Chrome', 'Windows 10', '0', '登录成功', '2020-01-02 11:33:44');
INSERT INTO `sys_logininfor` VALUES (189, 'admin2', '127.0.0.1', '内网IP', 'Chrome', 'Windows 10', '0', '退出成功', '2020-01-02 11:38:16');
INSERT INTO `sys_logininfor` VALUES (190, 'admin2', '127.0.0.1', '内网IP', 'Chrome', 'Windows 10', '0', '登录成功', '2020-01-02 11:38:50');
INSERT INTO `sys_logininfor` VALUES (191, 'admin', '127.0.0.1', '内网IP', 'Microsoft Edge', 'Windows 10', '0', '登录成功', '2020-01-02 11:43:17');
INSERT INTO `sys_logininfor` VALUES (192, 'admin2', '127.0.0.1', '内网IP', 'Chrome', 'Windows 10', '0', '退出成功', '2020-01-02 11:45:05');
INSERT INTO `sys_logininfor` VALUES (193, 'admin2', '127.0.0.1', '内网IP', 'Chrome', 'Windows 10', '0', '登录成功', '2020-01-02 11:46:11');
INSERT INTO `sys_logininfor` VALUES (194, 'admin2', '127.0.0.1', '内网IP', 'Chrome', 'Windows 10', '0', '登录成功', '2020-01-02 14:25:26');
INSERT INTO `sys_logininfor` VALUES (195, 'admin2', '127.0.0.1', '内网IP', 'Chrome', 'Windows 10', '0', '退出成功', '2020-01-02 14:25:55');
INSERT INTO `sys_logininfor` VALUES (196, 'admin2', '127.0.0.1', '内网IP', 'Chrome', 'Windows 10', '0', '登录成功', '2020-01-02 14:26:02');
INSERT INTO `sys_logininfor` VALUES (197, 'admin2', '127.0.0.1', '内网IP', 'Chrome', 'Windows 10', '0', '退出成功', '2020-01-02 14:27:24');
INSERT INTO `sys_logininfor` VALUES (198, 'admin2', '127.0.0.1', '内网IP', 'Chrome', 'Windows 10', '0', '登录成功', '2020-01-02 14:39:13');
INSERT INTO `sys_logininfor` VALUES (199, 'admin', '127.0.0.1', '内网IP', 'Microsoft Edge', 'Windows 10', '0', '登录成功', '2020-01-02 14:39:34');
INSERT INTO `sys_logininfor` VALUES (200, 'admin2', '127.0.0.1', '内网IP', 'Chrome', 'Windows 10', '0', '退出成功', '2020-01-02 14:40:29');
INSERT INTO `sys_logininfor` VALUES (201, 'admin2', '127.0.0.1', '内网IP', 'Chrome', 'Windows 10', '0', '登录成功', '2020-01-02 14:40:51');
INSERT INTO `sys_logininfor` VALUES (202, 'admin2', '127.0.0.1', '内网IP', 'Chrome', 'Windows 10', '0', '退出成功', '2020-01-02 14:42:55');
INSERT INTO `sys_logininfor` VALUES (203, 'admin', '127.0.0.1', '内网IP', 'Chrome', 'Windows 10', '0', '登录成功', '2020-01-02 14:43:33');
INSERT INTO `sys_logininfor` VALUES (204, 'admin', '127.0.0.1', '内网IP', 'Chrome', 'Windows 10', '0', '退出成功', '2020-01-02 14:43:35');
INSERT INTO `sys_logininfor` VALUES (205, 'admin2', '127.0.0.1', '内网IP', 'Chrome', 'Windows 10', '0', '登录成功', '2020-01-02 14:43:45');
INSERT INTO `sys_logininfor` VALUES (206, 'admin2', '127.0.0.1', '内网IP', 'Chrome', 'Windows 10', '0', '退出成功', '2020-01-02 14:43:48');
INSERT INTO `sys_logininfor` VALUES (207, 'admin', '127.0.0.1', '内网IP', 'Chrome', 'Windows 10', '0', '登录成功', '2020-01-02 15:22:30');
INSERT INTO `sys_logininfor` VALUES (208, 'admin', '127.0.0.1', '内网IP', 'Chrome', 'Windows 10', '0', '退出成功', '2020-01-02 15:48:11');
INSERT INTO `sys_logininfor` VALUES (209, 'admin2', '127.0.0.1', '内网IP', 'Chrome', 'Windows 10', '0', '登录成功', '2020-01-02 15:48:14');
INSERT INTO `sys_logininfor` VALUES (210, 'admin2', '127.0.0.1', '内网IP', 'Chrome', 'Windows 10', '0', '退出成功', '2020-01-02 15:53:55');
INSERT INTO `sys_logininfor` VALUES (211, 'admin2', '127.0.0.1', '内网IP', 'Chrome', 'Windows 10', '0', '登录成功', '2020-01-02 15:53:58');
INSERT INTO `sys_logininfor` VALUES (212, 'admin2', '127.0.0.1', '内网IP', 'Chrome', 'Windows 10', '0', '登录成功', '2020-01-02 16:24:43');
INSERT INTO `sys_logininfor` VALUES (213, 'admin', '127.0.0.1', '内网IP', 'Microsoft Edge', 'Windows 10', '0', '登录成功', '2020-01-02 16:25:24');
INSERT INTO `sys_logininfor` VALUES (214, 'admin2', '127.0.0.1', '内网IP', 'Chrome', 'Windows 10', '0', '退出成功', '2020-01-02 16:28:24');
INSERT INTO `sys_logininfor` VALUES (215, 'admin2', '127.0.0.1', '内网IP', 'Chrome', 'Windows 10', '0', '登录成功', '2020-01-02 16:28:26');
INSERT INTO `sys_logininfor` VALUES (216, 'admin2', '127.0.0.1', '内网IP', 'Chrome', 'Windows 10', '0', '退出成功', '2020-01-02 16:31:48');
INSERT INTO `sys_logininfor` VALUES (217, 'admin2', '127.0.0.1', '内网IP', 'Chrome', 'Windows 10', '0', '登录成功', '2020-01-02 16:31:51');
INSERT INTO `sys_logininfor` VALUES (218, 'admin2', '127.0.0.1', '内网IP', 'Chrome', 'Windows 10', '0', '退出成功', '2020-01-02 16:53:36');
INSERT INTO `sys_logininfor` VALUES (219, 'admin2', '127.0.0.1', '内网IP', 'Chrome', 'Windows 10', '0', '登录成功', '2020-01-02 16:53:41');
INSERT INTO `sys_logininfor` VALUES (220, 'admin', '127.0.0.1', '内网IP', 'Microsoft Edge', 'Windows 10', '0', '登录成功', '2020-01-02 16:55:05');
INSERT INTO `sys_logininfor` VALUES (221, 'admin2', '127.0.0.1', '内网IP', 'Chrome', 'Windows 10', '0', '退出成功', '2020-01-02 16:55:41');
INSERT INTO `sys_logininfor` VALUES (222, 'admin2', '127.0.0.1', '内网IP', 'Chrome', 'Windows 10', '0', '登录成功', '2020-01-02 16:55:43');
INSERT INTO `sys_logininfor` VALUES (223, 'admin2', '127.0.0.1', '内网IP', 'Chrome', 'Windows 10', '0', '退出成功', '2020-01-02 16:57:06');
INSERT INTO `sys_logininfor` VALUES (224, 'admin2', '127.0.0.1', '内网IP', 'Chrome', 'Windows 10', '0', '登录成功', '2020-01-02 16:57:14');
INSERT INTO `sys_logininfor` VALUES (225, 'admin2', '127.0.0.1', '内网IP', 'Chrome', 'Windows 10', '0', '退出成功', '2020-01-02 17:08:46');
INSERT INTO `sys_logininfor` VALUES (226, 'admin2', '127.0.0.1', '内网IP', 'Chrome', 'Windows 10', '0', '登录成功', '2020-01-02 17:08:48');
INSERT INTO `sys_logininfor` VALUES (227, 'admin2', '127.0.0.1', '内网IP', 'Chrome', 'Windows 10', '0', '退出成功', '2020-01-02 17:10:30');
INSERT INTO `sys_logininfor` VALUES (228, 'admin2', '127.0.0.1', '内网IP', 'Chrome', 'Windows 10', '0', '登录成功', '2020-01-02 17:10:32');
INSERT INTO `sys_logininfor` VALUES (229, 'admin', '127.0.0.1', '内网IP', 'Microsoft Edge', 'Windows 10', '0', '登录成功', '2020-01-02 17:33:59');
INSERT INTO `sys_logininfor` VALUES (230, 'admin2', '127.0.0.1', '内网IP', 'Chrome', 'Windows 10', '0', '退出成功', '2020-01-02 17:40:21');
INSERT INTO `sys_logininfor` VALUES (231, 'admin2', '127.0.0.1', '内网IP', 'Chrome', 'Windows 10', '0', '登录成功', '2020-01-02 17:40:24');
INSERT INTO `sys_logininfor` VALUES (232, 'admin', '127.0.0.1', '内网IP', 'Microsoft Edge', 'Windows 10', '0', '登录成功', '2020-01-02 19:51:56');
INSERT INTO `sys_logininfor` VALUES (233, 'admin', '127.0.0.1', '内网IP', 'Microsoft Edge', 'Windows 10', '0', '登录成功', '2020-01-02 19:54:17');
INSERT INTO `sys_logininfor` VALUES (234, 'admin2', '127.0.0.1', '内网IP', 'Chrome', 'Windows 10', '0', '登录成功', '2020-01-02 20:08:23');
INSERT INTO `sys_logininfor` VALUES (235, 'admin', '127.0.0.1', '内网IP', 'Microsoft Edge', 'Windows 10', '0', '登录成功', '2020-01-02 20:26:05');
INSERT INTO `sys_logininfor` VALUES (236, 'admin', '127.0.0.1', '内网IP', 'Microsoft Edge', 'Windows 10', '0', '登录成功', '2020-01-02 21:02:42');
INSERT INTO `sys_logininfor` VALUES (237, 'admin2', '127.0.0.1', '内网IP', 'Chrome', 'Windows 10', '0', '登录成功', '2020-01-03 09:03:46');
INSERT INTO `sys_logininfor` VALUES (238, 'admin2', '127.0.0.1', '内网IP', 'Chrome', 'Windows 10', '0', '退出成功', '2020-01-03 09:05:14');
INSERT INTO `sys_logininfor` VALUES (239, 'admin2', '127.0.0.1', '内网IP', 'Chrome', 'Windows 10', '0', '登录成功', '2020-01-03 09:08:22');
INSERT INTO `sys_logininfor` VALUES (240, 'admin2', '127.0.0.1', '内网IP', 'Chrome', 'Windows 10', '0', '退出成功', '2020-01-03 09:08:31');
INSERT INTO `sys_logininfor` VALUES (241, 'admin2', '127.0.0.1', '内网IP', 'Chrome', 'Windows 10', '0', '登录成功', '2020-01-03 09:08:33');
INSERT INTO `sys_logininfor` VALUES (242, 'admin2', '127.0.0.1', '内网IP', 'Chrome', 'Windows 10', '0', '退出成功', '2020-01-03 09:11:15');
INSERT INTO `sys_logininfor` VALUES (243, 'admin2', '127.0.0.1', '内网IP', 'Chrome', 'Windows 10', '0', '登录成功', '2020-01-03 09:12:09');
INSERT INTO `sys_logininfor` VALUES (244, 'admin2', '127.0.0.1', '内网IP', 'Chrome', 'Windows 10', '0', '登录成功', '2020-01-03 09:12:33');
INSERT INTO `sys_logininfor` VALUES (245, 'admin2', '127.0.0.1', '内网IP', 'Chrome', 'Windows 10', '0', '退出成功', '2020-01-03 09:14:16');
INSERT INTO `sys_logininfor` VALUES (246, 'admin2', '127.0.0.1', '内网IP', 'Chrome', 'Windows 10', '0', '登录成功', '2020-01-03 09:14:21');
INSERT INTO `sys_logininfor` VALUES (247, 'admin2', '127.0.0.1', '内网IP', 'Chrome', 'Windows 10', '0', '退出成功', '2020-01-03 09:16:24');
INSERT INTO `sys_logininfor` VALUES (248, 'admin2', '127.0.0.1', '内网IP', 'Chrome', 'Windows 10', '0', '登录成功', '2020-01-03 09:17:10');
INSERT INTO `sys_logininfor` VALUES (249, 'admin2', '127.0.0.1', '内网IP', 'Chrome', 'Windows 10', '0', '退出成功', '2020-01-03 09:17:28');
INSERT INTO `sys_logininfor` VALUES (250, 'admin2', '127.0.0.1', '内网IP', 'Chrome', 'Windows 10', '0', '登录成功', '2020-01-03 09:17:31');
INSERT INTO `sys_logininfor` VALUES (251, 'admin', '127.0.0.1', '内网IP', 'Microsoft Edge', 'Windows 10', '0', '登录成功', '2020-01-03 09:25:02');
INSERT INTO `sys_logininfor` VALUES (252, 'admin2', '127.0.0.1', '内网IP', 'Chrome', 'Windows 10', '0', '登录成功', '2020-01-03 09:49:42');
INSERT INTO `sys_logininfor` VALUES (253, 'admin', '127.0.0.1', '内网IP', 'Microsoft Edge', 'Windows 10', '0', '登录成功', '2020-01-03 10:42:32');
INSERT INTO `sys_logininfor` VALUES (254, 'admin2', '127.0.0.1', '内网IP', 'Chrome', 'Windows 10', '0', '退出成功', '2020-01-03 11:11:25');
INSERT INTO `sys_logininfor` VALUES (255, 'admin', '127.0.0.1', '内网IP', 'Chrome', 'Windows 10', '0', '登录成功', '2020-01-03 11:11:30');
INSERT INTO `sys_logininfor` VALUES (256, 'admin2', '127.0.0.1', '内网IP', 'Chrome', 'Windows 10', '0', '登录成功', '2020-01-03 11:47:30');
INSERT INTO `sys_logininfor` VALUES (257, 'admin2', '127.0.0.1', '内网IP', 'Chrome', 'Windows 10', '0', '退出成功', '2020-01-03 11:47:40');
INSERT INTO `sys_logininfor` VALUES (258, 'admin', '127.0.0.1', '内网IP', 'Chrome', 'Windows 10', '0', '登录成功', '2020-01-03 11:47:47');
INSERT INTO `sys_logininfor` VALUES (259, 'admin', '127.0.0.1', '内网IP', 'Chrome', 'Windows 10', '0', '退出成功', '2020-01-03 11:48:35');
INSERT INTO `sys_logininfor` VALUES (260, 'admin2', '127.0.0.1', '内网IP', 'Chrome', 'Windows 10', '0', '登录成功', '2020-01-03 11:48:42');
INSERT INTO `sys_logininfor` VALUES (261, 'admin2', '127.0.0.1', '内网IP', 'Chrome', 'Windows 10', '0', '退出成功', '2020-01-03 11:48:53');
INSERT INTO `sys_logininfor` VALUES (262, 'admin', '127.0.0.1', '内网IP', 'Chrome', 'Windows 10', '0', '登录成功', '2020-01-03 11:49:06');
INSERT INTO `sys_logininfor` VALUES (263, 'admin', '127.0.0.1', '内网IP', 'Chrome', 'Windows 10', '0', '退出成功', '2020-01-03 11:49:25');
INSERT INTO `sys_logininfor` VALUES (264, 'admin2', '127.0.0.1', '内网IP', 'Chrome', 'Windows 10', '0', '登录成功', '2020-01-03 11:49:29');
INSERT INTO `sys_logininfor` VALUES (265, 'admin', '127.0.0.1', '内网IP', 'Microsoft Edge', 'Windows 10', '0', '登录成功', '2020-01-03 11:57:48');
INSERT INTO `sys_logininfor` VALUES (266, 'admin2', '127.0.0.1', '内网IP', 'Chrome', 'Windows 10', '0', '登录成功', '2020-01-03 14:18:06');
INSERT INTO `sys_logininfor` VALUES (267, 'admin', '127.0.0.1', '内网IP', 'Microsoft Edge', 'Windows 10', '0', '登录成功', '2020-01-03 14:18:51');
INSERT INTO `sys_logininfor` VALUES (268, 'admin2', '127.0.0.1', '内网IP', 'Chrome', 'Windows 10', '0', '退出成功', '2020-01-03 14:19:50');
INSERT INTO `sys_logininfor` VALUES (269, 'admin2', '127.0.0.1', '内网IP', 'Chrome', 'Windows 10', '0', '登录成功', '2020-01-03 14:19:53');
INSERT INTO `sys_logininfor` VALUES (270, 'admin2', '127.0.0.1', '内网IP', 'Chrome', 'Windows 10', '0', '退出成功', '2020-01-03 14:24:31');
INSERT INTO `sys_logininfor` VALUES (271, 'admin2', '127.0.0.1', '内网IP', 'Chrome', 'Windows 10', '0', '登录成功', '2020-01-03 14:24:34');
INSERT INTO `sys_logininfor` VALUES (272, 'admin2', '127.0.0.1', '内网IP', 'Chrome', 'Windows 10', '0', '退出成功', '2020-01-03 14:42:05');
INSERT INTO `sys_logininfor` VALUES (273, 'admin2', '127.0.0.1', '内网IP', 'Chrome', 'Windows 10', '0', '登录成功', '2020-01-03 14:42:08');
INSERT INTO `sys_logininfor` VALUES (274, 'admin2', '127.0.0.1', '内网IP', 'Chrome', 'Windows 10', '0', '登录成功', '2020-01-03 15:26:21');
INSERT INTO `sys_logininfor` VALUES (275, 'admin', '127.0.0.1', '内网IP', 'Microsoft Edge', 'Windows 10', '0', '登录成功', '2020-01-03 15:45:53');
INSERT INTO `sys_logininfor` VALUES (276, 'admin2', '127.0.0.1', '内网IP', 'Chrome', 'Windows 10', '0', '登录成功', '2020-01-03 15:55:42');
INSERT INTO `sys_logininfor` VALUES (277, 'admin', '127.0.0.1', '内网IP', 'Microsoft Edge', 'Windows 10', '0', '登录成功', '2020-01-03 16:09:20');
INSERT INTO `sys_logininfor` VALUES (278, 'admin2', '127.0.0.1', '内网IP', 'Chrome', 'Windows 10', '0', '退出成功', '2020-01-03 16:44:32');
INSERT INTO `sys_logininfor` VALUES (279, 'admin2', '127.0.0.1', '内网IP', 'Chrome', 'Windows 10', '0', '登录成功', '2020-01-03 16:44:36');
INSERT INTO `sys_logininfor` VALUES (280, 'admin2', '127.0.0.1', '内网IP', 'Chrome', 'Windows 10', '0', '退出成功', '2020-01-03 17:13:26');
INSERT INTO `sys_logininfor` VALUES (281, 'admin2', '127.0.0.1', '内网IP', 'Chrome', 'Windows 10', '0', '登录成功', '2020-01-03 17:13:29');
INSERT INTO `sys_logininfor` VALUES (282, 'admin2', '127.0.0.1', '内网IP', 'Chrome', 'Windows 10', '0', '退出成功', '2020-01-03 17:42:54');
INSERT INTO `sys_logininfor` VALUES (283, 'admin2', '127.0.0.1', '内网IP', 'Chrome', 'Windows 10', '0', '登录成功', '2020-01-03 17:42:56');
INSERT INTO `sys_logininfor` VALUES (284, 'admin2', '127.0.0.1', '内网IP', 'Chrome', 'Windows 10', '0', '退出成功', '2020-01-03 17:58:36');
INSERT INTO `sys_logininfor` VALUES (285, 'admin2', '127.0.0.1', '内网IP', 'Chrome', 'Windows 10', '0', '登录成功', '2020-01-03 17:58:38');
INSERT INTO `sys_logininfor` VALUES (286, 'admin2', '127.0.0.1', '内网IP', 'Chrome', 'Windows 10', '0', '退出成功', '2020-01-03 18:00:21');
INSERT INTO `sys_logininfor` VALUES (287, 'admin2', '127.0.0.1', '内网IP', 'Chrome', 'Windows 10', '0', '登录成功', '2020-01-03 18:00:24');
INSERT INTO `sys_logininfor` VALUES (288, 'admin2', '127.0.0.1', '内网IP', 'Chrome', 'Windows 10', '0', '登录成功', '2020-01-04 15:56:16');
INSERT INTO `sys_logininfor` VALUES (289, 'admin', '127.0.0.1', '内网IP', 'Microsoft Edge', 'Windows 10', '0', '登录成功', '2020-01-04 15:57:04');
INSERT INTO `sys_logininfor` VALUES (290, 'admin2', '127.0.0.1', '内网IP', 'Chrome', 'Windows 10', '0', '退出成功', '2020-01-04 15:57:49');
INSERT INTO `sys_logininfor` VALUES (291, 'admin2', '127.0.0.1', '内网IP', 'Chrome', 'Windows 10', '0', '登录成功', '2020-01-04 15:57:52');
INSERT INTO `sys_logininfor` VALUES (292, 'admin2', '127.0.0.1', '内网IP', 'Chrome', 'Windows 10', '0', '退出成功', '2020-01-04 16:00:28');
INSERT INTO `sys_logininfor` VALUES (293, 'admin2', '127.0.0.1', '内网IP', 'Chrome', 'Windows 10', '0', '登录成功', '2020-01-04 16:00:31');
INSERT INTO `sys_logininfor` VALUES (294, 'admin2', '127.0.0.1', '内网IP', 'Chrome', 'Windows 10', '0', '退出成功', '2020-01-04 16:11:10');
INSERT INTO `sys_logininfor` VALUES (295, 'admin2', '127.0.0.1', '内网IP', 'Chrome', 'Windows 10', '0', '登录成功', '2020-01-04 16:11:13');
INSERT INTO `sys_logininfor` VALUES (296, 'admin2', '127.0.0.1', '内网IP', 'Chrome', 'Windows 10', '0', '退出成功', '2020-01-04 16:12:59');
INSERT INTO `sys_logininfor` VALUES (297, 'admin2', '127.0.0.1', '内网IP', 'Chrome', 'Windows 10', '0', '登录成功', '2020-01-04 16:13:02');
INSERT INTO `sys_logininfor` VALUES (298, 'admin2', '127.0.0.1', '内网IP', 'Chrome', 'Windows 10', '0', '退出成功', '2020-01-04 16:24:59');
INSERT INTO `sys_logininfor` VALUES (299, 'admin2', '127.0.0.1', '内网IP', 'Chrome', 'Windows 10', '0', '登录成功', '2020-01-04 16:25:02');
INSERT INTO `sys_logininfor` VALUES (300, 'admin2', '127.0.0.1', '内网IP', 'Chrome', 'Windows 10', '0', '退出成功', '2020-01-04 16:26:50');
INSERT INTO `sys_logininfor` VALUES (301, 'admin2', '127.0.0.1', '内网IP', 'Chrome', 'Windows 10', '0', '登录成功', '2020-01-04 16:26:53');
INSERT INTO `sys_logininfor` VALUES (302, 'admin2', '127.0.0.1', '内网IP', 'Chrome', 'Windows 10', '0', '退出成功', '2020-01-04 16:29:09');
INSERT INTO `sys_logininfor` VALUES (303, 'admin2', '127.0.0.1', '内网IP', 'Chrome', 'Windows 10', '0', '登录成功', '2020-01-04 16:29:14');
INSERT INTO `sys_logininfor` VALUES (304, 'admin2', '127.0.0.1', '内网IP', 'Chrome', 'Windows 10', '0', '退出成功', '2020-01-04 16:30:05');
INSERT INTO `sys_logininfor` VALUES (305, 'admin2', '127.0.0.1', '内网IP', 'Chrome', 'Windows 10', '0', '登录成功', '2020-01-04 16:30:09');
INSERT INTO `sys_logininfor` VALUES (306, 'admin2', '127.0.0.1', '内网IP', 'Chrome', 'Windows 10', '0', '退出成功', '2020-01-04 16:35:11');
INSERT INTO `sys_logininfor` VALUES (307, 'admin2', '127.0.0.1', '内网IP', 'Chrome', 'Windows 10', '0', '登录成功', '2020-01-04 16:35:16');
INSERT INTO `sys_logininfor` VALUES (308, 'admin2', '127.0.0.1', '内网IP', 'Chrome', 'Windows 10', '0', '退出成功', '2020-01-04 16:36:07');
INSERT INTO `sys_logininfor` VALUES (309, 'admin2', '127.0.0.1', '内网IP', 'Chrome', 'Windows 10', '0', '登录成功', '2020-01-04 16:36:10');
INSERT INTO `sys_logininfor` VALUES (310, 'admin2', '127.0.0.1', '内网IP', 'Chrome', 'Windows 10', '0', '退出成功', '2020-01-04 16:36:35');
INSERT INTO `sys_logininfor` VALUES (311, 'admin2', '127.0.0.1', '内网IP', 'Chrome', 'Windows 10', '0', '登录成功', '2020-01-04 16:36:38');
INSERT INTO `sys_logininfor` VALUES (312, 'admin2', '127.0.0.1', '内网IP', 'Chrome', 'Windows 10', '0', '退出成功', '2020-01-04 16:39:55');
INSERT INTO `sys_logininfor` VALUES (313, 'admin2', '127.0.0.1', '内网IP', 'Chrome', 'Windows 10', '0', '登录成功', '2020-01-04 16:39:59');
INSERT INTO `sys_logininfor` VALUES (314, 'admin2', '127.0.0.1', '内网IP', 'Chrome', 'Windows 10', '0', '退出成功', '2020-01-04 16:44:56');
INSERT INTO `sys_logininfor` VALUES (315, 'admin2', '127.0.0.1', '内网IP', 'Chrome', 'Windows 10', '0', '登录成功', '2020-01-04 16:45:05');
INSERT INTO `sys_logininfor` VALUES (316, 'admin', '127.0.0.1', '内网IP', 'Microsoft Edge', 'Windows 10', '0', '登录成功', '2020-01-04 16:47:20');
INSERT INTO `sys_logininfor` VALUES (317, 'admin2', '127.0.0.1', '内网IP', 'Chrome', 'Windows 10', '0', '退出成功', '2020-01-04 16:48:20');
INSERT INTO `sys_logininfor` VALUES (318, 'admin2', '127.0.0.1', '内网IP', 'Chrome', 'Windows 10', '0', '登录成功', '2020-01-04 16:48:24');
INSERT INTO `sys_logininfor` VALUES (319, 'admin2', '127.0.0.1', '内网IP', 'Chrome', 'Windows 10', '0', '退出成功', '2020-01-04 16:49:52');
INSERT INTO `sys_logininfor` VALUES (320, 'admin2', '127.0.0.1', '内网IP', 'Chrome', 'Windows 10', '0', '登录成功', '2020-01-04 16:50:09');
INSERT INTO `sys_logininfor` VALUES (321, 'admin2', '127.0.0.1', '内网IP', 'Chrome', 'Windows 10', '0', '退出成功', '2020-01-04 16:53:43');
INSERT INTO `sys_logininfor` VALUES (322, 'admin2', '127.0.0.1', '内网IP', 'Chrome', 'Windows 10', '0', '登录成功', '2020-01-04 16:53:47');
INSERT INTO `sys_logininfor` VALUES (323, 'admin2', '127.0.0.1', '内网IP', 'Chrome', 'Windows 10', '0', '退出成功', '2020-01-04 16:54:11');
INSERT INTO `sys_logininfor` VALUES (324, 'admin2', '127.0.0.1', '内网IP', 'Chrome', 'Windows 10', '0', '登录成功', '2020-01-04 16:54:21');
INSERT INTO `sys_logininfor` VALUES (325, 'admin2', '127.0.0.1', '内网IP', 'Chrome', 'Windows 10', '0', '退出成功', '2020-01-04 16:54:35');
INSERT INTO `sys_logininfor` VALUES (326, 'admin2', '127.0.0.1', '内网IP', 'Chrome', 'Windows 10', '0', '登录成功', '2020-01-04 16:54:37');
INSERT INTO `sys_logininfor` VALUES (327, 'admin2', '127.0.0.1', '内网IP', 'Chrome', 'Windows 10', '0', '退出成功', '2020-01-04 16:55:21');
INSERT INTO `sys_logininfor` VALUES (328, 'admin2', '127.0.0.1', '内网IP', 'Chrome', 'Windows 10', '0', '登录成功', '2020-01-04 16:55:25');
INSERT INTO `sys_logininfor` VALUES (329, 'admin2', '127.0.0.1', '内网IP', 'Chrome', 'Windows 10', '0', '退出成功', '2020-01-04 16:56:17');
INSERT INTO `sys_logininfor` VALUES (330, 'admin2', '127.0.0.1', '内网IP', 'Chrome', 'Windows 10', '0', '登录成功', '2020-01-04 16:56:20');
INSERT INTO `sys_logininfor` VALUES (331, 'admin2', '127.0.0.1', '内网IP', 'Chrome', 'Windows 10', '0', '退出成功', '2020-01-04 16:59:07');
INSERT INTO `sys_logininfor` VALUES (332, 'admin2', '127.0.0.1', '内网IP', 'Chrome', 'Windows 10', '0', '登录成功', '2020-01-04 16:59:12');
INSERT INTO `sys_logininfor` VALUES (333, 'admin2', '127.0.0.1', '内网IP', 'Chrome', 'Windows 10', '0', '退出成功', '2020-01-04 17:00:57');
INSERT INTO `sys_logininfor` VALUES (334, 'admin2', '127.0.0.1', '内网IP', 'Chrome', 'Windows 10', '0', '登录成功', '2020-01-04 17:01:00');
INSERT INTO `sys_logininfor` VALUES (335, 'admin2', '127.0.0.1', '内网IP', 'Chrome', 'Windows 10', '0', '退出成功', '2020-01-04 17:05:51');
INSERT INTO `sys_logininfor` VALUES (336, 'admin2', '127.0.0.1', '内网IP', 'Chrome', 'Windows 10', '0', '登录成功', '2020-01-04 17:06:25');
INSERT INTO `sys_logininfor` VALUES (337, 'admin', '127.0.0.1', '内网IP', 'Microsoft Edge', 'Windows 10', '0', '登录成功', '2020-01-04 17:11:39');
INSERT INTO `sys_logininfor` VALUES (338, 'admin', '127.0.0.1', '内网IP', 'Microsoft Edge', 'Windows 10', '0', '登录成功', '2020-01-04 17:46:15');
INSERT INTO `sys_logininfor` VALUES (339, 'admin2', '127.0.0.1', '内网IP', 'Chrome', 'Windows 10', '0', '退出成功', '2020-01-04 17:47:31');
INSERT INTO `sys_logininfor` VALUES (340, 'admin2', '127.0.0.1', '内网IP', 'Chrome', 'Windows 10', '0', '登录成功', '2020-01-04 17:47:42');
INSERT INTO `sys_logininfor` VALUES (341, 'admin2', '127.0.0.1', '内网IP', 'Chrome', 'Windows 10', '0', '退出成功', '2020-01-04 17:48:22');
INSERT INTO `sys_logininfor` VALUES (342, 'admin2', '127.0.0.1', '内网IP', 'Chrome', 'Windows 10', '0', '登录成功', '2020-01-04 17:48:40');
INSERT INTO `sys_logininfor` VALUES (343, 'admin2', '127.0.0.1', '内网IP', 'Chrome', 'Windows 10', '0', '退出成功', '2020-01-04 18:18:45');
INSERT INTO `sys_logininfor` VALUES (344, 'admin2', '127.0.0.1', '内网IP', 'Chrome', 'Windows 10', '0', '登录成功', '2020-01-04 18:18:48');
INSERT INTO `sys_logininfor` VALUES (345, 'admin', '127.0.0.1', '内网IP', 'Microsoft Edge', 'Windows 10', '0', '登录成功', '2020-01-04 19:22:40');
INSERT INTO `sys_logininfor` VALUES (346, 'admin', '127.0.0.1', '内网IP', 'Chrome', 'Windows 10', '0', '登录成功', '2020-01-04 20:06:21');
INSERT INTO `sys_logininfor` VALUES (347, 'admin', '127.0.0.1', '内网IP', 'Chrome', 'Windows 10', '0', '退出成功', '2020-01-04 20:33:01');
INSERT INTO `sys_logininfor` VALUES (348, 'admin2', '127.0.0.1', '内网IP', 'Chrome', 'Windows 10', '0', '登录成功', '2020-01-04 20:33:04');
INSERT INTO `sys_logininfor` VALUES (349, 'admin2', '127.0.0.1', '内网IP', 'Chrome', 'Windows 10', '0', '退出成功', '2020-01-04 20:42:18');
INSERT INTO `sys_logininfor` VALUES (350, 'admin2', '127.0.0.1', '内网IP', 'Chrome', 'Windows 10', '1', '密码输入错误1次', '2020-01-04 20:42:21');
INSERT INTO `sys_logininfor` VALUES (351, 'admin2', '127.0.0.1', '内网IP', 'Chrome', 'Windows 10', '0', '登录成功', '2020-01-04 20:42:39');
INSERT INTO `sys_logininfor` VALUES (352, 'admin2', '127.0.0.1', '内网IP', 'Chrome', 'Windows 10', '1', '密码输入错误1次', '2020-01-04 21:36:04');
INSERT INTO `sys_logininfor` VALUES (353, 'admin2', '127.0.0.1', '内网IP', 'Chrome', 'Windows 10', '0', '登录成功', '2020-01-04 21:36:13');
INSERT INTO `sys_logininfor` VALUES (354, 'admin2', '127.0.0.1', '内网IP', 'Chrome', 'Windows 10', '1', '密码输入错误1次', '2020-01-04 22:14:24');
INSERT INTO `sys_logininfor` VALUES (355, 'admin', '127.0.0.1', '内网IP', 'Microsoft Edge', 'Windows 10', '0', '登录成功', '2020-01-04 22:23:50');

-- ----------------------------
-- Table structure for sys_menu
-- ----------------------------
DROP TABLE IF EXISTS `sys_menu`;
CREATE TABLE `sys_menu`  (
  `menu_id` bigint(20) NOT NULL AUTO_INCREMENT COMMENT '菜单ID',
  `menu_name` varchar(50) CHARACTER SET utf8mb4 COLLATE utf8mb4_0900_ai_ci NOT NULL COMMENT '菜单名称',
  `parent_id` bigint(20) NULL DEFAULT 0 COMMENT '父菜单ID',
  `order_num` int(4) NULL DEFAULT 0 COMMENT '显示顺序',
  `url` varchar(200) CHARACTER SET utf8mb4 COLLATE utf8mb4_0900_ai_ci NULL DEFAULT '#' COMMENT '请求地址',
  `target` varchar(20) CHARACTER SET utf8mb4 COLLATE utf8mb4_0900_ai_ci NULL DEFAULT '' COMMENT '打开方式（menuItem页签 menuBlank新窗口）',
  `menu_type` char(1) CHARACTER SET utf8mb4 COLLATE utf8mb4_0900_ai_ci NULL DEFAULT '' COMMENT '菜单类型（M目录 C菜单 F按钮）',
  `visible` char(1) CHARACTER SET utf8mb4 COLLATE utf8mb4_0900_ai_ci NULL DEFAULT '0' COMMENT '菜单状态（0显示 1隐藏）',
  `perms` varchar(100) CHARACTER SET utf8mb4 COLLATE utf8mb4_0900_ai_ci NULL DEFAULT NULL COMMENT '权限标识',
  `icon` varchar(100) CHARACTER SET utf8mb4 COLLATE utf8mb4_0900_ai_ci NULL DEFAULT '#' COMMENT '菜单图标',
  `create_by` varchar(64) CHARACTER SET utf8mb4 COLLATE utf8mb4_0900_ai_ci NULL DEFAULT '' COMMENT '创建者',
  `create_time` datetime(0) NULL DEFAULT NULL COMMENT '创建时间',
  `update_by` varchar(64) CHARACTER SET utf8mb4 COLLATE utf8mb4_0900_ai_ci NULL DEFAULT '' COMMENT '更新者',
  `update_time` datetime(0) NULL DEFAULT NULL COMMENT '更新时间',
  `remark` varchar(500) CHARACTER SET utf8mb4 COLLATE utf8mb4_0900_ai_ci NULL DEFAULT '' COMMENT '备注',
  PRIMARY KEY (`menu_id`) USING BTREE
) ENGINE = InnoDB AUTO_INCREMENT = 2061 CHARACTER SET = utf8mb4 COLLATE = utf8mb4_0900_ai_ci COMMENT = '菜单权限表' ROW_FORMAT = Dynamic;

-- ----------------------------
-- Records of sys_menu
-- ----------------------------
INSERT INTO `sys_menu` VALUES (1, '系统管理', 0, 1, '#', '', 'M', '0', '', 'fa fa-gear', 'admin', '2018-03-16 11:33:00', 'ry', '2018-03-16 11:33:00', '系统管理目录');
INSERT INTO `sys_menu` VALUES (2, '系统监控', 0, 2, '#', '', 'M', '0', '', 'fa fa-video-camera', 'admin', '2018-03-16 11:33:00', 'ry', '2018-03-16 11:33:00', '系统监控目录');
INSERT INTO `sys_menu` VALUES (3, '开发工具', 0, 3, '#', 'menuItem', 'M', '0', '', 'fa fa-bars', 'admin', '2018-03-16 11:33:00', 'admin', '2020-01-03 09:33:58', '系统工具目录');
INSERT INTO `sys_menu` VALUES (100, '用户管理', 2052, 1, '/system/user', 'menuItem', 'C', '0', 'system:user:view', '#', 'admin', '2018-03-16 11:33:00', 'admin', '2020-01-03 09:30:31', '用户管理菜单');
INSERT INTO `sys_menu` VALUES (101, '角色管理', 2052, 2, '/system/role', 'menuItem', 'C', '0', 'system:role:view', '#', 'admin', '2018-03-16 11:33:00', 'admin', '2020-01-03 09:30:45', '角色管理菜单');
INSERT INTO `sys_menu` VALUES (102, '菜单管理', 2052, 3, '/system/menu', 'menuItem', 'C', '0', 'system:menu:view', '#', 'admin', '2018-03-16 11:33:00', 'admin', '2020-01-03 09:30:57', '菜单管理菜单');
INSERT INTO `sys_menu` VALUES (103, '部门管理', 2052, 4, '/system/dept', 'menuItem', 'C', '0', 'system:dept:view', '#', 'admin', '2018-03-16 11:33:00', 'admin', '2020-01-03 09:31:06', '部门管理菜单');
INSERT INTO `sys_menu` VALUES (104, '岗位管理', 2052, 5, '/system/post', 'menuItem', 'C', '0', 'system:post:view', '#', 'admin', '2018-03-16 11:33:00', 'admin', '2020-01-03 09:31:16', '岗位管理菜单');
INSERT INTO `sys_menu` VALUES (105, '字典管理', 1, 1, '/system/dict', 'menuItem', 'C', '0', 'system:dict:view', '#', 'admin', '2018-03-16 11:33:00', 'admin', '2020-01-03 09:42:03', '字典管理菜单');
INSERT INTO `sys_menu` VALUES (106, '参数设置', 1, 2, '/system/config', 'menuItem', 'C', '0', 'system:config:view', '#', 'admin', '2018-03-16 11:33:00', 'admin', '2020-01-03 09:42:09', '参数设置菜单');
INSERT INTO `sys_menu` VALUES (107, '通知广告', 2053, 3, '/system/notice', 'menuItem', 'C', '0', 'system:notice:view', '#', 'admin', '2018-03-16 11:33:00', 'admin', '2020-01-03 09:41:23', '通知公告菜单');
INSERT INTO `sys_menu` VALUES (108, '日志管理', 2, 3, '#', 'menuItem', 'M', '0', '', '#', 'admin', '2018-03-16 11:33:00', 'admin', '2020-01-03 09:32:05', '日志管理菜单');
INSERT INTO `sys_menu` VALUES (109, '在线用户', 2, 1, '/monitor/online', '', 'C', '0', 'monitor:online:view', '#', 'admin', '2018-03-16 11:33:00', 'ry', '2018-03-16 11:33:00', '在线用户菜单');
INSERT INTO `sys_menu` VALUES (110, '定时任务', 2, 2, '/monitor/job', '', 'C', '0', 'monitor:job:view', '#', 'admin', '2018-03-16 11:33:00', 'ry', '2018-03-16 11:33:00', '定时任务菜单');
INSERT INTO `sys_menu` VALUES (111, '数据监控', 2, 5, '/monitor/data', 'menuItem', 'C', '0', 'monitor:data:view', '#', 'admin', '2018-03-16 11:33:00', 'admin', '2020-01-03 09:32:28', '数据监控菜单');
INSERT INTO `sys_menu` VALUES (112, '服务监控', 2, 3, '/monitor/server', '', 'C', '0', 'monitor:server:view', '#', 'admin', '2018-03-16 11:33:00', 'ry', '2018-03-16 11:33:00', '服务监控菜单');
INSERT INTO `sys_menu` VALUES (113, '表单构建', 3, 1, '/tool/build', '', 'C', '0', 'tool:build:view', '#', 'admin', '2018-03-16 11:33:00', 'ry', '2018-03-16 11:33:00', '表单构建菜单');
INSERT INTO `sys_menu` VALUES (114, '代码生成', 3, 2, '/tool/gen', '', 'C', '0', 'tool:gen:view', '#', 'admin', '2018-03-16 11:33:00', 'ry', '2018-03-16 11:33:00', '代码生成菜单');
INSERT INTO `sys_menu` VALUES (115, '系统接口', 3, 3, '/tool/swagger', '', 'C', '0', 'tool:swagger:view', '#', 'admin', '2018-03-16 11:33:00', 'ry', '2018-03-16 11:33:00', '系统接口菜单');
INSERT INTO `sys_menu` VALUES (500, '操作日志', 108, 1, '/monitor/operlog', '', 'C', '0', 'monitor:operlog:view', '#', 'admin', '2018-03-16 11:33:00', 'ry', '2018-03-16 11:33:00', '操作日志菜单');
INSERT INTO `sys_menu` VALUES (501, '登录日志', 108, 2, '/monitor/logininfor', '', 'C', '0', 'monitor:logininfor:view', '#', 'admin', '2018-03-16 11:33:00', 'ry', '2018-03-16 11:33:00', '登录日志菜单');
INSERT INTO `sys_menu` VALUES (1000, '用户查询', 100, 1, '#', '', 'F', '0', 'system:user:list', '#', 'admin', '2018-03-16 11:33:00', 'ry', '2018-03-16 11:33:00', '');
INSERT INTO `sys_menu` VALUES (1001, '用户新增', 100, 2, '#', '', 'F', '0', 'system:user:add', '#', 'admin', '2018-03-16 11:33:00', 'ry', '2018-03-16 11:33:00', '');
INSERT INTO `sys_menu` VALUES (1002, '用户修改', 100, 3, '#', '', 'F', '0', 'system:user:edit', '#', 'admin', '2018-03-16 11:33:00', 'ry', '2018-03-16 11:33:00', '');
INSERT INTO `sys_menu` VALUES (1003, '用户删除', 100, 4, '#', '', 'F', '0', 'system:user:remove', '#', 'admin', '2018-03-16 11:33:00', 'ry', '2018-03-16 11:33:00', '');
INSERT INTO `sys_menu` VALUES (1004, '用户导出', 100, 5, '#', '', 'F', '0', 'system:user:export', '#', 'admin', '2018-03-16 11:33:00', 'ry', '2018-03-16 11:33:00', '');
INSERT INTO `sys_menu` VALUES (1005, '用户导入', 100, 6, '#', '', 'F', '0', 'system:user:import', '#', 'admin', '2018-03-16 11:33:00', 'ry', '2018-03-16 11:33:00', '');
INSERT INTO `sys_menu` VALUES (1006, '重置密码', 100, 7, '#', '', 'F', '0', 'system:user:resetPwd', '#', 'admin', '2018-03-16 11:33:00', 'ry', '2018-03-16 11:33:00', '');
INSERT INTO `sys_menu` VALUES (1007, '角色查询', 101, 1, '#', '', 'F', '0', 'system:role:list', '#', 'admin', '2018-03-16 11:33:00', 'ry', '2018-03-16 11:33:00', '');
INSERT INTO `sys_menu` VALUES (1008, '角色新增', 101, 2, '#', '', 'F', '0', 'system:role:add', '#', 'admin', '2018-03-16 11:33:00', 'ry', '2018-03-16 11:33:00', '');
INSERT INTO `sys_menu` VALUES (1009, '角色修改', 101, 3, '#', '', 'F', '0', 'system:role:edit', '#', 'admin', '2018-03-16 11:33:00', 'ry', '2018-03-16 11:33:00', '');
INSERT INTO `sys_menu` VALUES (1010, '角色删除', 101, 4, '#', '', 'F', '0', 'system:role:remove', '#', 'admin', '2018-03-16 11:33:00', 'ry', '2018-03-16 11:33:00', '');
INSERT INTO `sys_menu` VALUES (1011, '角色导出', 101, 5, '#', '', 'F', '0', 'system:role:export', '#', 'admin', '2018-03-16 11:33:00', 'ry', '2018-03-16 11:33:00', '');
INSERT INTO `sys_menu` VALUES (1012, '菜单查询', 102, 1, '#', '', 'F', '0', 'system:menu:list', '#', 'admin', '2018-03-16 11:33:00', 'ry', '2018-03-16 11:33:00', '');
INSERT INTO `sys_menu` VALUES (1013, '菜单新增', 102, 2, '#', '', 'F', '0', 'system:menu:add', '#', 'admin', '2018-03-16 11:33:00', 'ry', '2018-03-16 11:33:00', '');
INSERT INTO `sys_menu` VALUES (1014, '菜单修改', 102, 3, '#', '', 'F', '0', 'system:menu:edit', '#', 'admin', '2018-03-16 11:33:00', 'ry', '2018-03-16 11:33:00', '');
INSERT INTO `sys_menu` VALUES (1015, '菜单删除', 102, 4, '#', '', 'F', '0', 'system:menu:remove', '#', 'admin', '2018-03-16 11:33:00', 'ry', '2018-03-16 11:33:00', '');
INSERT INTO `sys_menu` VALUES (1016, '部门查询', 103, 1, '#', '', 'F', '0', 'system:dept:list', '#', 'admin', '2018-03-16 11:33:00', 'ry', '2018-03-16 11:33:00', '');
INSERT INTO `sys_menu` VALUES (1017, '部门新增', 103, 2, '#', '', 'F', '0', 'system:dept:add', '#', 'admin', '2018-03-16 11:33:00', 'ry', '2018-03-16 11:33:00', '');
INSERT INTO `sys_menu` VALUES (1018, '部门修改', 103, 3, '#', '', 'F', '0', 'system:dept:edit', '#', 'admin', '2018-03-16 11:33:00', 'ry', '2018-03-16 11:33:00', '');
INSERT INTO `sys_menu` VALUES (1019, '部门删除', 103, 4, '#', '', 'F', '0', 'system:dept:remove', '#', 'admin', '2018-03-16 11:33:00', 'ry', '2018-03-16 11:33:00', '');
INSERT INTO `sys_menu` VALUES (1020, '岗位查询', 104, 1, '#', '', 'F', '0', 'system:post:list', '#', 'admin', '2018-03-16 11:33:00', 'ry', '2018-03-16 11:33:00', '');
INSERT INTO `sys_menu` VALUES (1021, '岗位新增', 104, 2, '#', '', 'F', '0', 'system:post:add', '#', 'admin', '2018-03-16 11:33:00', 'ry', '2018-03-16 11:33:00', '');
INSERT INTO `sys_menu` VALUES (1022, '岗位修改', 104, 3, '#', '', 'F', '0', 'system:post:edit', '#', 'admin', '2018-03-16 11:33:00', 'ry', '2018-03-16 11:33:00', '');
INSERT INTO `sys_menu` VALUES (1023, '岗位删除', 104, 4, '#', '', 'F', '0', 'system:post:remove', '#', 'admin', '2018-03-16 11:33:00', 'ry', '2018-03-16 11:33:00', '');
INSERT INTO `sys_menu` VALUES (1024, '岗位导出', 104, 5, '#', '', 'F', '0', 'system:post:export', '#', 'admin', '2018-03-16 11:33:00', 'ry', '2018-03-16 11:33:00', '');
INSERT INTO `sys_menu` VALUES (1025, '字典查询', 105, 1, '#', '', 'F', '0', 'system:dict:list', '#', 'admin', '2018-03-16 11:33:00', 'ry', '2018-03-16 11:33:00', '');
INSERT INTO `sys_menu` VALUES (1026, '字典新增', 105, 2, '#', '', 'F', '0', 'system:dict:add', '#', 'admin', '2018-03-16 11:33:00', 'ry', '2018-03-16 11:33:00', '');
INSERT INTO `sys_menu` VALUES (1027, '字典修改', 105, 3, '#', '', 'F', '0', 'system:dict:edit', '#', 'admin', '2018-03-16 11:33:00', 'ry', '2018-03-16 11:33:00', '');
INSERT INTO `sys_menu` VALUES (1028, '字典删除', 105, 4, '#', '', 'F', '0', 'system:dict:remove', '#', 'admin', '2018-03-16 11:33:00', 'ry', '2018-03-16 11:33:00', '');
INSERT INTO `sys_menu` VALUES (1029, '字典导出', 105, 5, '#', '', 'F', '0', 'system:dict:export', '#', 'admin', '2018-03-16 11:33:00', 'ry', '2018-03-16 11:33:00', '');
INSERT INTO `sys_menu` VALUES (1030, '参数查询', 106, 1, '#', '', 'F', '0', 'system:config:list', '#', 'admin', '2018-03-16 11:33:00', 'ry', '2018-03-16 11:33:00', '');
INSERT INTO `sys_menu` VALUES (1031, '参数新增', 106, 2, '#', '', 'F', '0', 'system:config:add', '#', 'admin', '2018-03-16 11:33:00', 'ry', '2018-03-16 11:33:00', '');
INSERT INTO `sys_menu` VALUES (1032, '参数修改', 106, 3, '#', '', 'F', '0', 'system:config:edit', '#', 'admin', '2018-03-16 11:33:00', 'ry', '2018-03-16 11:33:00', '');
INSERT INTO `sys_menu` VALUES (1033, '参数删除', 106, 4, '#', '', 'F', '0', 'system:config:remove', '#', 'admin', '2018-03-16 11:33:00', 'ry', '2018-03-16 11:33:00', '');
INSERT INTO `sys_menu` VALUES (1034, '参数导出', 106, 5, '#', '', 'F', '0', 'system:config:export', '#', 'admin', '2018-03-16 11:33:00', 'ry', '2018-03-16 11:33:00', '');
INSERT INTO `sys_menu` VALUES (1035, '公告查询', 107, 1, '#', '', 'F', '0', 'system:notice:list', '#', 'admin', '2018-03-16 11:33:00', 'ry', '2018-03-16 11:33:00', '');
INSERT INTO `sys_menu` VALUES (1036, '公告新增', 107, 2, '#', '', 'F', '0', 'system:notice:add', '#', 'admin', '2018-03-16 11:33:00', 'ry', '2018-03-16 11:33:00', '');
INSERT INTO `sys_menu` VALUES (1037, '公告修改', 107, 3, '#', '', 'F', '0', 'system:notice:edit', '#', 'admin', '2018-03-16 11:33:00', 'ry', '2018-03-16 11:33:00', '');
INSERT INTO `sys_menu` VALUES (1038, '公告删除', 107, 4, '#', '', 'F', '0', 'system:notice:remove', '#', 'admin', '2018-03-16 11:33:00', 'ry', '2018-03-16 11:33:00', '');
INSERT INTO `sys_menu` VALUES (1039, '操作查询', 500, 1, '#', '', 'F', '0', 'monitor:operlog:list', '#', 'admin', '2018-03-16 11:33:00', 'ry', '2018-03-16 11:33:00', '');
INSERT INTO `sys_menu` VALUES (1040, '操作删除', 500, 2, '#', '', 'F', '0', 'monitor:operlog:remove', '#', 'admin', '2018-03-16 11:33:00', 'ry', '2018-03-16 11:33:00', '');
INSERT INTO `sys_menu` VALUES (1041, '详细信息', 500, 3, '#', '', 'F', '0', 'monitor:operlog:detail', '#', 'admin', '2018-03-16 11:33:00', 'ry', '2018-03-16 11:33:00', '');
INSERT INTO `sys_menu` VALUES (1042, '日志导出', 500, 4, '#', '', 'F', '0', 'monitor:operlog:export', '#', 'admin', '2018-03-16 11:33:00', 'ry', '2018-03-16 11:33:00', '');
INSERT INTO `sys_menu` VALUES (1043, '登录查询', 501, 1, '#', '', 'F', '0', 'monitor:logininfor:list', '#', 'admin', '2018-03-16 11:33:00', 'ry', '2018-03-16 11:33:00', '');
INSERT INTO `sys_menu` VALUES (1044, '登录删除', 501, 2, '#', '', 'F', '0', 'monitor:logininfor:remove', '#', 'admin', '2018-03-16 11:33:00', 'ry', '2018-03-16 11:33:00', '');
INSERT INTO `sys_menu` VALUES (1045, '日志导出', 501, 3, '#', '', 'F', '0', 'monitor:logininfor:export', '#', 'admin', '2018-03-16 11:33:00', 'ry', '2018-03-16 11:33:00', '');
INSERT INTO `sys_menu` VALUES (1046, '账户解锁', 501, 4, '#', '', 'F', '0', 'monitor:logininfor:unlock', '#', 'admin', '2018-03-16 11:33:00', 'ry', '2018-03-16 11:33:00', '');
INSERT INTO `sys_menu` VALUES (1047, '在线查询', 109, 1, '#', '', 'F', '0', 'monitor:online:list', '#', 'admin', '2018-03-16 11:33:00', 'ry', '2018-03-16 11:33:00', '');
INSERT INTO `sys_menu` VALUES (1048, '批量强退', 109, 2, '#', '', 'F', '0', 'monitor:online:batchForceLogout', '#', 'admin', '2018-03-16 11:33:00', 'ry', '2018-03-16 11:33:00', '');
INSERT INTO `sys_menu` VALUES (1049, '单条强退', 109, 3, '#', '', 'F', '0', 'monitor:online:forceLogout', '#', 'admin', '2018-03-16 11:33:00', 'ry', '2018-03-16 11:33:00', '');
INSERT INTO `sys_menu` VALUES (1050, '任务查询', 110, 1, '#', '', 'F', '0', 'monitor:job:list', '#', 'admin', '2018-03-16 11:33:00', 'ry', '2018-03-16 11:33:00', '');
INSERT INTO `sys_menu` VALUES (1051, '任务新增', 110, 2, '#', '', 'F', '0', 'monitor:job:add', '#', 'admin', '2018-03-16 11:33:00', 'ry', '2018-03-16 11:33:00', '');
INSERT INTO `sys_menu` VALUES (1052, '任务修改', 110, 3, '#', '', 'F', '0', 'monitor:job:edit', '#', 'admin', '2018-03-16 11:33:00', 'ry', '2018-03-16 11:33:00', '');
INSERT INTO `sys_menu` VALUES (1053, '任务删除', 110, 4, '#', '', 'F', '0', 'monitor:job:remove', '#', 'admin', '2018-03-16 11:33:00', 'ry', '2018-03-16 11:33:00', '');
INSERT INTO `sys_menu` VALUES (1054, '状态修改', 110, 5, '#', '', 'F', '0', 'monitor:job:changeStatus', '#', 'admin', '2018-03-16 11:33:00', 'ry', '2018-03-16 11:33:00', '');
INSERT INTO `sys_menu` VALUES (1055, '任务详细', 110, 6, '#', '', 'F', '0', 'monitor:job:detail', '#', 'admin', '2018-03-16 11:33:00', 'ry', '2018-03-16 11:33:00', '');
INSERT INTO `sys_menu` VALUES (1056, '任务导出', 110, 7, '#', '', 'F', '0', 'monitor:job:export', '#', 'admin', '2018-03-16 11:33:00', 'ry', '2018-03-16 11:33:00', '');
INSERT INTO `sys_menu` VALUES (1057, '生成查询', 114, 1, '#', '', 'F', '0', 'tool:gen:list', '#', 'admin', '2018-03-16 11:33:00', 'ry', '2018-03-16 11:33:00', '');
INSERT INTO `sys_menu` VALUES (1058, '生成修改', 114, 2, '#', '', 'F', '0', 'tool:gen:edit', '#', 'admin', '2018-03-16 11:33:00', 'ry', '2018-03-16 11:33:00', '');
INSERT INTO `sys_menu` VALUES (1059, '生成删除', 114, 3, '#', '', 'F', '0', 'tool:gen:remove', '#', 'admin', '2018-03-16 11:33:00', 'ry', '2018-03-16 11:33:00', '');
INSERT INTO `sys_menu` VALUES (1060, '预览代码', 114, 4, '#', '', 'F', '0', 'tool:gen:preview', '#', 'admin', '2018-03-16 11:33:00', 'ry', '2018-03-16 11:33:00', '');
INSERT INTO `sys_menu` VALUES (1061, '生成代码', 114, 5, '#', '', 'F', '0', 'tool:gen:code', '#', 'admin', '2018-03-16 11:33:00', 'ry', '2018-03-16 11:33:00', '');
INSERT INTO `sys_menu` VALUES (2006, '资源类别管理', 2012, 2, '/content/type', 'menuItem', 'C', '0', 'content:type:view', '#', 'admin', '2018-03-01 00:00:00', 'admin', '2020-01-03 09:36:54', '资源类别菜单');
INSERT INTO `sys_menu` VALUES (2007, '资源类别查询', 2006, 1, '#', '', 'F', '0', 'content:type:list', '#', 'admin', '2018-03-01 00:00:00', 'ry', '2018-03-01 00:00:00', '');
INSERT INTO `sys_menu` VALUES (2008, '资源类别新增', 2006, 2, '#', '', 'F', '0', 'content:type:add', '#', 'admin', '2018-03-01 00:00:00', 'ry', '2018-03-01 00:00:00', '');
INSERT INTO `sys_menu` VALUES (2009, '资源类别修改', 2006, 3, '#', '', 'F', '0', 'content:type:edit', '#', 'admin', '2018-03-01 00:00:00', 'ry', '2018-03-01 00:00:00', '');
INSERT INTO `sys_menu` VALUES (2010, '资源类别删除', 2006, 4, '#', '', 'F', '0', 'content:type:remove', '#', 'admin', '2018-03-01 00:00:00', 'ry', '2018-03-01 00:00:00', '');
INSERT INTO `sys_menu` VALUES (2011, '资源类别导出', 2006, 5, '#', '', 'F', '0', 'content:type:export', '#', 'admin', '2018-03-01 00:00:00', 'ry', '2018-03-01 00:00:00', '');
INSERT INTO `sys_menu` VALUES (2012, '资源模块', 0, 4, '#', 'menuItem', 'M', '0', '', 'fa fa-folder-open', 'admin', '2019-12-30 16:11:16', 'admin', '2020-01-03 09:36:32', '');
INSERT INTO `sys_menu` VALUES (2013, '资源管理', 2012, 1, '/content/article', 'menuItem', 'C', '0', 'content:article:view', '#', 'admin', '2018-03-01 00:00:00', 'admin', '2020-01-02 20:26:25', '资源菜单');
INSERT INTO `sys_menu` VALUES (2014, '资源查询', 2013, 1, '#', '', 'F', '0', 'content:article:list', '#', 'admin', '2018-03-01 00:00:00', 'ry', '2018-03-01 00:00:00', '');
INSERT INTO `sys_menu` VALUES (2015, '资源新增', 2013, 2, '#', '', 'F', '0', 'content:article:add', '#', 'admin', '2018-03-01 00:00:00', 'ry', '2018-03-01 00:00:00', '');
INSERT INTO `sys_menu` VALUES (2016, '资源修改', 2013, 3, '#', '', 'F', '0', 'content:article:edit', '#', 'admin', '2018-03-01 00:00:00', 'ry', '2018-03-01 00:00:00', '');
INSERT INTO `sys_menu` VALUES (2017, '资源删除', 2013, 4, '#', '', 'F', '0', 'content:article:remove', '#', 'admin', '2018-03-01 00:00:00', 'ry', '2018-03-01 00:00:00', '');
INSERT INTO `sys_menu` VALUES (2018, '资源导出', 2013, 5, '#', '', 'F', '0', 'content:article:export', '#', 'admin', '2018-03-01 00:00:00', 'ry', '2018-03-01 00:00:00', '');
INSERT INTO `sys_menu` VALUES (2019, '友链管理', 2053, 4, '/content/link', 'menuItem', 'C', '0', 'content:link:view', '#', 'admin', '2018-03-01 00:00:00', 'admin', '2020-01-03 09:41:32', '友链菜单');
INSERT INTO `sys_menu` VALUES (2020, '友链查询', 2019, 1, '#', '', 'F', '0', 'content:link:list', '#', 'admin', '2018-03-01 00:00:00', 'ry', '2018-03-01 00:00:00', '');
INSERT INTO `sys_menu` VALUES (2021, '友链新增', 2019, 2, '#', '', 'F', '0', 'content:link:add', '#', 'admin', '2018-03-01 00:00:00', 'ry', '2018-03-01 00:00:00', '');
INSERT INTO `sys_menu` VALUES (2022, '友链修改', 2019, 3, '#', '', 'F', '0', 'content:link:edit', '#', 'admin', '2018-03-01 00:00:00', 'ry', '2018-03-01 00:00:00', '');
INSERT INTO `sys_menu` VALUES (2023, '友链删除', 2019, 4, '#', '', 'F', '0', 'content:link:remove', '#', 'admin', '2018-03-01 00:00:00', 'ry', '2018-03-01 00:00:00', '');
INSERT INTO `sys_menu` VALUES (2024, '友链导出', 2019, 5, '#', '', 'F', '0', 'content:link:export', '#', 'admin', '2018-03-01 00:00:00', 'ry', '2018-03-01 00:00:00', '');
INSERT INTO `sys_menu` VALUES (2025, '评论管理', 2054, 1, '/content/comment', 'menuItem', 'C', '0', 'content:comment:view', '#', 'admin', '2018-03-01 00:00:00', 'admin', '2020-01-03 09:40:06', '评论菜单');
INSERT INTO `sys_menu` VALUES (2026, '评论查询', 2025, 1, '#', '', 'F', '0', 'content:comment:list', '#', 'admin', '2018-03-01 00:00:00', 'ry', '2018-03-01 00:00:00', '');
INSERT INTO `sys_menu` VALUES (2027, '评论新增', 2025, 2, '#', '', 'F', '0', 'content:comment:add', '#', 'admin', '2018-03-01 00:00:00', 'ry', '2018-03-01 00:00:00', '');
INSERT INTO `sys_menu` VALUES (2028, '评论修改', 2025, 3, '#', '', 'F', '0', 'content:comment:edit', '#', 'admin', '2018-03-01 00:00:00', 'ry', '2018-03-01 00:00:00', '');
INSERT INTO `sys_menu` VALUES (2029, '评论删除', 2025, 4, '#', '', 'F', '0', 'content:comment:remove', '#', 'admin', '2018-03-01 00:00:00', 'ry', '2018-03-01 00:00:00', '');
INSERT INTO `sys_menu` VALUES (2030, '评论导出', 2025, 5, '#', '', 'F', '0', 'content:comment:export', '#', 'admin', '2018-03-01 00:00:00', 'ry', '2018-03-01 00:00:00', '');
INSERT INTO `sys_menu` VALUES (2031, '已下载管理', 2012, 3, '/content/download', 'menuItem', 'C', '0', 'content:download:view', '#', 'admin', '2018-03-01 00:00:00', 'admin', '2020-01-03 09:37:13', '用户已下载菜单');
INSERT INTO `sys_menu` VALUES (2032, '用户已下载查询', 2031, 1, '#', '', 'F', '0', 'content:download:list', '#', 'admin', '2018-03-01 00:00:00', 'ry', '2018-03-01 00:00:00', '');
INSERT INTO `sys_menu` VALUES (2033, '用户已下载新增', 2031, 2, '#', '', 'F', '0', 'content:download:add', '#', 'admin', '2018-03-01 00:00:00', 'ry', '2018-03-01 00:00:00', '');
INSERT INTO `sys_menu` VALUES (2034, '用户已下载修改', 2031, 3, '#', '', 'F', '0', 'content:download:edit', '#', 'admin', '2018-03-01 00:00:00', 'ry', '2018-03-01 00:00:00', '');
INSERT INTO `sys_menu` VALUES (2035, '用户已下载删除', 2031, 4, '#', '', 'F', '0', 'content:download:remove', '#', 'admin', '2018-03-01 00:00:00', 'ry', '2018-03-01 00:00:00', '');
INSERT INTO `sys_menu` VALUES (2036, '用户已下载导出', 2031, 5, '#', '', 'F', '0', 'content:download:export', '#', 'admin', '2018-03-01 00:00:00', 'ry', '2018-03-01 00:00:00', '');
INSERT INTO `sys_menu` VALUES (2037, '重新生成帖子索引', 1, 3, '/genAllIndex', 'menuItem', 'C', '0', 'index:restart:gen', 'fa fa-arrows', 'admin', '2020-01-02 10:26:39', 'admin', '2020-01-03 09:41:54', '');
INSERT INTO `sys_menu` VALUES (2038, '消息管理', 2054, 2, '/content/message', 'menuItem', 'C', '0', 'content:message:view', '#', 'admin', '2018-03-01 00:00:00', 'admin', '2020-01-03 09:40:20', '消息菜单');
INSERT INTO `sys_menu` VALUES (2039, '消息查询', 2038, 1, '#', '', 'F', '0', 'content:message:list', '#', 'admin', '2018-03-01 00:00:00', 'ry', '2018-03-01 00:00:00', '');
INSERT INTO `sys_menu` VALUES (2040, '消息新增', 2038, 2, '#', '', 'F', '0', 'content:message:add', '#', 'admin', '2018-03-01 00:00:00', 'ry', '2018-03-01 00:00:00', '');
INSERT INTO `sys_menu` VALUES (2041, '消息修改', 2038, 3, '#', '', 'F', '0', 'content:message:edit', '#', 'admin', '2018-03-01 00:00:00', 'ry', '2018-03-01 00:00:00', '');
INSERT INTO `sys_menu` VALUES (2042, '消息删除', 2038, 4, '#', '', 'F', '0', 'content:message:remove', '#', 'admin', '2018-03-01 00:00:00', 'ry', '2018-03-01 00:00:00', '');
INSERT INTO `sys_menu` VALUES (2043, '消息导出', 2038, 5, '#', '', 'F', '0', 'content:message:export', '#', 'admin', '2018-03-01 00:00:00', 'ry', '2018-03-01 00:00:00', '');
INSERT INTO `sys_menu` VALUES (2044, '订单管理', 2053, 2, '/content/order', 'menuItem', 'C', '0', 'content:order:view', '#', 'admin', '2018-03-01 00:00:00', 'admin', '2020-01-03 09:41:13', '订单菜单');
INSERT INTO `sys_menu` VALUES (2045, '订单查询', 2044, 1, '#', '', 'F', '0', 'content:order:list', '#', 'admin', '2018-03-01 00:00:00', 'ry', '2018-03-01 00:00:00', '');
INSERT INTO `sys_menu` VALUES (2046, '订单新增', 2044, 2, '#', '', 'F', '0', 'content:order:add', '#', 'admin', '2018-03-01 00:00:00', 'ry', '2018-03-01 00:00:00', '');
INSERT INTO `sys_menu` VALUES (2047, '订单修改', 2044, 3, '#', '', 'F', '0', 'content:order:edit', '#', 'admin', '2018-03-01 00:00:00', 'ry', '2018-03-01 00:00:00', '');
INSERT INTO `sys_menu` VALUES (2048, '订单删除', 2044, 4, '#', '', 'F', '0', 'content:order:remove', '#', 'admin', '2018-03-01 00:00:00', 'ry', '2018-03-01 00:00:00', '');
INSERT INTO `sys_menu` VALUES (2049, '订单导出', 2044, 5, '#', '', 'F', '0', 'content:order:export', '#', 'admin', '2018-03-01 00:00:00', 'ry', '2018-03-01 00:00:00', '');
INSERT INTO `sys_menu` VALUES (2051, 'VIP购买', 2053, 1, '/user/tobuyVipPage', 'menuItem', 'C', '0', 'user:buy:vip', 'fa fa-suitcase', 'admin', '2020-01-02 16:28:09', 'admin', '2020-01-03 09:41:05', '');
INSERT INTO `sys_menu` VALUES (2052, '权限管理', 0, 1, '#', 'menuItem', 'M', '0', NULL, 'fa fa-check', 'admin', '2020-01-03 09:30:04', '', NULL, '');
INSERT INTO `sys_menu` VALUES (2053, '订单广告模块', 0, 5, '#', 'menuItem', 'M', '0', NULL, 'fa fa-bullhorn', 'admin', '2020-01-03 09:37:53', '', NULL, '');
INSERT INTO `sys_menu` VALUES (2054, '评论消息模块', 0, 6, '#', 'menuItem', 'M', '0', NULL, 'fa fa-feed', 'admin', '2020-01-03 09:39:54', '', NULL, '');
INSERT INTO `sys_menu` VALUES (2056, '消息重发', 2025, 6, '#', 'menuItem', 'F', '0', 'content.message.resend', '#', 'admin', '2020-01-03 17:03:55', '', NULL, '');
INSERT INTO `sys_menu` VALUES (2057, '订单复议', 2044, 6, '#', 'menuItem', 'F', '0', 'content:order:check', '#', 'admin', '2020-01-03 17:57:11', 'admin', '2020-01-04 17:46:33', '');
INSERT INTO `sys_menu` VALUES (2058, '增加积分', 100, 8, '#', 'menuItem', 'F', '0', 'system:user:addpoint', '#', 'admin', '2020-01-04 19:25:33', '', NULL, '');
INSERT INTO `sys_menu` VALUES (2059, '发送消息', 100, 9, '#', 'menuItem', 'F', '0', 'system.user.sentmessage', '#', 'admin', '2020-01-04 19:26:22', '', NULL, '');
INSERT INTO `sys_menu` VALUES (2060, '清除今日签到信息', 1, 4, '/removeSign', 'menuItem', 'C', '0', 'system:user:removeSign', '#', 'admin', '2020-01-04 20:46:45', 'admin', '2020-01-04 20:54:22', '');

-- ----------------------------
-- Table structure for sys_message
-- ----------------------------
DROP TABLE IF EXISTS `sys_message`;
CREATE TABLE `sys_message`  (
  `id` bigint(20) NOT NULL AUTO_INCREMENT COMMENT '消息ID',
  `content` varchar(100) CHARACTER SET utf8mb4 COLLATE utf8mb4_general_ci NULL DEFAULT NULL COMMENT '内容',
  `see` bit(1) NULL DEFAULT NULL COMMENT '状态',
  `publish_date` datetime(0) NULL DEFAULT NULL COMMENT '发布时间',
  `user_id` bigint(20) NULL DEFAULT NULL COMMENT '接收用户ID',
  PRIMARY KEY (`id`) USING BTREE
) ENGINE = InnoDB AUTO_INCREMENT = 50 CHARACTER SET = utf8mb4 COLLATE = utf8mb4_general_ci COMMENT = '消息' ROW_FORMAT = Dynamic;

-- ----------------------------
-- Records of sys_message
-- ----------------------------
INSERT INTO `sys_message` VALUES (44, '【审核通过】您发布的【第一次2】帖子审核成功！审核人：张顺海', b'1', '2020-01-02 15:06:42', 1);
INSERT INTO `sys_message` VALUES (45, '【审核失败】您发布的【第一次2】帖子审核未成功，原因是：XXXXXX\n审核人：张顺海', b'1', '2020-01-02 15:11:03', 107);
INSERT INTO `sys_message` VALUES (46, '【审核失败】您发布的【第一次2】帖子审核未成功，原因是：123456\n审核人：张顺海', b'1', '2020-01-02 21:03:50', 107);
INSERT INTO `sys_message` VALUES (47, '【审核通过】您发布的【发帖测试】帖子审核成功！审核人：张顺海', b'1', '2020-01-03 11:49:19', 107);
INSERT INTO `sys_message` VALUES (48, '【审核通过】您发布的【首次发帖】帖子审核成功！审核人：张顺海', b'1', '2020-01-03 11:57:59', 107);
INSERT INTO `sys_message` VALUES (49, '你妹的', b'1', '2020-01-04 20:32:46', 107);

-- ----------------------------
-- Table structure for sys_notice
-- ----------------------------
DROP TABLE IF EXISTS `sys_notice`;
CREATE TABLE `sys_notice`  (
  `notice_id` int(4) NOT NULL AUTO_INCREMENT COMMENT '公告ID',
  `notice_title` varchar(50) CHARACTER SET utf8mb4 COLLATE utf8mb4_0900_ai_ci NOT NULL COMMENT '公告标题',
  `notice_type` char(1) CHARACTER SET utf8mb4 COLLATE utf8mb4_0900_ai_ci NOT NULL COMMENT '公告类型（1通知 2公告）',
  `notice_content` varchar(2000) CHARACTER SET utf8mb4 COLLATE utf8mb4_0900_ai_ci NULL DEFAULT NULL COMMENT '公告内容',
  `status` char(1) CHARACTER SET utf8mb4 COLLATE utf8mb4_0900_ai_ci NULL DEFAULT '0' COMMENT '公告状态（0正常 1关闭）',
  `create_by` varchar(64) CHARACTER SET utf8mb4 COLLATE utf8mb4_0900_ai_ci NULL DEFAULT '' COMMENT '创建者',
  `create_time` datetime(0) NULL DEFAULT NULL COMMENT '创建时间',
  `update_by` varchar(64) CHARACTER SET utf8mb4 COLLATE utf8mb4_0900_ai_ci NULL DEFAULT '' COMMENT '更新者',
  `update_time` datetime(0) NULL DEFAULT NULL COMMENT '更新时间',
  `remark` varchar(255) CHARACTER SET utf8mb4 COLLATE utf8mb4_0900_ai_ci NULL DEFAULT NULL COMMENT '备注',
  PRIMARY KEY (`notice_id`) USING BTREE
) ENGINE = InnoDB AUTO_INCREMENT = 3 CHARACTER SET = utf8mb4 COLLATE = utf8mb4_0900_ai_ci COMMENT = '通知公告表' ROW_FORMAT = Dynamic;

-- ----------------------------
-- Records of sys_notice
-- ----------------------------
INSERT INTO `sys_notice` VALUES (1, '温馨提醒：2018-07-01 若依新版本发布啦', '2', '新版本内容', '0', 'admin', '2018-03-16 11:33:00', 'ry', '2018-03-16 11:33:00', '管理员');
INSERT INTO `sys_notice` VALUES (2, '维护通知：2018-07-01 若依系统凌晨维护', '1', '维护内容', '0', 'admin', '2018-03-16 11:33:00', 'ry', '2018-03-16 11:33:00', '管理员');

-- ----------------------------
-- Table structure for sys_oper_log
-- ----------------------------
DROP TABLE IF EXISTS `sys_oper_log`;
CREATE TABLE `sys_oper_log`  (
  `oper_id` bigint(20) NOT NULL AUTO_INCREMENT COMMENT '日志主键',
  `title` varchar(50) CHARACTER SET utf8mb4 COLLATE utf8mb4_0900_ai_ci NULL DEFAULT '' COMMENT '模块标题',
  `business_type` int(2) NULL DEFAULT 0 COMMENT '业务类型（0其它 1新增 2修改 3删除）',
  `method` varchar(100) CHARACTER SET utf8mb4 COLLATE utf8mb4_0900_ai_ci NULL DEFAULT '' COMMENT '方法名称',
  `request_method` varchar(10) CHARACTER SET utf8mb4 COLLATE utf8mb4_0900_ai_ci NULL DEFAULT '' COMMENT '请求方式',
  `operator_type` int(1) NULL DEFAULT 0 COMMENT '操作类别（0其它 1后台用户 2手机端用户）',
  `oper_name` varchar(50) CHARACTER SET utf8mb4 COLLATE utf8mb4_0900_ai_ci NULL DEFAULT '' COMMENT '操作人员',
  `dept_name` varchar(50) CHARACTER SET utf8mb4 COLLATE utf8mb4_0900_ai_ci NULL DEFAULT '' COMMENT '部门名称',
  `oper_url` varchar(255) CHARACTER SET utf8mb4 COLLATE utf8mb4_0900_ai_ci NULL DEFAULT '' COMMENT '请求URL',
  `oper_ip` varchar(50) CHARACTER SET utf8mb4 COLLATE utf8mb4_0900_ai_ci NULL DEFAULT '' COMMENT '主机地址',
  `oper_location` varchar(255) CHARACTER SET utf8mb4 COLLATE utf8mb4_0900_ai_ci NULL DEFAULT '' COMMENT '操作地点',
  `oper_param` varchar(2000) CHARACTER SET utf8mb4 COLLATE utf8mb4_0900_ai_ci NULL DEFAULT '' COMMENT '请求参数',
  `json_result` varchar(2000) CHARACTER SET utf8mb4 COLLATE utf8mb4_0900_ai_ci NULL DEFAULT '' COMMENT '返回参数',
  `status` int(1) NULL DEFAULT 0 COMMENT '操作状态（0正常 1异常）',
  `error_msg` varchar(2000) CHARACTER SET utf8mb4 COLLATE utf8mb4_0900_ai_ci NULL DEFAULT '' COMMENT '错误消息',
  `oper_time` datetime(0) NULL DEFAULT NULL COMMENT '操作时间',
  PRIMARY KEY (`oper_id`) USING BTREE
) ENGINE = InnoDB AUTO_INCREMENT = 454 CHARACTER SET = utf8mb4 COLLATE = utf8mb4_0900_ai_ci COMMENT = '操作日志记录' ROW_FORMAT = Dynamic;

-- ----------------------------
-- Records of sys_oper_log
-- ----------------------------
INSERT INTO `sys_oper_log` VALUES (100, '用户管理', 2, 'com.ruoyi.project.system.user.controller.UserController.editSave()', 'POST', 1, 'admin', '研发部门', '/system/user/edit', '127.0.0.1', '内网IP', '{\"userId\":[\"1\"],\"deptId\":[\"103\"],\"userName\":[\"若依\"],\"dept.deptName\":[\"研发部门\"],\"phonenumber\":[\"15888888888\"],\"email\":[\"ry@163.com\"],\"loginName\":[\"admin\"],\"sex\":[\"1\"],\"role\":[\"1\"],\"remark\":[\"管理员\"],\"status\":[\"0\"],\"roleIds\":[\"1\"],\"postIds\":[\"1\"]}', 'null', 1, '不允许操作超级管理员用户', '2019-12-27 10:22:42');
INSERT INTO `sys_oper_log` VALUES (101, '用户管理', 2, 'com.ruoyi.project.system.user.controller.UserController.editSave()', 'POST', 1, 'admin', '研发部门', '/system/user/edit', '127.0.0.1', '内网IP', '{\"userId\":[\"1\"],\"deptId\":[\"104\"],\"userName\":[\"若依\"],\"dept.deptName\":[\"市场部门\"],\"phonenumber\":[\"15888888888\"],\"email\":[\"ry@163.com\"],\"loginName\":[\"admin\"],\"sex\":[\"1\"],\"role\":[\"1\"],\"remark\":[\"管理员\"],\"status\":[\"0\"],\"roleIds\":[\"1\"],\"postIds\":[\"1\"]}', '{\"msg\":\"操作成功\",\"code\":0}', 0, NULL, '2019-12-27 10:25:18');
INSERT INTO `sys_oper_log` VALUES (102, '用户管理', 2, 'com.ruoyi.project.system.user.controller.UserController.editSave()', 'POST', 1, 'admin', '研发部门', '/system/user/edit', '127.0.0.1', '内网IP', '{\"userId\":[\"2\"],\"deptId\":[\"105\"],\"userName\":[\"若依\"],\"dept.deptName\":[\"测试部门\"],\"phonenumber\":[\"15666666666\"],\"email\":[\"ry@qq.com\"],\"loginName\":[\"ry\"],\"sex\":[\"1\"],\"role\":[\"1\"],\"remark\":[\"测试员\"],\"status\":[\"0\"],\"roleIds\":[\"1\"],\"postIds\":[\"2\"]}', '{\"msg\":\"操作成功\",\"code\":0}', 0, NULL, '2019-12-27 10:25:33');
INSERT INTO `sys_oper_log` VALUES (103, '用户管理', 2, 'com.ruoyi.project.system.user.controller.UserController.editSave()', 'POST', 1, 'admin', '研发部门', '/system/user/edit', '127.0.0.1', '内网IP', '{\"userId\":[\"2\"],\"deptId\":[\"105\"],\"userName\":[\"若依\"],\"dept.deptName\":[\"测试部门\"],\"phonenumber\":[\"15666666666\"],\"email\":[\"ry@qq.com\"],\"loginName\":[\"ry\"],\"sex\":[\"1\"],\"role\":[\"1\"],\"remark\":[\"测试员\"],\"status\":[\"0\"],\"roleIds\":[\"1\"],\"postIds\":[\"2\"]}', '{\"msg\":\"操作成功\",\"code\":0}', 0, NULL, '2019-12-27 10:25:36');
INSERT INTO `sys_oper_log` VALUES (104, '用户管理', 2, 'com.ruoyi.project.system.user.controller.UserController.editSave()', 'POST', 1, 'admin', '研发部门', '/system/user/edit', '127.0.0.1', '内网IP', '{\"userId\":[\"2\"],\"deptId\":[\"105\"],\"userName\":[\"若依\"],\"dept.deptName\":[\"测试部门\"],\"phonenumber\":[\"15666666666\"],\"email\":[\"ry@qq.com\"],\"loginName\":[\"ry\"],\"sex\":[\"1\"],\"role\":[\"1\"],\"remark\":[\"测试员\"],\"status\":[\"0\"],\"roleIds\":[\"1\"],\"postIds\":[\"2\"]}', '{\"msg\":\"操作成功\",\"code\":0}', 0, NULL, '2019-12-27 10:26:39');
INSERT INTO `sys_oper_log` VALUES (105, '用户管理', 2, 'com.ruoyi.project.system.user.controller.UserController.editSave()', 'POST', 1, 'admin', '研发部门', '/system/user/edit', '127.0.0.1', '内网IP', '{\"userId\":[\"1\"],\"deptId\":[\"104\"],\"userName\":[\"若依\"],\"dept.deptName\":[\"市场部门\"],\"phonenumber\":[\"15888888888\"],\"email\":[\"ry@163.com\"],\"loginName\":[\"admin\"],\"sex\":[\"1\"],\"role\":[\"1\"],\"remark\":[\"管理员\"],\"status\":[\"0\"],\"roleIds\":[\"1\"],\"postIds\":[\"1\"]}', '{\"msg\":\"操作成功\",\"code\":0}', 0, NULL, '2019-12-27 10:29:36');
INSERT INTO `sys_oper_log` VALUES (106, '角色管理', 2, 'com.ruoyi.project.system.role.controller.RoleController.editSave()', 'POST', 1, 'admin', '研发部门', '/system/role/edit', '127.0.0.1', '内网IP', '{\"roleId\":[\"2\"],\"roleName\":[\"会员\"],\"roleKey\":[\"common\"],\"roleSort\":[\"2\"],\"status\":[\"0\"],\"remark\":[\"普通角色\"],\"menuIds\":[\"1,100,1000,1001,1002,1003,1004,1005,1006,101,1007,1008,1009,1010,1011,102,1012,1013,1014,1015,103,1016,1017,1018,1019,104,1020,1021,1022,1023,1024,105,1025,1026,1027,1028,1029,106,1030,1031,1032,1033,1034,107,1035,1036,1037,1038,108,500,1039,1040,1041,1042,501,1043,1044,1045,1046,2,109,1047,1048,1049,110,1050,1051,1052,1053,1054,1055,1056,111,112,3,113,114,1057,1058,1059,1060,1061,115\"]}', '{\"msg\":\"操作成功\",\"code\":0}', 0, NULL, '2019-12-27 10:30:56');
INSERT INTO `sys_oper_log` VALUES (107, '角色管理', 2, 'com.ruoyi.project.system.role.controller.RoleController.editSave()', 'POST', 1, 'admin', '研发部门', '/system/role/edit', '127.0.0.1', '内网IP', '{\"roleId\":[\"2\"],\"roleName\":[\"会员\"],\"roleKey\":[\"common\"],\"roleSort\":[\"2\"],\"status\":[\"0\"],\"remark\":[\"普通角色\"],\"menuIds\":[\"1,100,1000,1001,1002,1003,1004,1005,1006,101,1007,1008,1009,1010,1011,102,1012,1013,1014,1015,103,1016,1017,1018,1019,104,1020,1021,1022,1023,1024,105,1025,1026,1027,1028,1029,106,1030,1031,1032,1033,1034,107,1035,1036,1037,1038,108,500,1039,1040,1041,1042,501,1043,1044,1045,1046,2,109,1047,1048,1049,110,1050,1051,1052,1053,1054,1055,1056,111,112,3,113,114,1057,1058,1059,1060,1061,115\"]}', '{\"msg\":\"操作成功\",\"code\":0}', 0, NULL, '2019-12-27 10:31:03');
INSERT INTO `sys_oper_log` VALUES (108, '重置密码', 2, 'com.ruoyi.project.system.user.controller.UserController.resetPwd()', 'GET', 1, 'admin', '研发部门', '/system/user/resetPwd/2', '127.0.0.1', '内网IP', '{}', '\"system/user/resetPwd\"', 0, NULL, '2019-12-27 10:32:05');
INSERT INTO `sys_oper_log` VALUES (109, '重置密码', 2, 'com.ruoyi.project.system.user.controller.UserController.resetPwdSave()', 'POST', 1, 'admin', '研发部门', '/system/user/resetPwd', '127.0.0.1', '内网IP', '{\"userId\":[\"2\"],\"loginName\":[\"ry\"],\"password\":[\"123456\"]}', 'null', 1, '不允许操作超级管理员用户', '2019-12-27 10:32:06');
INSERT INTO `sys_oper_log` VALUES (110, '重置密码', 2, 'com.ruoyi.project.system.user.controller.UserController.resetPwdSave()', 'POST', 1, 'admin', '研发部门', '/system/user/resetPwd', '127.0.0.1', '内网IP', '{\"userId\":[\"2\"],\"loginName\":[\"ry\"],\"password\":[\"123456\"]}', 'null', 1, '不允许操作超级管理员用户', '2019-12-27 10:32:13');
INSERT INTO `sys_oper_log` VALUES (111, '重置密码', 2, 'com.ruoyi.project.system.user.controller.UserController.resetPwd()', 'GET', 1, 'admin', '研发部门', '/system/user/resetPwd/2', '127.0.0.1', '内网IP', '{}', '\"system/user/resetPwd\"', 0, NULL, '2019-12-27 10:32:25');
INSERT INTO `sys_oper_log` VALUES (112, '重置密码', 2, 'com.ruoyi.project.system.user.controller.UserController.resetPwdSave()', 'POST', 1, 'admin', '研发部门', '/system/user/resetPwd', '127.0.0.1', '内网IP', '{\"userId\":[\"2\"],\"loginName\":[\"ry\"],\"password\":[\"123456\"]}', 'null', 1, '不允许操作超级管理员用户', '2019-12-27 10:33:57');
INSERT INTO `sys_oper_log` VALUES (113, '重置密码', 2, 'com.ruoyi.project.system.user.controller.UserController.resetPwdSave()', 'POST', 1, 'admin', '研发部门', '/system/user/resetPwd', '127.0.0.1', '内网IP', '{\"userId\":[\"2\"],\"loginName\":[\"ry\"],\"password\":[\"123456\"]}', '{\"msg\":\"操作成功\",\"code\":0}', 0, NULL, '2019-12-27 10:34:07');
INSERT INTO `sys_oper_log` VALUES (114, '用户管理', 2, 'com.ruoyi.project.system.user.controller.UserController.editSave()', 'POST', 1, 'admin', '市场部门', '/system/user/edit', '127.0.0.1', '内网IP', '{\"userId\":[\"2\"],\"deptId\":[\"105\"],\"userName\":[\"若依\"],\"dept.deptName\":[\"测试部门\"],\"phonenumber\":[\"15666666666\"],\"email\":[\"ry@qq.com\"],\"loginName\":[\"ry\"],\"sex\":[\"1\"],\"role\":[\"1\"],\"remark\":[\"测试员\"],\"status\":[\"0\"],\"roleIds\":[\"1\"],\"postIds\":[\"2\"]}', '{\"msg\":\"操作成功\",\"code\":0}', 0, NULL, '2019-12-27 10:35:07');
INSERT INTO `sys_oper_log` VALUES (115, '角色管理', 4, 'com.ruoyi.project.system.role.controller.RoleController.cancelAuthUser()', 'POST', 1, 'admin', '市场部门', '/system/role/authUser/cancel', '127.0.0.1', '内网IP', '{\"roleId\":[\"1\"],\"userId\":[\"2\"]}', '{\"msg\":\"操作成功\",\"code\":0}', 0, NULL, '2019-12-27 10:35:47');
INSERT INTO `sys_oper_log` VALUES (116, '角色管理', 4, 'com.ruoyi.project.system.role.controller.RoleController.selectAuthUserAll()', 'POST', 1, 'admin', '市场部门', '/system/role/authUser/selectAll', '127.0.0.1', '内网IP', '{\"roleId\":[\"2\"],\"userIds\":[\"2\"]}', '{\"msg\":\"操作成功\",\"code\":0}', 0, NULL, '2019-12-27 10:35:56');
INSERT INTO `sys_oper_log` VALUES (117, '角色管理', 2, 'com.ruoyi.project.system.role.controller.RoleController.authDataScopeSave()', 'POST', 1, 'admin', '市场部门', '/system/role/authDataScope', '127.0.0.1', '内网IP', '{\"roleId\":[\"2\"],\"roleName\":[\"会员\"],\"roleKey\":[\"common\"],\"dataScope\":[\"2\"],\"deptIds\":[\"100,101,104,105\"]}', '{\"msg\":\"操作成功\",\"code\":0}', 0, NULL, '2019-12-27 10:36:07');
INSERT INTO `sys_oper_log` VALUES (118, '参数管理', 1, 'com.ruoyi.project.system.config.controller.ConfigController.addSave()', 'POST', 1, 'admin', '市场部门', '/system/config/add', '127.0.0.1', '内网IP', '{\"configName\":[\"用户管理-默认VIP到期时间\"],\"configKey\":[\"sys.user.initVipTime\"],\"configValue\":[\"1970-01-01 00:00:00\"],\"configType\":[\"Y\"],\"remark\":[\"新建用户的vip到期时间\"]}', '{\"msg\":\"操作成功\",\"code\":0}', 0, NULL, '2019-12-30 10:34:49');
INSERT INTO `sys_oper_log` VALUES (119, '用户管理', 1, 'com.ruoyi.project.system.user.controller.UserController.addSave()', 'POST', 1, 'admin', '市场部门', '/system/user/add', '127.0.0.1', '内网IP', '{\"deptId\":[\"107\"],\"userName\":[\"123456\"],\"deptName\":[\"运维部门\"],\"phonenumber\":[\"15537364889\"],\"email\":[\"admin@qqzsh.top\"],\"loginName\":[\"123\"],\"password\":[\"123456\"],\"sex\":[\"0\"],\"vipTime\":[\"1970-01-01 00:00:00\"],\"role\":[\"1\"],\"remark\":[\"\"],\"status\":[\"0\"],\"roleIds\":[\"1\"],\"postIds\":[\"1\"]}', '{\"msg\":\"操作成功\",\"code\":0}', 0, NULL, '2019-12-30 10:37:33');
INSERT INTO `sys_oper_log` VALUES (120, '用户管理', 1, 'com.ruoyi.project.system.user.controller.UserController.addSave()', 'POST', 1, 'admin', '市场部门', '/system/user/add', '127.0.0.1', '内网IP', '{\"deptId\":[\"108\"],\"userName\":[\"111\"],\"deptName\":[\"市场部门\"],\"phonenumber\":[\"15537364888\"],\"email\":[\"admin@qqzsh.top1\"],\"loginName\":[\"11111\"],\"password\":[\"123456\"],\"sex\":[\"0\"],\"vipTime\":[\"2019-12-30 10:44:00\"],\"remark\":[\"\"],\"status\":[\"0\"],\"roleIds\":[\"\"],\"postIds\":[\"2\"]}', '{\"msg\":\"操作成功\",\"code\":0}', 0, NULL, '2019-12-30 10:44:21');
INSERT INTO `sys_oper_log` VALUES (121, '用户管理', 3, 'com.ruoyi.project.system.user.controller.UserController.remove()', 'POST', 1, 'admin', '市场部门', '/system/user/remove', '127.0.0.1', '内网IP', '{\"ids\":[\"102,101,100\"]}', '{\"msg\":\"操作成功\",\"code\":0}', 0, NULL, '2019-12-30 14:51:59');
INSERT INTO `sys_oper_log` VALUES (122, '用户管理', 1, 'com.ruoyi.project.system.user.controller.UserController.addSave()', 'POST', 1, 'admin', '市场部门', '/system/user/add', '127.0.0.1', '内网IP', '{\"deptId\":[\"105\"],\"userName\":[\"1\"],\"deptName\":[\"测试部门\"],\"phonenumber\":[\"15537364881\"],\"email\":[\"admin@qqzsh.top2\"],\"loginName\":[\"1111\"],\"password\":[\"123456\"],\"sex\":[\"0\"],\"vipTime\":[\"1970-01-01 00:00:00\"],\"role\":[\"1\"],\"remark\":[\"\"],\"status\":[\"0\"],\"roleIds\":[\"1\"],\"postIds\":[\"2\"]}', 'null', 1, '\r\n### Error updating database.  Cause: java.sql.SQLSyntaxErrorException: Unknown column \'vipTime\' in \'field list\'\r\n### The error may involve com.ruoyi.project.system.user.mapper.UserMapper.insertUser-Inline\r\n### The error occurred while setting parameters\r\n### SQL: insert into sys_user(            dept_id,       login_name,       user_name,       email,             phonenumber,       sex,       password,       salt,       status,       create_by,            create_time,vipTime    )values(            ?,       ?,       ?,       ?,             ?,       ?,       ?,       ?,       ?,       ?,            sysdate(),?    )\r\n### Cause: java.sql.SQLSyntaxErrorException: Unknown column \'vipTime\' in \'field list\'\n; bad SQL grammar []; nested exception is java.sql.SQLSyntaxErrorException: Unknown column \'vipTime\' in \'field list\'', '2019-12-30 14:52:28');
INSERT INTO `sys_oper_log` VALUES (123, '用户管理', 1, 'com.ruoyi.project.system.user.controller.UserController.addSave()', 'POST', 1, 'admin', '市场部门', '/system/user/add', '127.0.0.1', '内网IP', '{\"deptId\":[\"105\"],\"userName\":[\"admin\"],\"deptName\":[\"测试部门\"],\"phonenumber\":[\"15537364882\"],\"email\":[\"2016zsh@wlgzs.org1\"],\"loginName\":[\"11\"],\"password\":[\"123456\"],\"sex\":[\"0\"],\"vipTime\":[\"1970-01-01 00:00:00\"],\"remark\":[\"\"],\"status\":[\"0\"],\"roleIds\":[\"\"],\"postIds\":[\"2\"]}', 'null', 1, '\r\n### Error updating database.  Cause: java.sql.SQLSyntaxErrorException: Unknown column \'vipTime\' in \'field list\'\r\n### The error may involve com.ruoyi.project.system.user.mapper.UserMapper.insertUser-Inline\r\n### The error occurred while setting parameters\r\n### SQL: insert into sys_user(            dept_id,       login_name,       user_name,       email,             phonenumber,       sex,       password,       salt,       status,       create_by,            create_time,vipTime    )values(            ?,       ?,       ?,       ?,             ?,       ?,       ?,       ?,       ?,       ?,            sysdate(),?    )\r\n### Cause: java.sql.SQLSyntaxErrorException: Unknown column \'vipTime\' in \'field list\'\n; bad SQL grammar []; nested exception is java.sql.SQLSyntaxErrorException: Unknown column \'vipTime\' in \'field list\'', '2019-12-30 14:59:58');
INSERT INTO `sys_oper_log` VALUES (124, '用户管理', 1, 'com.ruoyi.project.system.user.controller.UserController.addSave()', 'POST', 1, 'admin', '市场部门', '/system/user/add', '127.0.0.1', '内网IP', '{\"deptId\":[\"104\"],\"userName\":[\"admin\"],\"deptName\":[\"市场部门\"],\"phonenumber\":[\"15537364889\"],\"email\":[\"admin@qqzsh.top\"],\"loginName\":[\"11\"],\"password\":[\"123456\"],\"sex\":[\"0\"],\"vipTime\":[\"1970-01-01 00:00:00\"],\"remark\":[\"\"],\"status\":[\"0\"],\"roleIds\":[\"\"],\"postIds\":[\"\"]}', '{\"msg\":\"操作成功\",\"code\":0}', 0, NULL, '2019-12-30 15:00:44');
INSERT INTO `sys_oper_log` VALUES (125, '部门管理', 2, 'com.ruoyi.project.system.dept.controller.DeptController.editSave()', 'POST', 1, 'admin', '市场部门', '/system/dept/edit', '127.0.0.1', '内网IP', '{\"deptId\":[\"100\"],\"parentId\":[\"0\"],\"parentName\":[\"无\"],\"deptName\":[\"高校学科资源平台\"],\"orderNum\":[\"0\"],\"leader\":[\"\"],\"phone\":[\"\"],\"email\":[\"\"],\"status\":[\"0\"]}', '{\"msg\":\"操作成功\",\"code\":0}', 0, NULL, '2019-12-30 15:02:21');
INSERT INTO `sys_oper_log` VALUES (126, '部门管理', 3, 'com.ruoyi.project.system.dept.controller.DeptController.remove()', 'GET', 1, 'admin', '市场部门', '/system/dept/remove/109', '127.0.0.1', '内网IP', '{}', '{\"msg\":\"操作成功\",\"code\":0}', 0, NULL, '2019-12-30 15:02:45');
INSERT INTO `sys_oper_log` VALUES (127, '部门管理', 3, 'com.ruoyi.project.system.dept.controller.DeptController.remove()', 'GET', 1, 'admin', '市场部门', '/system/dept/remove/108', '127.0.0.1', '内网IP', '{}', '{\"msg\":\"操作成功\",\"code\":0}', 0, NULL, '2019-12-30 15:02:48');
INSERT INTO `sys_oper_log` VALUES (128, '部门管理', 3, 'com.ruoyi.project.system.dept.controller.DeptController.remove()', 'GET', 1, 'admin', '市场部门', '/system/dept/remove/102', '127.0.0.1', '内网IP', '{}', '{\"msg\":\"操作成功\",\"code\":0}', 0, NULL, '2019-12-30 15:02:50');
INSERT INTO `sys_oper_log` VALUES (129, '部门管理', 2, 'com.ruoyi.project.system.dept.controller.DeptController.editSave()', 'POST', 1, 'admin', '市场部门', '/system/dept/edit', '127.0.0.1', '内网IP', '{\"deptId\":[\"103\"],\"parentId\":[\"100\"],\"parentName\":[\"高校学科资源平台\"],\"deptName\":[\"研发部门\"],\"orderNum\":[\"1\"],\"leader\":[\"若依\"],\"phone\":[\"15888888888\"],\"email\":[\"ry@qq.com\"],\"status\":[\"0\"]}', '{\"msg\":\"操作成功\",\"code\":0}', 0, NULL, '2019-12-30 15:02:59');
INSERT INTO `sys_oper_log` VALUES (130, '部门管理', 2, 'com.ruoyi.project.system.dept.controller.DeptController.editSave()', 'POST', 1, 'admin', '市场部门', '/system/dept/edit', '127.0.0.1', '内网IP', '{\"deptId\":[\"103\"],\"parentId\":[\"100\"],\"parentName\":[\"高校学科资源平台\"],\"deptName\":[\"研发部门\"],\"orderNum\":[\"1\"],\"leader\":[\"\"],\"phone\":[\"\"],\"email\":[\"\"],\"status\":[\"0\"]}', '{\"msg\":\"操作成功\",\"code\":0}', 0, NULL, '2019-12-30 15:03:21');
INSERT INTO `sys_oper_log` VALUES (131, '部门管理', 2, 'com.ruoyi.project.system.dept.controller.DeptController.editSave()', 'POST', 1, 'admin', '市场部门', '/system/dept/edit', '127.0.0.1', '内网IP', '{\"deptId\":[\"107\"],\"parentId\":[\"100\"],\"parentName\":[\"高校学科资源平台\"],\"deptName\":[\"运维部门\"],\"orderNum\":[\"5\"],\"leader\":[\"若依\"],\"phone\":[\"15888888888\"],\"email\":[\"ry@qq.com\"],\"status\":[\"0\"]}', '{\"msg\":\"操作成功\",\"code\":0}', 0, NULL, '2019-12-30 15:03:29');
INSERT INTO `sys_oper_log` VALUES (132, '部门管理', 2, 'com.ruoyi.project.system.dept.controller.DeptController.editSave()', 'POST', 1, 'admin', '市场部门', '/system/dept/edit', '127.0.0.1', '内网IP', '{\"deptId\":[\"106\"],\"parentId\":[\"100\"],\"parentName\":[\"高校学科资源平台\"],\"deptName\":[\"财务部门\"],\"orderNum\":[\"4\"],\"leader\":[\"\"],\"phone\":[\"\"],\"email\":[\"\"],\"status\":[\"0\"]}', '{\"msg\":\"操作成功\",\"code\":0}', 0, NULL, '2019-12-30 15:03:39');
INSERT INTO `sys_oper_log` VALUES (133, '部门管理', 2, 'com.ruoyi.project.system.dept.controller.DeptController.editSave()', 'POST', 1, 'admin', '市场部门', '/system/dept/edit', '127.0.0.1', '内网IP', '{\"deptId\":[\"104\"],\"parentId\":[\"100\"],\"parentName\":[\"高校学科资源平台\"],\"deptName\":[\"市场部门\"],\"orderNum\":[\"2\"],\"leader\":[\"\"],\"phone\":[\"\"],\"email\":[\"\"],\"status\":[\"0\"]}', '{\"msg\":\"操作成功\",\"code\":0}', 0, NULL, '2019-12-30 15:04:00');
INSERT INTO `sys_oper_log` VALUES (134, '部门管理', 2, 'com.ruoyi.project.system.dept.controller.DeptController.editSave()', 'POST', 1, 'admin', '市场部门', '/system/dept/edit', '127.0.0.1', '内网IP', '{\"deptId\":[\"105\"],\"parentId\":[\"100\"],\"parentName\":[\"高校学科资源平台\"],\"deptName\":[\"普通用户组\"],\"orderNum\":[\"3\"],\"leader\":[\"\"],\"phone\":[\"\"],\"email\":[\"\"],\"status\":[\"0\"]}', '{\"msg\":\"操作成功\",\"code\":0}', 0, NULL, '2019-12-30 15:04:40');
INSERT INTO `sys_oper_log` VALUES (135, '部门管理', 2, 'com.ruoyi.project.system.dept.controller.DeptController.editSave()', 'POST', 1, 'admin', '市场部门', '/system/dept/edit', '127.0.0.1', '内网IP', '{\"deptId\":[\"101\"],\"parentId\":[\"100\"],\"parentName\":[\"高校学科资源平台\"],\"deptName\":[\"会员组\"],\"orderNum\":[\"1\"],\"leader\":[\"\"],\"phone\":[\"\"],\"email\":[\"\"],\"status\":[\"0\"]}', '{\"msg\":\"操作成功\",\"code\":0}', 0, NULL, '2019-12-30 15:05:06');
INSERT INTO `sys_oper_log` VALUES (136, '部门管理', 2, 'com.ruoyi.project.system.dept.controller.DeptController.editSave()', 'POST', 1, 'admin', '市场部门', '/system/dept/edit', '127.0.0.1', '内网IP', '{\"deptId\":[\"105\"],\"parentId\":[\"100\"],\"parentName\":[\"高校学科资源平台\"],\"deptName\":[\"普通用户组\"],\"orderNum\":[\"2\"],\"leader\":[\"\"],\"phone\":[\"\"],\"email\":[\"\"],\"status\":[\"0\"]}', '{\"msg\":\"操作成功\",\"code\":0}', 0, NULL, '2019-12-30 15:05:23');
INSERT INTO `sys_oper_log` VALUES (137, '部门管理', 2, 'com.ruoyi.project.system.dept.controller.DeptController.editSave()', 'POST', 1, 'admin', '市场部门', '/system/dept/edit', '127.0.0.1', '内网IP', '{\"deptId\":[\"103\"],\"parentId\":[\"100\"],\"parentName\":[\"高校学科资源平台\"],\"deptName\":[\"研发部门\"],\"orderNum\":[\"3\"],\"leader\":[\"\"],\"phone\":[\"\"],\"email\":[\"\"],\"status\":[\"0\"]}', '{\"msg\":\"操作成功\",\"code\":0}', 0, NULL, '2019-12-30 15:05:28');
INSERT INTO `sys_oper_log` VALUES (138, '部门管理', 2, 'com.ruoyi.project.system.dept.controller.DeptController.editSave()', 'POST', 1, 'admin', '市场部门', '/system/dept/edit', '127.0.0.1', '内网IP', '{\"deptId\":[\"104\"],\"parentId\":[\"100\"],\"parentName\":[\"高校学科资源平台\"],\"deptName\":[\"市场部门\"],\"orderNum\":[\"6\"],\"leader\":[\"\"],\"phone\":[\"\"],\"email\":[\"\"],\"status\":[\"0\"]}', '{\"msg\":\"操作成功\",\"code\":0}', 0, NULL, '2019-12-30 15:05:39');
INSERT INTO `sys_oper_log` VALUES (139, '用户管理', 3, 'com.ruoyi.project.system.user.controller.UserController.remove()', 'POST', 1, 'admin', '市场部门', '/system/user/remove', '127.0.0.1', '内网IP', '{\"ids\":[\"103,2\"]}', '{\"msg\":\"操作成功\",\"code\":0}', 0, NULL, '2019-12-30 15:05:52');
INSERT INTO `sys_oper_log` VALUES (140, '用户管理', 2, 'com.ruoyi.project.system.user.controller.UserController.editSave()', 'POST', 1, 'admin', '市场部门', '/system/user/edit', '127.0.0.1', '内网IP', '{\"userId\":[\"1\"],\"deptId\":[\"103\"],\"userName\":[\"张顺海\"],\"dept.deptName\":[\"研发部门\"],\"phonenumber\":[\"15537364889\"],\"email\":[\"admin@qqzsh.top\"],\"loginName\":[\"admin\"],\"sex\":[\"0\"],\"role\":[\"1\"],\"remark\":[\"管理员\"],\"status\":[\"0\"],\"roleIds\":[\"1\"],\"postIds\":[\"1\"]}', 'null', 1, '不允许操作超级管理员用户', '2019-12-30 15:07:08');
INSERT INTO `sys_oper_log` VALUES (141, '用户管理', 2, 'com.ruoyi.project.system.user.controller.UserController.editSave()', 'POST', 1, 'admin', '市场部门', '/system/user/edit', '127.0.0.1', '内网IP', '{\"userId\":[\"1\"],\"deptId\":[\"103\"],\"userName\":[\"张顺海\"],\"dept.deptName\":[\"研发部门\"],\"phonenumber\":[\"15537364889\"],\"email\":[\"admin@qqzsh.top\"],\"loginName\":[\"admin\"],\"sex\":[\"0\"],\"role\":[\"1\"],\"remark\":[\"管理员\"],\"status\":[\"0\"],\"roleIds\":[\"1\"],\"postIds\":[\"1\"]}', '{\"msg\":\"操作成功\",\"code\":0}', 0, NULL, '2019-12-30 15:09:56');
INSERT INTO `sys_oper_log` VALUES (142, '用户管理', 2, 'com.ruoyi.project.system.user.controller.UserController.editSave()', 'POST', 1, 'admin', '市场部门', '/system/user/edit', '127.0.0.1', '内网IP', '{\"userId\":[\"1\"],\"deptId\":[\"103\"],\"userName\":[\"张顺海\"],\"dept.deptName\":[\"研发部门\"],\"phonenumber\":[\"15537364889\"],\"email\":[\"admin@qqzsh.top\"],\"loginName\":[\"admin\"],\"sex\":[\"0\"],\"role\":[\"1\"],\"vipTime\":[\"2019-12-30 00:00:00\"],\"remark\":[\"管理员\"],\"status\":[\"0\"],\"roleIds\":[\"1\"],\"postIds\":[\"1\"]}', '{\"msg\":\"操作成功\",\"code\":0}', 0, NULL, '2019-12-30 15:13:20');
INSERT INTO `sys_oper_log` VALUES (143, '用户管理', 2, 'com.ruoyi.project.system.user.controller.UserController.editSave()', 'POST', 1, 'admin', '市场部门', '/system/user/edit', '127.0.0.1', '内网IP', '{\"userId\":[\"1\"],\"deptId\":[\"103\"],\"userName\":[\"张顺海\"],\"dept.deptName\":[\"研发部门\"],\"phonenumber\":[\"15537364889\"],\"email\":[\"admin@qqzsh.top\"],\"loginName\":[\"admin\"],\"sex\":[\"0\"],\"role\":[\"1\"],\"vipTime\":[\"2019-12-30 00:00:00\"],\"remark\":[\"管理员\"],\"status\":[\"0\"],\"roleIds\":[\"1\"],\"postIds\":[\"1\"]}', '{\"msg\":\"操作成功\",\"code\":0}', 0, NULL, '2019-12-30 15:13:48');
INSERT INTO `sys_oper_log` VALUES (144, '用户管理', 2, 'com.ruoyi.project.system.user.controller.UserController.editSave()', 'POST', 1, 'admin', '市场部门', '/system/user/edit', '127.0.0.1', '内网IP', '{\"userId\":[\"1\"],\"deptId\":[\"103\"],\"userName\":[\"张顺海\"],\"dept.deptName\":[\"研发部门\"],\"phonenumber\":[\"15537364889\"],\"email\":[\"admin@qqzsh.top\"],\"loginName\":[\"admin\"],\"sex\":[\"0\"],\"role\":[\"1\"],\"vipTime\":[\"2019-12-30 00:00:00\"],\"remark\":[\"管理员\"],\"status\":[\"0\"],\"roleIds\":[\"1\"],\"postIds\":[\"1\"]}', '{\"msg\":\"操作成功\",\"code\":0}', 0, NULL, '2019-12-30 15:20:42');
INSERT INTO `sys_oper_log` VALUES (145, '用户管理', 2, 'com.ruoyi.project.system.user.controller.UserController.editSave()', 'POST', 1, 'admin', '研发部门', '/system/user/edit', '127.0.0.1', '内网IP', '{\"userId\":[\"1\"],\"deptId\":[\"103\"],\"userName\":[\"张顺海\"],\"dept.deptName\":[\"研发部门\"],\"phonenumber\":[\"15537364889\"],\"email\":[\"admin@qqzsh.top\"],\"loginName\":[\"admin\"],\"sex\":[\"0\"],\"role\":[\"1\"],\"vipTime\":[\"2019-12-30 00:00:00\"],\"remark\":[\"管理员\"],\"status\":[\"0\"],\"roleIds\":[\"1\"],\"postIds\":[\"1\"]}', '{\"msg\":\"操作成功\",\"code\":0}', 0, NULL, '2019-12-30 15:22:48');
INSERT INTO `sys_oper_log` VALUES (146, '用户管理', 2, 'com.ruoyi.project.system.user.controller.UserController.editSave()', 'POST', 1, 'admin', '研发部门', '/system/user/edit', '127.0.0.1', '内网IP', '{\"userId\":[\"1\"],\"deptId\":[\"103\"],\"userName\":[\"张顺海\"],\"dept.deptName\":[\"研发部门\"],\"phonenumber\":[\"15537364889\"],\"email\":[\"admin@qqzsh.top\"],\"loginName\":[\"admin\"],\"sex\":[\"0\"],\"role\":[\"1\"],\"vipTime\":[\"2019-12-31 00:00:00\"],\"remark\":[\"管理员\"],\"status\":[\"0\"],\"roleIds\":[\"1\"],\"postIds\":[\"1\"]}', '{\"msg\":\"操作成功\",\"code\":0}', 0, NULL, '2019-12-30 15:26:44');
INSERT INTO `sys_oper_log` VALUES (147, '用户管理', 2, 'com.ruoyi.project.system.user.controller.UserController.editSave()', 'POST', 1, 'admin', '研发部门', '/system/user/edit', '127.0.0.1', '内网IP', '{\"userId\":[\"1\"],\"deptId\":[\"103\"],\"userName\":[\"张顺海\"],\"dept.deptName\":[\"研发部门\"],\"phonenumber\":[\"15537364889\"],\"email\":[\"admin@qqzsh.top\"],\"loginName\":[\"admin\"],\"sex\":[\"0\"],\"role\":[\"1\"],\"vipTime\":[\"2019-12-30 00:00:00\"],\"remark\":[\"管理员\"],\"status\":[\"0\"],\"roleIds\":[\"1\"],\"postIds\":[\"1\"]}', '{\"msg\":\"操作成功\",\"code\":0}', 0, NULL, '2019-12-30 15:55:56');
INSERT INTO `sys_oper_log` VALUES (148, '菜单管理', 2, 'com.ruoyi.project.system.menu.controller.MenuController.editSave()', 'POST', 1, 'admin', '研发部门', '/system/menu/edit', '127.0.0.1', '内网IP', '{\"menuId\":[\"107\"],\"parentId\":[\"1\"],\"menuType\":[\"C\"],\"menuName\":[\"通知广告\"],\"url\":[\"/system/notice\"],\"target\":[\"menuItem\"],\"perms\":[\"system:notice:view\"],\"orderNum\":[\"8\"],\"icon\":[\"#\"],\"visible\":[\"0\"]}', '{\"msg\":\"操作成功\",\"code\":0}', 0, NULL, '2019-12-30 15:57:07');
INSERT INTO `sys_oper_log` VALUES (149, '字典数据', 2, 'com.ruoyi.project.system.dict.controller.DictDataController.editSave()', 'POST', 1, 'admin', '研发部门', '/system/dict/data/edit', '127.0.0.1', '内网IP', '{\"dictCode\":[\"15\"],\"dictLabel\":[\"广告\"],\"dictValue\":[\"2\"],\"dictType\":[\"sys_notice_type\"],\"cssClass\":[\"\"],\"dictSort\":[\"2\"],\"listClass\":[\"success\"],\"isDefault\":[\"N\"],\"status\":[\"0\"],\"remark\":[\"公告\"]}', '{\"msg\":\"操作成功\",\"code\":0}', 0, NULL, '2019-12-30 15:58:25');
INSERT INTO `sys_oper_log` VALUES (150, '代码生成', 6, 'com.ruoyi.project.tool.gen.controller.GenController.importTableSave()', 'POST', 1, 'admin', '研发部门', '/tool/gen/importTable', '127.0.0.1', '内网IP', '{\"tables\":[\"sys_arc_type\"]}', '{\"msg\":\"操作成功\",\"code\":0}', 0, NULL, '2019-12-30 16:05:48');
INSERT INTO `sys_oper_log` VALUES (151, '代码生成', 3, 'com.ruoyi.project.tool.gen.controller.GenController.remove()', 'POST', 1, 'admin', '研发部门', '/tool/gen/remove', '127.0.0.1', '内网IP', '{\"ids\":[\"1\"]}', '{\"msg\":\"操作成功\",\"code\":0}', 0, NULL, '2019-12-30 16:06:44');
INSERT INTO `sys_oper_log` VALUES (152, '代码生成', 6, 'com.ruoyi.project.tool.gen.controller.GenController.importTableSave()', 'POST', 1, 'admin', '研发部门', '/tool/gen/importTable', '127.0.0.1', '内网IP', '{\"tables\":[\"sys_arc_type\"]}', '{\"msg\":\"操作成功\",\"code\":0}', 0, NULL, '2019-12-30 16:06:47');
INSERT INTO `sys_oper_log` VALUES (153, '代码生成', 8, 'com.ruoyi.project.tool.gen.controller.GenController.genCode()', 'GET', 1, 'admin', '研发部门', '/tool/gen/genCode/sys_arc_type', '127.0.0.1', '内网IP', '{}', 'null', 0, NULL, '2019-12-30 16:06:51');
INSERT INTO `sys_oper_log` VALUES (154, '代码生成', 8, 'com.ruoyi.project.tool.gen.controller.GenController.genCode()', 'GET', 1, 'admin', '研发部门', '/tool/gen/genCode/sys_arc_type', '127.0.0.1', '内网IP', '{}', 'null', 0, NULL, '2019-12-30 16:06:53');
INSERT INTO `sys_oper_log` VALUES (155, '菜单管理', 3, 'com.ruoyi.project.system.menu.controller.MenuController.remove()', 'GET', 1, 'admin', '研发部门', '/system/menu/remove/2000', '127.0.0.1', '内网IP', '{}', '{\"msg\":\"存在子菜单,不允许删除\",\"code\":301}', 0, NULL, '2019-12-30 16:09:41');
INSERT INTO `sys_oper_log` VALUES (156, '菜单管理', 3, 'com.ruoyi.project.system.menu.controller.MenuController.remove()', 'GET', 1, 'admin', '研发部门', '/system/menu/remove/2001', '127.0.0.1', '内网IP', '{}', '{\"msg\":\"操作成功\",\"code\":0}', 0, NULL, '2019-12-30 16:09:48');
INSERT INTO `sys_oper_log` VALUES (157, '菜单管理', 3, 'com.ruoyi.project.system.menu.controller.MenuController.remove()', 'GET', 1, 'admin', '研发部门', '/system/menu/remove/2002', '127.0.0.1', '内网IP', '{}', '{\"msg\":\"操作成功\",\"code\":0}', 0, NULL, '2019-12-30 16:10:06');
INSERT INTO `sys_oper_log` VALUES (158, '菜单管理', 3, 'com.ruoyi.project.system.menu.controller.MenuController.remove()', 'GET', 1, 'admin', '研发部门', '/system/menu/remove/2003', '127.0.0.1', '内网IP', '{}', '{\"msg\":\"操作成功\",\"code\":0}', 0, NULL, '2019-12-30 16:10:21');
INSERT INTO `sys_oper_log` VALUES (159, '菜单管理', 3, 'com.ruoyi.project.system.menu.controller.MenuController.remove()', 'GET', 1, 'admin', '研发部门', '/system/menu/remove/2004', '127.0.0.1', '内网IP', '{}', '{\"msg\":\"操作成功\",\"code\":0}', 0, NULL, '2019-12-30 16:10:31');
INSERT INTO `sys_oper_log` VALUES (160, '菜单管理', 3, 'com.ruoyi.project.system.menu.controller.MenuController.remove()', 'GET', 1, 'admin', '研发部门', '/system/menu/remove/2005', '127.0.0.1', '内网IP', '{}', '{\"msg\":\"操作成功\",\"code\":0}', 0, NULL, '2019-12-30 16:10:39');
INSERT INTO `sys_oper_log` VALUES (161, '菜单管理', 3, 'com.ruoyi.project.system.menu.controller.MenuController.remove()', 'GET', 1, 'admin', '研发部门', '/system/menu/remove/2000', '127.0.0.1', '内网IP', '{}', '{\"msg\":\"操作成功\",\"code\":0}', 0, NULL, '2019-12-30 16:10:45');
INSERT INTO `sys_oper_log` VALUES (162, '菜单管理', 1, 'com.ruoyi.project.system.menu.controller.MenuController.addSave()', 'POST', 1, 'admin', '研发部门', '/system/menu/add', '127.0.0.1', '内网IP', '{\"parentId\":[\"0\"],\"menuType\":[\"M\"],\"menuName\":[\"内容管理\"],\"url\":[\"\"],\"target\":[\"menuItem\"],\"perms\":[\"\"],\"orderNum\":[\"4\"],\"icon\":[\"fa fa-folder-open\"],\"visible\":[\"0\"]}', '{\"msg\":\"操作成功\",\"code\":0}', 0, NULL, '2019-12-30 16:11:16');
INSERT INTO `sys_oper_log` VALUES (163, '菜单管理', 2, 'com.ruoyi.project.system.menu.controller.MenuController.editSave()', 'POST', 1, 'admin', '研发部门', '/system/menu/edit', '127.0.0.1', '内网IP', '{\"menuId\":[\"2006\"],\"parentId\":[\"2012\"],\"menuType\":[\"C\"],\"menuName\":[\"资源类别\"],\"url\":[\"/content/type\"],\"target\":[\"menuItem\"],\"perms\":[\"content:type:view\"],\"orderNum\":[\"1\"],\"icon\":[\"#\"],\"visible\":[\"0\"]}', '{\"msg\":\"操作成功\",\"code\":0}', 0, NULL, '2019-12-30 16:11:27');
INSERT INTO `sys_oper_log` VALUES (164, '资源类别', 5, 'com.ruoyi.project.content.type.controller.ArcTypeController.export()', 'POST', 1, 'admin', '研发部门', '/content/type/export', '127.0.0.1', '内网IP', '{\"srcTypeName\":[\"\"],\"srcTypeSort\":[\"\"]}', '{\"msg\":\"70c3d3be-c2c5-4caa-b208-acb6aa9e9e9f_type.xlsx\",\"code\":0}', 0, NULL, '2019-12-30 16:11:53');
INSERT INTO `sys_oper_log` VALUES (165, '资源类别', 1, 'com.ruoyi.project.content.type.controller.ArcTypeController.addSave()', 'POST', 1, 'admin', '研发部门', '/content/type/add', '127.0.0.1', '内网IP', '{\"srcTypeName\":[\"XXX\"],\"srcTypeRemark\":[\"123\"],\"srcTypeSort\":[\"15\"]}', '{\"msg\":\"操作成功\",\"code\":0}', 0, NULL, '2019-12-30 16:13:14');
INSERT INTO `sys_oper_log` VALUES (166, '资源类别', 2, 'com.ruoyi.project.content.type.controller.ArcTypeController.editSave()', 'POST', 1, 'admin', '研发部门', '/content/type/edit', '127.0.0.1', '内网IP', '{\"srcTypeId\":[\"50\"],\"srcTypeName\":[\"其他\"],\"srcTypeRemark\":[\"高校学科分类\"],\"srcTypeSort\":[\"13\"]}', '{\"msg\":\"操作成功\",\"code\":0}', 0, NULL, '2019-12-30 16:13:26');
INSERT INTO `sys_oper_log` VALUES (167, '资源类别', 2, 'com.ruoyi.project.content.type.controller.ArcTypeController.editSave()', 'POST', 1, 'admin', '研发部门', '/content/type/edit', '127.0.0.1', '内网IP', '{\"srcTypeId\":[\"49\"],\"srcTypeName\":[\"艺术学\"],\"srcTypeRemark\":[\"高校学科分类\"],\"srcTypeSort\":[\"14\"]}', '{\"msg\":\"操作成功\",\"code\":0}', 0, NULL, '2019-12-30 16:13:32');
INSERT INTO `sys_oper_log` VALUES (168, '资源类别', 2, 'com.ruoyi.project.content.type.controller.ArcTypeController.editSave()', 'POST', 1, 'admin', '研发部门', '/content/type/edit', '127.0.0.1', '内网IP', '{\"srcTypeId\":[\"49\"],\"srcTypeName\":[\"艺术学\"],\"srcTypeRemark\":[\"高校学科分类\"],\"srcTypeSort\":[\"13\"]}', '{\"msg\":\"操作成功\",\"code\":0}', 0, NULL, '2019-12-30 16:13:37');
INSERT INTO `sys_oper_log` VALUES (169, '资源类别', 2, 'com.ruoyi.project.content.type.controller.ArcTypeController.editSave()', 'POST', 1, 'admin', '研发部门', '/content/type/edit', '127.0.0.1', '内网IP', '{\"srcTypeId\":[\"50\"],\"srcTypeName\":[\"其他\"],\"srcTypeRemark\":[\"高校学科分类\"],\"srcTypeSort\":[\"14\"]}', '{\"msg\":\"操作成功\",\"code\":0}', 0, NULL, '2019-12-30 16:13:41');
INSERT INTO `sys_oper_log` VALUES (170, '资源类别', 2, 'com.ruoyi.project.content.type.controller.ArcTypeController.editSave()', 'POST', 1, 'admin', '研发部门', '/content/type/edit', '127.0.0.1', '内网IP', '{\"srcTypeId\":[\"51\"],\"srcTypeName\":[\"XXX\"],\"srcTypeRemark\":[\"123\"],\"srcTypeSort\":[\"11\"]}', '{\"msg\":\"操作成功\",\"code\":0}', 0, NULL, '2019-12-30 16:15:06');
INSERT INTO `sys_oper_log` VALUES (171, '资源类别', 3, 'com.ruoyi.project.content.type.controller.ArcTypeController.remove()', 'POST', 1, 'admin', '研发部门', '/content/type/remove', '127.0.0.1', '内网IP', '{\"ids\":[\"51\"]}', '{\"msg\":\"操作成功\",\"code\":0}', 0, NULL, '2019-12-30 16:15:11');
INSERT INTO `sys_oper_log` VALUES (172, '字典类型', 1, 'com.ruoyi.project.system.dict.controller.DictTypeController.addSave()', 'POST', 1, 'admin', '研发部门', '/system/dict/add', '127.0.0.1', '内网IP', '{\"dictName\":[\"资源状态\"],\"dictType\":[\"sys_article_status\"],\"status\":[\"0\"],\"remark\":[\"资源状态\"]}', '{\"msg\":\"操作成功\",\"code\":0}', 0, NULL, '2019-12-30 16:19:27');
INSERT INTO `sys_oper_log` VALUES (173, '字典类型', 2, 'com.ruoyi.project.system.dict.controller.DictTypeController.editSave()', 'POST', 1, 'admin', '研发部门', '/system/dict/edit', '127.0.0.1', '内网IP', '{\"dictId\":[\"100\"],\"dictName\":[\"资源状态\"],\"dictType\":[\"sys_article_status\"],\"status\":[\"0\"],\"remark\":[\"资源状态列表\"]}', '{\"msg\":\"操作成功\",\"code\":0}', 0, NULL, '2019-12-30 16:19:46');
INSERT INTO `sys_oper_log` VALUES (174, '字典数据', 1, 'com.ruoyi.project.system.dict.controller.DictDataController.addSave()', 'POST', 1, 'admin', '研发部门', '/system/dict/data/add', '127.0.0.1', '内网IP', '{\"dictLabel\":[\"未审核\"],\"dictValue\":[\"0\"],\"dictType\":[\"sys_article_status\"],\"cssClass\":[\"\"],\"dictSort\":[\"0\"],\"listClass\":[\"\"],\"isDefault\":[\"Y\"],\"status\":[\"0\"],\"remark\":[\"\"]}', '{\"msg\":\"操作成功\",\"code\":0}', 0, NULL, '2019-12-30 16:20:41');
INSERT INTO `sys_oper_log` VALUES (175, '字典数据', 1, 'com.ruoyi.project.system.dict.controller.DictDataController.addSave()', 'POST', 1, 'admin', '研发部门', '/system/dict/data/add', '127.0.0.1', '内网IP', '{\"dictLabel\":[\"审核通过\"],\"dictValue\":[\"1\"],\"dictType\":[\"sys_article_status\"],\"cssClass\":[\"\"],\"dictSort\":[\"2\"],\"listClass\":[\"\"],\"isDefault\":[\"Y\"],\"status\":[\"0\"],\"remark\":[\"\"]}', '{\"msg\":\"操作成功\",\"code\":0}', 0, NULL, '2019-12-30 16:21:04');
INSERT INTO `sys_oper_log` VALUES (176, '字典数据', 2, 'com.ruoyi.project.system.dict.controller.DictDataController.editSave()', 'POST', 1, 'admin', '研发部门', '/system/dict/data/edit', '127.0.0.1', '内网IP', '{\"dictCode\":[\"101\"],\"dictLabel\":[\"审核通过\"],\"dictValue\":[\"1\"],\"dictType\":[\"sys_article_status\"],\"cssClass\":[\"\"],\"dictSort\":[\"1\"],\"listClass\":[\"\"],\"isDefault\":[\"Y\"],\"status\":[\"0\"],\"remark\":[\"\"]}', '{\"msg\":\"操作成功\",\"code\":0}', 0, NULL, '2019-12-30 16:21:12');
INSERT INTO `sys_oper_log` VALUES (177, '字典数据', 2, 'com.ruoyi.project.system.dict.controller.DictDataController.editSave()', 'POST', 1, 'admin', '研发部门', '/system/dict/data/edit', '127.0.0.1', '内网IP', '{\"dictCode\":[\"101\"],\"dictLabel\":[\"审核通过\"],\"dictValue\":[\"1\"],\"dictType\":[\"sys_article_status\"],\"cssClass\":[\"\"],\"dictSort\":[\"2\"],\"listClass\":[\"\"],\"isDefault\":[\"Y\"],\"status\":[\"0\"],\"remark\":[\"\"]}', '{\"msg\":\"操作成功\",\"code\":0}', 0, NULL, '2019-12-30 16:21:19');
INSERT INTO `sys_oper_log` VALUES (178, '字典数据', 2, 'com.ruoyi.project.system.dict.controller.DictDataController.editSave()', 'POST', 1, 'admin', '研发部门', '/system/dict/data/edit', '127.0.0.1', '内网IP', '{\"dictCode\":[\"100\"],\"dictLabel\":[\"未审核\"],\"dictValue\":[\"0\"],\"dictType\":[\"sys_article_status\"],\"cssClass\":[\"\"],\"dictSort\":[\"1\"],\"listClass\":[\"\"],\"isDefault\":[\"Y\"],\"status\":[\"0\"],\"remark\":[\"\"]}', '{\"msg\":\"操作成功\",\"code\":0}', 0, NULL, '2019-12-30 16:21:23');
INSERT INTO `sys_oper_log` VALUES (179, '字典数据', 1, 'com.ruoyi.project.system.dict.controller.DictDataController.addSave()', 'POST', 1, 'admin', '研发部门', '/system/dict/data/add', '127.0.0.1', '内网IP', '{\"dictLabel\":[\"审核未通过\"],\"dictValue\":[\"2\"],\"dictType\":[\"sys_article_status\"],\"cssClass\":[\"\"],\"dictSort\":[\"3\"],\"listClass\":[\"\"],\"isDefault\":[\"Y\"],\"status\":[\"0\"],\"remark\":[\"\"]}', '{\"msg\":\"操作成功\",\"code\":0}', 0, NULL, '2019-12-30 16:22:53');
INSERT INTO `sys_oper_log` VALUES (180, '字典数据', 2, 'com.ruoyi.project.system.dict.controller.DictDataController.editSave()', 'POST', 1, 'admin', '研发部门', '/system/dict/data/edit', '127.0.0.1', '内网IP', '{\"dictCode\":[\"102\"],\"dictLabel\":[\"审核未通过\"],\"dictValue\":[\"2\"],\"dictType\":[\"sys_article_status\"],\"cssClass\":[\"\"],\"dictSort\":[\"3\"],\"listClass\":[\"\"],\"isDefault\":[\"Y\"],\"status\":[\"0\"],\"remark\":[\"\"]}', '{\"msg\":\"操作成功\",\"code\":0}', 0, NULL, '2019-12-30 16:23:10');
INSERT INTO `sys_oper_log` VALUES (181, '字典数据', 2, 'com.ruoyi.project.system.dict.controller.DictDataController.editSave()', 'POST', 1, 'admin', '研发部门', '/system/dict/data/edit', '127.0.0.1', '内网IP', '{\"dictCode\":[\"100\"],\"dictLabel\":[\"待审核\"],\"dictValue\":[\"0\"],\"dictType\":[\"sys_article_status\"],\"cssClass\":[\"\"],\"dictSort\":[\"1\"],\"listClass\":[\"\"],\"isDefault\":[\"Y\"],\"status\":[\"0\"],\"remark\":[\"\"]}', '{\"msg\":\"操作成功\",\"code\":0}', 0, NULL, '2019-12-30 16:23:24');
INSERT INTO `sys_oper_log` VALUES (182, '代码生成', 6, 'com.ruoyi.project.tool.gen.controller.GenController.importTableSave()', 'POST', 1, 'admin', '研发部门', '/tool/gen/importTable', '127.0.0.1', '内网IP', '{\"tables\":[\"sys_article\"]}', '{\"msg\":\"操作成功\",\"code\":0}', 0, NULL, '2019-12-30 16:32:25');
INSERT INTO `sys_oper_log` VALUES (183, '代码生成', 8, 'com.ruoyi.project.tool.gen.controller.GenController.genCode()', 'GET', 1, 'admin', '研发部门', '/tool/gen/genCode/sys_article', '127.0.0.1', '内网IP', '{}', 'null', 0, NULL, '2019-12-30 16:32:31');
INSERT INTO `sys_oper_log` VALUES (184, '代码生成', 8, 'com.ruoyi.project.tool.gen.controller.GenController.genCode()', 'GET', 1, 'admin', '研发部门', '/tool/gen/genCode/sys_article', '127.0.0.1', '内网IP', '{}', 'null', 0, NULL, '2019-12-30 16:32:31');
INSERT INTO `sys_oper_log` VALUES (185, '菜单管理', 2, 'com.ruoyi.project.system.menu.controller.MenuController.editSave()', 'POST', 1, 'admin', '研发部门', '/system/menu/edit', '127.0.0.1', '内网IP', '{\"menuId\":[\"2013\"],\"parentId\":[\"2012\"],\"menuType\":[\"C\"],\"menuName\":[\"资源\"],\"url\":[\"/content/article\"],\"target\":[\"menuItem\"],\"perms\":[\"content:article:view\"],\"orderNum\":[\"1\"],\"icon\":[\"#\"],\"visible\":[\"0\"]}', '{\"msg\":\"操作成功\",\"code\":0}', 0, NULL, '2019-12-30 16:36:29');
INSERT INTO `sys_oper_log` VALUES (186, '字典类型', 1, 'com.ruoyi.project.system.dict.controller.DictTypeController.addSave()', 'POST', 1, 'admin', '研发部门', '/system/dict/add', '127.0.0.1', '内网IP', '{\"dictName\":[\"资源积分\"],\"dictType\":[\"sys_article_points\"],\"status\":[\"0\"],\"remark\":[\"\"]}', '{\"msg\":\"操作成功\",\"code\":0}', 0, NULL, '2019-12-30 16:46:42');
INSERT INTO `sys_oper_log` VALUES (187, '字典数据', 1, 'com.ruoyi.project.system.dict.controller.DictDataController.addSave()', 'POST', 1, 'admin', '研发部门', '/system/dict/data/add', '127.0.0.1', '内网IP', '{\"dictLabel\":[\"1\"],\"dictValue\":[\"1\"],\"dictType\":[\"sys_article_points\"],\"cssClass\":[\"\"],\"dictSort\":[\"1\"],\"listClass\":[\"\"],\"isDefault\":[\"Y\"],\"status\":[\"0\"],\"remark\":[\"\"]}', '{\"msg\":\"操作成功\",\"code\":0}', 0, NULL, '2019-12-30 16:46:52');
INSERT INTO `sys_oper_log` VALUES (188, '字典数据', 1, 'com.ruoyi.project.system.dict.controller.DictDataController.addSave()', 'POST', 1, 'admin', '研发部门', '/system/dict/data/add', '127.0.0.1', '内网IP', '{\"dictLabel\":[\"2\"],\"dictValue\":[\"2\"],\"dictType\":[\"sys_article_points\"],\"cssClass\":[\"\"],\"dictSort\":[\"2\"],\"listClass\":[\"\"],\"isDefault\":[\"Y\"],\"status\":[\"0\"],\"remark\":[\"\"]}', '{\"msg\":\"操作成功\",\"code\":0}', 0, NULL, '2019-12-30 16:46:56');
INSERT INTO `sys_oper_log` VALUES (189, '字典数据', 1, 'com.ruoyi.project.system.dict.controller.DictDataController.addSave()', 'POST', 1, 'admin', '研发部门', '/system/dict/data/add', '127.0.0.1', '内网IP', '{\"dictLabel\":[\"3\"],\"dictValue\":[\"3\"],\"dictType\":[\"sys_article_points\"],\"cssClass\":[\"\"],\"dictSort\":[\"3\"],\"listClass\":[\"\"],\"isDefault\":[\"Y\"],\"status\":[\"0\"],\"remark\":[\"\"]}', '{\"msg\":\"操作成功\",\"code\":0}', 0, NULL, '2019-12-30 16:47:00');
INSERT INTO `sys_oper_log` VALUES (190, '字典数据', 1, 'com.ruoyi.project.system.dict.controller.DictDataController.addSave()', 'POST', 1, 'admin', '研发部门', '/system/dict/data/add', '127.0.0.1', '内网IP', '{\"dictLabel\":[\"4\"],\"dictValue\":[\"4\"],\"dictType\":[\"sys_article_points\"],\"cssClass\":[\"\"],\"dictSort\":[\"4\"],\"listClass\":[\"\"],\"isDefault\":[\"Y\"],\"status\":[\"0\"],\"remark\":[\"\"]}', '{\"msg\":\"操作成功\",\"code\":0}', 0, NULL, '2019-12-30 16:47:05');
INSERT INTO `sys_oper_log` VALUES (191, '字典数据', 1, 'com.ruoyi.project.system.dict.controller.DictDataController.addSave()', 'POST', 1, 'admin', '研发部门', '/system/dict/data/add', '127.0.0.1', '内网IP', '{\"dictLabel\":[\"5\"],\"dictValue\":[\"5\"],\"dictType\":[\"sys_article_points\"],\"cssClass\":[\"\"],\"dictSort\":[\"5\"],\"listClass\":[\"\"],\"isDefault\":[\"Y\"],\"status\":[\"0\"],\"remark\":[\"\"]}', '{\"msg\":\"操作成功\",\"code\":0}', 0, NULL, '2019-12-30 16:47:09');
INSERT INTO `sys_oper_log` VALUES (192, '字典数据', 1, 'com.ruoyi.project.system.dict.controller.DictDataController.addSave()', 'POST', 1, 'admin', '研发部门', '/system/dict/data/add', '127.0.0.1', '内网IP', '{\"dictLabel\":[\"6\"],\"dictValue\":[\"6\"],\"dictType\":[\"sys_article_points\"],\"cssClass\":[\"\"],\"dictSort\":[\"6\"],\"listClass\":[\"\"],\"isDefault\":[\"Y\"],\"status\":[\"0\"],\"remark\":[\"\"]}', '{\"msg\":\"操作成功\",\"code\":0}', 0, NULL, '2019-12-30 16:47:14');
INSERT INTO `sys_oper_log` VALUES (193, '字典数据', 1, 'com.ruoyi.project.system.dict.controller.DictDataController.addSave()', 'POST', 1, 'admin', '研发部门', '/system/dict/data/add', '127.0.0.1', '内网IP', '{\"dictLabel\":[\"7\"],\"dictValue\":[\"7\"],\"dictType\":[\"sys_article_points\"],\"cssClass\":[\"\"],\"dictSort\":[\"7\"],\"listClass\":[\"\"],\"isDefault\":[\"Y\"],\"status\":[\"0\"],\"remark\":[\"\"]}', '{\"msg\":\"操作成功\",\"code\":0}', 0, NULL, '2019-12-30 16:47:19');
INSERT INTO `sys_oper_log` VALUES (194, '字典数据', 1, 'com.ruoyi.project.system.dict.controller.DictDataController.addSave()', 'POST', 1, 'admin', '研发部门', '/system/dict/data/add', '127.0.0.1', '内网IP', '{\"dictLabel\":[\"8\"],\"dictValue\":[\"8\"],\"dictType\":[\"sys_article_points\"],\"cssClass\":[\"\"],\"dictSort\":[\"8\"],\"listClass\":[\"\"],\"isDefault\":[\"Y\"],\"status\":[\"0\"],\"remark\":[\"\"]}', '{\"msg\":\"操作成功\",\"code\":0}', 0, NULL, '2019-12-30 16:47:26');
INSERT INTO `sys_oper_log` VALUES (195, '字典数据', 1, 'com.ruoyi.project.system.dict.controller.DictDataController.addSave()', 'POST', 1, 'admin', '研发部门', '/system/dict/data/add', '127.0.0.1', '内网IP', '{\"dictLabel\":[\"9\"],\"dictValue\":[\"9\"],\"dictType\":[\"sys_article_points\"],\"cssClass\":[\"\"],\"dictSort\":[\"9\"],\"listClass\":[\"\"],\"isDefault\":[\"Y\"],\"status\":[\"0\"],\"remark\":[\"\"]}', '{\"msg\":\"操作成功\",\"code\":0}', 0, NULL, '2019-12-30 16:47:30');
INSERT INTO `sys_oper_log` VALUES (196, '字典数据', 1, 'com.ruoyi.project.system.dict.controller.DictDataController.addSave()', 'POST', 1, 'admin', '研发部门', '/system/dict/data/add', '127.0.0.1', '内网IP', '{\"dictLabel\":[\"10\"],\"dictValue\":[\"10\"],\"dictType\":[\"sys_article_points\"],\"cssClass\":[\"\"],\"dictSort\":[\"10\"],\"listClass\":[\"\"],\"isDefault\":[\"Y\"],\"status\":[\"0\"],\"remark\":[\"\"]}', '{\"msg\":\"操作成功\",\"code\":0}', 0, NULL, '2019-12-30 16:47:37');
INSERT INTO `sys_oper_log` VALUES (197, '字典类型', 2, 'com.ruoyi.project.system.dict.controller.DictTypeController.editSave()', 'POST', 1, 'admin', '研发部门', '/system/dict/edit', '127.0.0.1', '内网IP', '{\"dictId\":[\"101\"],\"dictName\":[\"资源积分\"],\"dictType\":[\"sys_article_points\"],\"status\":[\"0\"],\"remark\":[\"资源积分列表\"]}', '{\"msg\":\"操作成功\",\"code\":0}', 0, NULL, '2019-12-30 16:48:23');
INSERT INTO `sys_oper_log` VALUES (198, '字典数据', 1, 'com.ruoyi.project.system.dict.controller.DictDataController.addSave()', 'POST', 1, 'admin', '研发部门', '/system/dict/data/add', '127.0.0.1', '内网IP', '{\"dictLabel\":[\"0\"],\"dictValue\":[\"0\"],\"dictType\":[\"sys_article_points\"],\"cssClass\":[\"\"],\"dictSort\":[\"0\"],\"listClass\":[\"\"],\"isDefault\":[\"Y\"],\"status\":[\"0\"],\"remark\":[\"\"]}', '{\"msg\":\"操作成功\",\"code\":0}', 0, NULL, '2019-12-30 16:48:51');
INSERT INTO `sys_oper_log` VALUES (199, '字典数据', 3, 'com.ruoyi.project.system.dict.controller.DictDataController.remove()', 'POST', 1, 'admin', '研发部门', '/system/dict/data/remove', '127.0.0.1', '内网IP', '{\"ids\":[\"113\"]}', '{\"msg\":\"操作成功\",\"code\":0}', 0, NULL, '2019-12-30 16:49:07');
INSERT INTO `sys_oper_log` VALUES (200, '字典数据', 1, 'com.ruoyi.project.system.dict.controller.DictDataController.addSave()', 'POST', 1, 'admin', '研发部门', '/system/dict/data/add', '127.0.0.1', '内网IP', '{\"dictLabel\":[\"0\"],\"dictValue\":[\"0\"],\"dictType\":[\"sys_article_points\"],\"cssClass\":[\"\"],\"dictSort\":[\"0\"],\"listClass\":[\"\"],\"isDefault\":[\"Y\"],\"status\":[\"0\"],\"remark\":[\"\"]}', '{\"msg\":\"操作成功\",\"code\":0}', 0, NULL, '2019-12-30 16:49:23');
INSERT INTO `sys_oper_log` VALUES (201, '字典数据', 3, 'com.ruoyi.project.system.dict.controller.DictDataController.remove()', 'POST', 1, 'admin', '研发部门', '/system/dict/data/remove', '127.0.0.1', '内网IP', '{\"ids\":[\"114\"]}', '{\"msg\":\"操作成功\",\"code\":0}', 0, NULL, '2019-12-30 16:50:03');
INSERT INTO `sys_oper_log` VALUES (202, '字典数据', 3, 'com.ruoyi.project.system.dict.controller.DictDataController.remove()', 'POST', 1, 'admin', '研发部门', '/system/dict/data/remove', '127.0.0.1', '内网IP', '{\"ids\":[\"112,111,110,109,108,107,106,105,104,103\"]}', '{\"msg\":\"操作成功\",\"code\":0}', 0, NULL, '2019-12-30 16:50:07');
INSERT INTO `sys_oper_log` VALUES (203, '字典数据', 1, 'com.ruoyi.project.system.dict.controller.DictDataController.addSave()', 'POST', 1, 'admin', '研发部门', '/system/dict/data/add', '127.0.0.1', '内网IP', '{\"dictLabel\":[\"0\"],\"dictValue\":[\"0\"],\"dictType\":[\"sys_article_points\"],\"cssClass\":[\"\"],\"dictSort\":[\"0\"],\"listClass\":[\"\"],\"isDefault\":[\"Y\"],\"status\":[\"0\"],\"remark\":[\"\"]}', '{\"msg\":\"操作成功\",\"code\":0}', 0, NULL, '2019-12-30 16:50:13');
INSERT INTO `sys_oper_log` VALUES (204, '字典数据', 1, 'com.ruoyi.project.system.dict.controller.DictDataController.addSave()', 'POST', 1, 'admin', '研发部门', '/system/dict/data/add', '127.0.0.1', '内网IP', '{\"dictLabel\":[\"1\"],\"dictValue\":[\"1\"],\"dictType\":[\"sys_article_points\"],\"cssClass\":[\"\"],\"dictSort\":[\"1\"],\"listClass\":[\"\"],\"isDefault\":[\"Y\"],\"status\":[\"0\"],\"remark\":[\"\"]}', '{\"msg\":\"操作成功\",\"code\":0}', 0, NULL, '2019-12-30 16:50:18');
INSERT INTO `sys_oper_log` VALUES (205, '字典数据', 1, 'com.ruoyi.project.system.dict.controller.DictDataController.addSave()', 'POST', 1, 'admin', '研发部门', '/system/dict/data/add', '127.0.0.1', '内网IP', '{\"dictLabel\":[\"2\"],\"dictValue\":[\"2\"],\"dictType\":[\"sys_article_points\"],\"cssClass\":[\"\"],\"dictSort\":[\"2\"],\"listClass\":[\"\"],\"isDefault\":[\"Y\"],\"status\":[\"0\"],\"remark\":[\"\"]}', '{\"msg\":\"操作成功\",\"code\":0}', 0, NULL, '2019-12-30 16:50:23');
INSERT INTO `sys_oper_log` VALUES (206, '字典数据', 1, 'com.ruoyi.project.system.dict.controller.DictDataController.addSave()', 'POST', 1, 'admin', '研发部门', '/system/dict/data/add', '127.0.0.1', '内网IP', '{\"dictLabel\":[\"3\"],\"dictValue\":[\"3\"],\"dictType\":[\"sys_article_points\"],\"cssClass\":[\"\"],\"dictSort\":[\"3\"],\"listClass\":[\"\"],\"isDefault\":[\"Y\"],\"status\":[\"0\"],\"remark\":[\"\"]}', '{\"msg\":\"操作成功\",\"code\":0}', 0, NULL, '2019-12-30 16:50:28');
INSERT INTO `sys_oper_log` VALUES (207, '字典数据', 1, 'com.ruoyi.project.system.dict.controller.DictDataController.addSave()', 'POST', 1, 'admin', '研发部门', '/system/dict/data/add', '127.0.0.1', '内网IP', '{\"dictLabel\":[\"4\"],\"dictValue\":[\"4\"],\"dictType\":[\"sys_article_points\"],\"cssClass\":[\"\"],\"dictSort\":[\"4\"],\"listClass\":[\"\"],\"isDefault\":[\"Y\"],\"status\":[\"0\"],\"remark\":[\"\"]}', '{\"msg\":\"操作成功\",\"code\":0}', 0, NULL, '2019-12-30 16:50:32');
INSERT INTO `sys_oper_log` VALUES (208, '字典数据', 1, 'com.ruoyi.project.system.dict.controller.DictDataController.addSave()', 'POST', 1, 'admin', '研发部门', '/system/dict/data/add', '127.0.0.1', '内网IP', '{\"dictLabel\":[\"5\"],\"dictValue\":[\"5\"],\"dictType\":[\"sys_article_points\"],\"cssClass\":[\"\"],\"dictSort\":[\"5\"],\"listClass\":[\"\"],\"isDefault\":[\"Y\"],\"status\":[\"0\"],\"remark\":[\"\"]}', '{\"msg\":\"操作成功\",\"code\":0}', 0, NULL, '2019-12-30 16:50:38');
INSERT INTO `sys_oper_log` VALUES (209, '字典数据', 1, 'com.ruoyi.project.system.dict.controller.DictDataController.addSave()', 'POST', 1, 'admin', '研发部门', '/system/dict/data/add', '127.0.0.1', '内网IP', '{\"dictLabel\":[\"6\"],\"dictValue\":[\"6\"],\"dictType\":[\"sys_article_points\"],\"cssClass\":[\"\"],\"dictSort\":[\"6\"],\"listClass\":[\"\"],\"isDefault\":[\"Y\"],\"status\":[\"0\"],\"remark\":[\"\"]}', '{\"msg\":\"操作成功\",\"code\":0}', 0, NULL, '2019-12-30 16:50:42');
INSERT INTO `sys_oper_log` VALUES (210, '字典数据', 1, 'com.ruoyi.project.system.dict.controller.DictDataController.addSave()', 'POST', 1, 'admin', '研发部门', '/system/dict/data/add', '127.0.0.1', '内网IP', '{\"dictLabel\":[\"7\"],\"dictValue\":[\"7\"],\"dictType\":[\"sys_article_points\"],\"cssClass\":[\"\"],\"dictSort\":[\"7\"],\"listClass\":[\"\"],\"isDefault\":[\"Y\"],\"status\":[\"0\"],\"remark\":[\"\"]}', '{\"msg\":\"操作成功\",\"code\":0}', 0, NULL, '2019-12-30 16:50:49');
INSERT INTO `sys_oper_log` VALUES (211, '字典数据', 1, 'com.ruoyi.project.system.dict.controller.DictDataController.addSave()', 'POST', 1, 'admin', '研发部门', '/system/dict/data/add', '127.0.0.1', '内网IP', '{\"dictLabel\":[\"8\"],\"dictValue\":[\"8\"],\"dictType\":[\"sys_article_points\"],\"cssClass\":[\"\"],\"dictSort\":[\"8\"],\"listClass\":[\"\"],\"isDefault\":[\"Y\"],\"status\":[\"0\"],\"remark\":[\"\"]}', '{\"msg\":\"操作成功\",\"code\":0}', 0, NULL, '2019-12-30 16:50:53');
INSERT INTO `sys_oper_log` VALUES (212, '字典数据', 1, 'com.ruoyi.project.system.dict.controller.DictDataController.addSave()', 'POST', 1, 'admin', '研发部门', '/system/dict/data/add', '127.0.0.1', '内网IP', '{\"dictLabel\":[\"9\"],\"dictValue\":[\"9\"],\"dictType\":[\"sys_article_points\"],\"cssClass\":[\"\"],\"dictSort\":[\"9\"],\"listClass\":[\"\"],\"isDefault\":[\"Y\"],\"status\":[\"0\"],\"remark\":[\"\"]}', '{\"msg\":\"操作成功\",\"code\":0}', 0, NULL, '2019-12-30 16:50:57');
INSERT INTO `sys_oper_log` VALUES (213, '字典数据', 1, 'com.ruoyi.project.system.dict.controller.DictDataController.addSave()', 'POST', 1, 'admin', '研发部门', '/system/dict/data/add', '127.0.0.1', '内网IP', '{\"dictLabel\":[\"10\"],\"dictValue\":[\"10\"],\"dictType\":[\"sys_article_points\"],\"cssClass\":[\"\"],\"dictSort\":[\"10\"],\"listClass\":[\"\"],\"isDefault\":[\"Y\"],\"status\":[\"0\"],\"remark\":[\"\"]}', '{\"msg\":\"操作成功\",\"code\":0}', 0, NULL, '2019-12-30 16:51:03');
INSERT INTO `sys_oper_log` VALUES (214, '资源', 1, 'com.ruoyi.project.content.article.controller.ArticleController.addSave()', 'POST', 1, 'admin', '研发部门', '/content/article/add', '127.0.0.1', '内网IP', '{\"articleName\":[\"测试发布\"],\"articleContent\":[\"\"],\"articleTypeId\":[\"1\"],\"articleDownload1\":[\"\"],\"articlePassword1\":[\"\"],\"articlePoints\":[\"0\"]}', '{\"msg\":\"操作成功\",\"code\":0}', 0, NULL, '2019-12-30 17:09:33');
INSERT INTO `sys_oper_log` VALUES (215, '资源', 3, 'com.ruoyi.project.content.article.controller.ArticleController.remove()', 'POST', 1, 'admin', '研发部门', '/content/article/remove', '127.0.0.1', '内网IP', '{\"ids\":[\"1\"]}', '{\"msg\":\"操作成功\",\"code\":0}', 0, NULL, '2019-12-30 17:10:56');
INSERT INTO `sys_oper_log` VALUES (216, '资源', 1, 'com.ruoyi.project.content.article.controller.ArticleController.addSave()', 'POST', 1, 'admin', '研发部门', '/content/article/add', '127.0.0.1', '内网IP', '{\"articleName\":[\"第一次\"],\"articleContent\":[\"<p>11111</p>\"],\"articleTypeId\":[\"1\"],\"articleDownload1\":[\"1\"],\"articlePassword1\":[\"\"],\"articlePoints\":[\"0\"]}', '{\"msg\":\"操作成功\",\"code\":0}', 0, NULL, '2019-12-30 17:13:15');
INSERT INTO `sys_oper_log` VALUES (217, '资源', 2, 'com.ruoyi.project.content.article.controller.ArticleController.editSave()', 'POST', 1, 'admin', '研发部门', '/content/article/edit', '127.0.0.1', '内网IP', '{\"articleId\":[\"2\"],\"articleCheckDate\":[\"\"],\"articleContent\":[\"<p>11111</p>\"],\"articleDownload1\":[\"1\"],\"articleName\":[\"第一次\"],\"articlePassword1\":[\"\"],\"articlePoints\":[\"0\"],\"articlePublishDate\":[\"2019-12-30\"],\"articleReason\":[\"\"],\"articleState\":[\"0\"],\"articleView\":[\"\"],\"articleTypeId\":[\"1\"],\"articleUserId\":[\"1\"]}', '{\"msg\":\"操作成功\",\"code\":0}', 0, NULL, '2019-12-30 17:59:08');
INSERT INTO `sys_oper_log` VALUES (218, '资源', 2, 'com.ruoyi.project.content.article.controller.ArticleController.editSave()', 'POST', 1, 'admin', '研发部门', '/content/article/edit', '127.0.0.1', '内网IP', '{\"articleId\":[\"2\"],\"articleName\":[\"第一次\"],\"articleTypeId\":[\"3\"],\"articleContent\":[\"<p>11111</p>\"],\"articleDownload1\":[\"1\"],\"articlePassword1\":[\"\"],\"articlePoints\":[\"0\"],\"articleState\":[\"0\"],\"articleReason\":[\"\"]}', '{\"msg\":\"操作成功\",\"code\":0}', 0, NULL, '2019-12-30 20:19:47');
INSERT INTO `sys_oper_log` VALUES (219, '资源', 2, 'com.ruoyi.project.content.article.controller.ArticleController.editSave()', 'POST', 1, 'admin', '研发部门', '/content/article/edit', '127.0.0.1', '内网IP', '{\"articleId\":[\"2\"],\"articleName\":[\"第一次\"],\"articleTypeId\":[\"3\"],\"articleContent\":[\"<p>11111</p>\"],\"articleDownload1\":[\"1\"],\"articlePassword1\":[\"\"],\"articlePoints\":[\"0\"],\"articleState\":[\"0\"],\"articleReason\":[\"\"]}', '{\"msg\":\"操作成功\",\"code\":0}', 0, NULL, '2019-12-30 20:20:41');
INSERT INTO `sys_oper_log` VALUES (220, '资源', 2, 'com.ruoyi.project.content.article.controller.ArticleController.editSave()', 'POST', 1, 'admin', '研发部门', '/content/article/edit', '127.0.0.1', '内网IP', '{\"articleId\":[\"2\"],\"articleName\":[\"第一次\"],\"articleTypeId\":[\"3\"],\"articleContent\":[\"<p>11111</p>\"],\"articleDownload1\":[\"1\"],\"articlePassword1\":[\"\"],\"articlePoints\":[\"0\"],\"articleState\":[\"0\"],\"articleReason\":[\"\"]}', '{\"msg\":\"操作成功\",\"code\":0}', 0, NULL, '2019-12-30 20:21:19');
INSERT INTO `sys_oper_log` VALUES (221, '资源', 2, 'com.ruoyi.project.content.article.controller.ArticleController.editSave()', 'POST', 1, 'admin', '研发部门', '/content/article/edit', '127.0.0.1', '内网IP', '{\"articleId\":[\"2\"],\"articleName\":[\"第一次\"],\"articleTypeId\":[\"3\"],\"articleContent\":[\"<p>11111</p>\"],\"articleDownload1\":[\"1\"],\"articlePassword1\":[\"\"],\"articlePoints\":[\"0\"],\"articleState\":[\"1\"],\"articleReason\":[\"\"]}', '{\"msg\":\"操作成功\",\"code\":0}', 0, NULL, '2019-12-30 20:25:09');
INSERT INTO `sys_oper_log` VALUES (222, '资源', 2, 'com.ruoyi.project.content.article.controller.ArticleController.changeStatus()', 'POST', 1, 'admin', '研发部门', '/content/article/changeStatus', '127.0.0.1', '内网IP', '{\"articleId\":[\"undefined\"],\"articleIsHot\":[\"true\"]}', '{\"msg\":\"操作失败\",\"code\":500}', 0, NULL, '2019-12-30 20:31:26');
INSERT INTO `sys_oper_log` VALUES (223, '资源', 2, 'com.ruoyi.project.content.article.controller.ArticleController.changeStatus()', 'POST', 1, 'admin', '研发部门', '/content/article/changeStatus', '127.0.0.1', '内网IP', '{\"articleId\":[\"2\"],\"articleIsHot\":[\"true\"]}', 'null', 1, '', '2019-12-30 20:37:18');
INSERT INTO `sys_oper_log` VALUES (224, '资源', 2, 'com.ruoyi.project.content.article.controller.ArticleController.changeStatus()', 'POST', 1, 'admin', '研发部门', '/content/article/changeStatus', '127.0.0.1', '内网IP', '{\"articleId\":[\"2\"],\"articleIsHot\":[\"true\"]}', 'null', 1, '', '2019-12-30 20:37:37');
INSERT INTO `sys_oper_log` VALUES (225, '资源', 2, 'com.ruoyi.project.content.article.controller.ArticleController.changeStatus()', 'POST', 1, 'admin', '研发部门', '/content/article/changeStatus', '127.0.0.1', '内网IP', '{\"articleId\":[\"2\"],\"articleIsHot\":[\"true\"]}', 'null', 1, '', '2019-12-30 20:39:39');
INSERT INTO `sys_oper_log` VALUES (226, '资源', 2, 'com.ruoyi.project.content.article.controller.ArticleController.changeStatus()', 'POST', 1, 'admin', '研发部门', '/content/article/changeStatus', '127.0.0.1', '内网IP', '{\"articleId\":[\"2\"],\"articleIsHot\":[\"true\"]}', '{\"msg\":\"操作成功\",\"code\":0}', 0, NULL, '2019-12-30 20:39:49');
INSERT INTO `sys_oper_log` VALUES (227, '资源', 2, 'com.ruoyi.project.content.article.controller.ArticleController.changeStatus()', 'POST', 1, 'admin', '研发部门', '/content/article/changeStatus', '127.0.0.1', '内网IP', '{\"articleId\":[\"2\"],\"articleIsHot\":[\"false\"]}', '{\"msg\":\"操作成功\",\"code\":0}', 0, NULL, '2019-12-30 20:39:54');
INSERT INTO `sys_oper_log` VALUES (228, '资源', 5, 'com.ruoyi.project.content.article.controller.ArticleController.export()', 'POST', 1, 'admin', '研发部门', '/content/article/export', '127.0.0.1', '内网IP', '{\"articleName\":[\"\"],\"params[beginArticlePublishDate]\":[\"\"],\"params[endArticlePublishDate]\":[\"\"],\"articleState\":[\"\"]}', '{\"msg\":\"b1622638-fa9d-40e6-b7ae-22101aca9f62_article.xlsx\",\"code\":0}', 0, NULL, '2019-12-30 20:40:02');
INSERT INTO `sys_oper_log` VALUES (229, '资源', 2, 'com.ruoyi.project.content.article.controller.ArticleController.changeStatus()', 'POST', 1, 'admin', '研发部门', '/content/article/changeStatus', '127.0.0.1', '内网IP', '{\"articleId\":[\"2\"],\"articleIsHot\":[\"true\"]}', '{\"msg\":\"操作成功\",\"code\":0}', 0, NULL, '2019-12-31 09:53:10');
INSERT INTO `sys_oper_log` VALUES (230, '资源', 2, 'com.ruoyi.project.content.article.controller.ArticleController.changeStatus()', 'POST', 1, 'admin', '研发部门', '/content/article/changeStatus', '127.0.0.1', '内网IP', '{\"articleId\":[\"1\"],\"articleIsHot\":[\"true\"]}', '{\"msg\":\"操作成功\",\"code\":0}', 0, NULL, '2019-12-31 09:53:13');
INSERT INTO `sys_oper_log` VALUES (231, '资源', 2, 'com.ruoyi.project.content.article.controller.ArticleController.changeStatus()', 'POST', 1, 'admin', '研发部门', '/content/article/changeStatus', '127.0.0.1', '内网IP', '{\"articleId\":[\"4\"],\"articleIsHot\":[\"true\"]}', '{\"msg\":\"操作成功\",\"code\":0}', 0, NULL, '2019-12-31 09:53:14');
INSERT INTO `sys_oper_log` VALUES (232, '资源', 2, 'com.ruoyi.project.content.article.controller.ArticleController.changeStatus()', 'POST', 1, 'admin', '研发部门', '/content/article/changeStatus', '127.0.0.1', '内网IP', '{\"articleId\":[\"5\"],\"articleIsHot\":[\"true\"]}', '{\"msg\":\"操作成功\",\"code\":0}', 0, NULL, '2019-12-31 09:53:16');
INSERT INTO `sys_oper_log` VALUES (233, '资源', 2, 'com.ruoyi.project.content.article.controller.ArticleController.changeStatus()', 'POST', 1, 'admin', '研发部门', '/content/article/changeStatus', '127.0.0.1', '内网IP', '{\"articleId\":[\"6\"],\"articleIsHot\":[\"true\"]}', '{\"msg\":\"操作成功\",\"code\":0}', 0, NULL, '2019-12-31 09:53:18');
INSERT INTO `sys_oper_log` VALUES (234, '资源', 2, 'com.ruoyi.project.content.article.controller.ArticleController.changeStatus()', 'POST', 1, 'admin', '研发部门', '/content/article/changeStatus', '127.0.0.1', '内网IP', '{\"articleId\":[\"7\"],\"articleIsHot\":[\"true\"]}', '{\"msg\":\"操作成功\",\"code\":0}', 0, NULL, '2019-12-31 09:53:20');
INSERT INTO `sys_oper_log` VALUES (235, '资源', 2, 'com.ruoyi.project.content.article.controller.ArticleController.changeStatus()', 'POST', 1, 'admin', '研发部门', '/content/article/changeStatus', '127.0.0.1', '内网IP', '{\"articleId\":[\"8\"],\"articleIsHot\":[\"true\"]}', '{\"msg\":\"操作成功\",\"code\":0}', 0, NULL, '2019-12-31 09:53:22');
INSERT INTO `sys_oper_log` VALUES (236, '资源', 2, 'com.ruoyi.project.content.article.controller.ArticleController.changeStatus()', 'POST', 1, 'admin', '研发部门', '/content/article/changeStatus', '127.0.0.1', '内网IP', '{\"articleId\":[\"9\"],\"articleIsHot\":[\"true\"]}', '{\"msg\":\"操作成功\",\"code\":0}', 0, NULL, '2019-12-31 09:53:24');
INSERT INTO `sys_oper_log` VALUES (237, '资源', 2, 'com.ruoyi.project.content.article.controller.ArticleController.changeStatus()', 'POST', 1, 'admin', '研发部门', '/content/article/changeStatus', '127.0.0.1', '内网IP', '{\"articleId\":[\"10\"],\"articleIsHot\":[\"true\"]}', '{\"msg\":\"操作成功\",\"code\":0}', 0, NULL, '2019-12-31 09:53:26');
INSERT INTO `sys_oper_log` VALUES (238, '部门管理', 2, 'com.ruoyi.project.system.dept.controller.DeptController.editSave()', 'POST', 1, 'admin', '研发部门', '/system/dept/edit', '127.0.0.1', '内网IP', '{\"deptId\":[\"105\"],\"parentId\":[\"100\"],\"parentName\":[\"高校学科资源平台\"],\"deptName\":[\"用户组\"],\"orderNum\":[\"2\"],\"leader\":[\"\"],\"phone\":[\"\"],\"email\":[\"\"],\"status\":[\"0\"]}', '{\"msg\":\"操作成功\",\"code\":0}', 0, NULL, '2019-12-31 10:40:29');
INSERT INTO `sys_oper_log` VALUES (239, '部门管理', 3, 'com.ruoyi.project.system.dept.controller.DeptController.remove()', 'GET', 1, 'admin', '研发部门', '/system/dept/remove/101', '127.0.0.1', '内网IP', '{}', '{\"msg\":\"操作成功\",\"code\":0}', 0, NULL, '2019-12-31 10:40:38');
INSERT INTO `sys_oper_log` VALUES (240, '用户管理', 1, 'com.ruoyi.project.system.user.controller.UserController.addSave()', 'POST', 1, 'admin', '研发部门', '/system/user/add', '127.0.0.1', '内网IP', '{\"deptId\":[\"105\"],\"userName\":[\"姓名\"],\"deptName\":[\"用户组\"],\"phonenumber\":[\"15537364888\"],\"email\":[\"2016zsh@wlgzs.org\"],\"loginName\":[\"123456\"],\"password\":[\"123456\"],\"sex\":[\"0\"],\"vipTime\":[\"1970-01-01 00:00:00\"],\"role\":[\"2\"],\"remark\":[\"\"],\"status\":[\"0\"],\"roleIds\":[\"2\"],\"postIds\":[\"\"]}', '{\"msg\":\"操作成功\",\"code\":0}', 0, NULL, '2019-12-31 10:41:57');
INSERT INTO `sys_oper_log` VALUES (241, '用户管理', 2, 'com.ruoyi.project.system.user.controller.UserController.editSave()', 'POST', 1, 'admin', '研发部门', '/system/user/edit', '127.0.0.1', '内网IP', '{\"userId\":[\"104\"],\"deptId\":[\"105\"],\"userName\":[\"姓名\"],\"dept.deptName\":[\"用户组\"],\"phonenumber\":[\"15537364888\"],\"email\":[\"2016zsh@wlgzs.org\"],\"loginName\":[\"123456\"],\"sex\":[\"0\"],\"role\":[\"2\"],\"vipTime\":[\"1970-01-01 00:00:00\"],\"remark\":[\"\"],\"status\":[\"0\"],\"roleIds\":[\"2\"],\"postIds\":[\"\"]}', '{\"msg\":\"操作成功\",\"code\":0}', 0, NULL, '2019-12-31 10:43:52');
INSERT INTO `sys_oper_log` VALUES (242, '角色管理', 2, 'com.ruoyi.project.system.role.controller.RoleController.authDataScopeSave()', 'POST', 1, 'admin', '研发部门', '/system/role/authDataScope', '127.0.0.1', '内网IP', '{\"roleId\":[\"2\"],\"roleName\":[\"会员\"],\"roleKey\":[\"common\"],\"dataScope\":[\"2\"],\"deptIds\":[\"100,105\"]}', '{\"msg\":\"操作成功\",\"code\":0}', 0, NULL, '2019-12-31 10:44:28');
INSERT INTO `sys_oper_log` VALUES (243, '角色管理', 2, 'com.ruoyi.project.system.role.controller.RoleController.editSave()', 'POST', 1, 'admin', '研发部门', '/system/role/edit', '127.0.0.1', '内网IP', '{\"roleId\":[\"2\"],\"roleName\":[\"会员\"],\"roleKey\":[\"common\"],\"roleSort\":[\"2\"],\"status\":[\"0\"],\"remark\":[\"普通角色\"],\"menuIds\":[\"1,100,1000,1001,1002,1003,1004,1005,1006\"]}', '{\"msg\":\"操作成功\",\"code\":0}', 0, NULL, '2019-12-31 10:44:50');
INSERT INTO `sys_oper_log` VALUES (244, '重置密码', 2, 'com.ruoyi.project.system.user.controller.UserController.resetPwd()', 'GET', 1, '123456', '用户组', '/system/user/resetPwd/104', '127.0.0.1', '内网IP', '{}', '\"system/user/resetPwd\"', 0, NULL, '2019-12-31 10:45:20');
INSERT INTO `sys_oper_log` VALUES (245, '重置密码', 2, 'com.ruoyi.project.system.user.controller.UserController.resetPwd()', 'GET', 1, '123456', '用户组', '/system/user/resetPwd/104', '127.0.0.1', '内网IP', '{}', '\"system/user/resetPwd\"', 0, NULL, '2019-12-31 10:45:23');
INSERT INTO `sys_oper_log` VALUES (246, '用户管理', 1, 'com.ruoyi.project.system.user.controller.UserController.addSave()', 'POST', 1, 'admin', '研发部门', '/system/user/add', '127.0.0.1', '内网IP', '{\"deptId\":[\"105\"],\"userName\":[\"123\"],\"deptName\":[\"用户组\"],\"phonenumber\":[\"15537364883\"],\"email\":[\"43240825@qq.com\"],\"loginName\":[\"123\"],\"password\":[\"123456\"],\"sex\":[\"0\"],\"vipTime\":[\"1970-01-01 00:00:00\"],\"role\":[\"2\"],\"remark\":[\"\"],\"status\":[\"0\"],\"roleIds\":[\"2\"],\"postIds\":[\"\"]}', '{\"msg\":\"操作成功\",\"code\":0}', 0, NULL, '2019-12-31 10:55:34');
INSERT INTO `sys_oper_log` VALUES (247, '用户管理', 3, 'com.ruoyi.project.system.user.controller.UserController.remove()', 'POST', 1, 'admin', '研发部门', '/system/user/remove', '127.0.0.1', '内网IP', '{\"ids\":[\"105,104\"]}', '{\"msg\":\"操作成功\",\"code\":0}', 0, NULL, '2019-12-31 10:55:46');
INSERT INTO `sys_oper_log` VALUES (248, '用户管理', 2, 'com.ruoyi.project.system.user.controller.UserController.editSave()', 'POST', 1, 'admin', '研发部门', '/system/user/edit', '127.0.0.1', '内网IP', '{\"userId\":[\"106\"],\"deptId\":[\"105\"],\"userName\":[\"注册用户_1577761658138\"],\"dept.deptName\":[\"用户组\"],\"phonenumber\":[\"15537364887\"],\"email\":[\"43240825@qq.com1\"],\"loginName\":[\"admins\"],\"sex\":[\"0\"],\"role\":[\"2\"],\"vipTime\":[\"2019-12-31 11:07:38\"],\"remark\":[\"\"],\"status\":[\"0\"],\"roleIds\":[\"2\"],\"postIds\":[\"\"]}', '{\"msg\":\"操作成功\",\"code\":0}', 0, NULL, '2019-12-31 11:10:18');
INSERT INTO `sys_oper_log` VALUES (249, '用户管理', 3, 'com.ruoyi.project.system.user.controller.UserController.remove()', 'POST', 1, 'admin', '研发部门', '/system/user/remove', '127.0.0.1', '内网IP', '{\"ids\":[\"106\"]}', '{\"msg\":\"操作成功\",\"code\":0}', 0, NULL, '2019-12-31 11:10:23');
INSERT INTO `sys_oper_log` VALUES (250, '参数管理', 1, 'com.ruoyi.project.system.config.controller.ConfigController.addSave()', 'POST', 1, 'admin', '研发部门', '/system/config/add', '127.0.0.1', '内网IP', '{\"configName\":[\"邮件服务器-账号密码\"],\"configKey\":[\"sys.mail.username\"],\"configValue\":[\"43240825@qq.com----lixnpcounfzkbjcj\"],\"configType\":[\"Y\"],\"remark\":[\"账户和密码中间用----隔开\"]}', '{\"msg\":\"操作成功\",\"code\":0}', 0, NULL, '2019-12-31 11:56:54');
INSERT INTO `sys_oper_log` VALUES (251, '重置密码', 2, 'com.ruoyi.project.system.user.controller.UserController.resetPwd()', 'GET', 1, 'admin', '研发部门', '/system/user/resetPwd/107', '127.0.0.1', '内网IP', '{}', '\"system/user/resetPwd\"', 0, NULL, '2019-12-31 14:32:58');
INSERT INTO `sys_oper_log` VALUES (252, '重置密码', 2, 'com.ruoyi.project.system.user.controller.UserController.resetPwdSave()', 'POST', 1, 'admin', '研发部门', '/system/user/resetPwd', '127.0.0.1', '内网IP', '{\"userId\":[\"107\"],\"loginName\":[\"admin2\"],\"password\":[\"123456\"]}', '{\"msg\":\"操作成功\",\"code\":0}', 0, NULL, '2019-12-31 14:33:00');
INSERT INTO `sys_oper_log` VALUES (253, '重置密码', 2, 'com.ruoyi.project.system.user.controller.UserController.resetPwd()', 'GET', 1, 'admin', '研发部门', '/system/user/resetPwd/107', '127.0.0.1', '内网IP', '{}', '\"system/user/resetPwd\"', 0, NULL, '2019-12-31 14:41:39');
INSERT INTO `sys_oper_log` VALUES (254, '重置密码', 2, 'com.ruoyi.project.system.user.controller.UserController.resetPwdSave()', 'POST', 1, 'admin', '研发部门', '/system/user/resetPwd', '127.0.0.1', '内网IP', '{\"userId\":[\"107\"],\"loginName\":[\"admin2\"],\"password\":[\"123456\"]}', '{\"msg\":\"操作成功\",\"code\":0}', 0, NULL, '2019-12-31 14:41:40');
INSERT INTO `sys_oper_log` VALUES (255, '代码生成', 6, 'com.ruoyi.project.tool.gen.controller.GenController.importTableSave()', 'POST', 1, 'admin', '研发部门', '/tool/gen/importTable', '127.0.0.1', '内网IP', '{\"tables\":[\"sys_link\"]}', '{\"msg\":\"操作成功\",\"code\":0}', 0, NULL, '2019-12-31 15:00:02');
INSERT INTO `sys_oper_log` VALUES (256, '代码生成', 8, 'com.ruoyi.project.tool.gen.controller.GenController.genCode()', 'GET', 1, 'admin', '研发部门', '/tool/gen/genCode/sys_link', '127.0.0.1', '内网IP', '{}', 'null', 0, NULL, '2019-12-31 15:00:05');
INSERT INTO `sys_oper_log` VALUES (257, '代码生成', 8, 'com.ruoyi.project.tool.gen.controller.GenController.genCode()', 'GET', 1, 'admin', '研发部门', '/tool/gen/genCode/sys_link', '127.0.0.1', '内网IP', '{}', 'null', 0, NULL, '2019-12-31 15:00:06');
INSERT INTO `sys_oper_log` VALUES (258, '菜单管理', 2, 'com.ruoyi.project.system.menu.controller.MenuController.editSave()', 'POST', 1, 'admin', '研发部门', '/system/menu/edit', '127.0.0.1', '内网IP', '{\"menuId\":[\"2019\"],\"parentId\":[\"2012\"],\"menuType\":[\"C\"],\"menuName\":[\"友链\"],\"url\":[\"/content/link\"],\"target\":[\"menuItem\"],\"perms\":[\"content:link:view\"],\"orderNum\":[\"1\"],\"icon\":[\"#\"],\"visible\":[\"0\"]}', '{\"msg\":\"操作成功\",\"code\":0}', 0, NULL, '2019-12-31 15:01:41');
INSERT INTO `sys_oper_log` VALUES (259, '代码生成', 6, 'com.ruoyi.project.tool.gen.controller.GenController.importTableSave()', 'POST', 1, 'admin', '研发部门', '/tool/gen/importTable', '127.0.0.1', '内网IP', '{\"tables\":[\"t_comment\"]}', '{\"msg\":\"操作成功\",\"code\":0}', 0, NULL, '2019-12-31 15:58:11');
INSERT INTO `sys_oper_log` VALUES (260, '代码生成', 3, 'com.ruoyi.project.tool.gen.controller.GenController.remove()', 'POST', 1, 'admin', '研发部门', '/tool/gen/remove', '127.0.0.1', '内网IP', '{\"ids\":[\"5\"]}', '{\"msg\":\"操作成功\",\"code\":0}', 0, NULL, '2019-12-31 15:58:17');
INSERT INTO `sys_oper_log` VALUES (261, '代码生成', 6, 'com.ruoyi.project.tool.gen.controller.GenController.importTableSave()', 'POST', 1, 'admin', '研发部门', '/tool/gen/importTable', '127.0.0.1', '内网IP', '{\"tables\":[\"sys_comment\"]}', '{\"msg\":\"操作成功\",\"code\":0}', 0, NULL, '2019-12-31 15:58:33');
INSERT INTO `sys_oper_log` VALUES (262, '代码生成', 8, 'com.ruoyi.project.tool.gen.controller.GenController.batchGenCode()', 'GET', 1, 'admin', '研发部门', '/tool/gen/batchGenCode', '127.0.0.1', '内网IP', '{\"tables\":[\"sys_comment\"]}', 'null', 0, NULL, '2019-12-31 15:58:38');
INSERT INTO `sys_oper_log` VALUES (263, '代码生成', 8, 'com.ruoyi.project.tool.gen.controller.GenController.batchGenCode()', 'GET', 1, 'admin', '研发部门', '/tool/gen/batchGenCode', '127.0.0.1', '内网IP', '{\"tables\":[\"sys_comment\"]}', 'null', 0, NULL, '2019-12-31 15:58:38');
INSERT INTO `sys_oper_log` VALUES (264, '菜单管理', 2, 'com.ruoyi.project.system.menu.controller.MenuController.editSave()', 'POST', 1, 'admin', '研发部门', '/system/menu/edit', '127.0.0.1', '内网IP', '{\"menuId\":[\"2025\"],\"parentId\":[\"2012\"],\"menuType\":[\"C\"],\"menuName\":[\"评论\"],\"url\":[\"/content/comment\"],\"target\":[\"menuItem\"],\"perms\":[\"content:comment:view\"],\"orderNum\":[\"1\"],\"icon\":[\"#\"],\"visible\":[\"0\"]}', '{\"msg\":\"操作成功\",\"code\":0}', 0, NULL, '2019-12-31 16:00:18');
INSERT INTO `sys_oper_log` VALUES (265, '代码生成', 6, 'com.ruoyi.project.tool.gen.controller.GenController.importTableSave()', 'POST', 1, 'admin', '研发部门', '/tool/gen/importTable', '127.0.0.1', '内网IP', '{\"tables\":[\"t_user_download\"]}', '{\"msg\":\"操作成功\",\"code\":0}', 0, NULL, '2019-12-31 16:09:17');
INSERT INTO `sys_oper_log` VALUES (266, '代码生成', 3, 'com.ruoyi.project.tool.gen.controller.GenController.remove()', 'POST', 1, 'admin', '研发部门', '/tool/gen/remove', '127.0.0.1', '内网IP', '{\"ids\":[\"7\"]}', '{\"msg\":\"操作成功\",\"code\":0}', 0, NULL, '2019-12-31 16:09:23');
INSERT INTO `sys_oper_log` VALUES (267, '代码生成', 6, 'com.ruoyi.project.tool.gen.controller.GenController.importTableSave()', 'POST', 1, 'admin', '研发部门', '/tool/gen/importTable', '127.0.0.1', '内网IP', '{\"tables\":[\"sys_user_download\"]}', '{\"msg\":\"操作成功\",\"code\":0}', 0, NULL, '2019-12-31 16:09:41');
INSERT INTO `sys_oper_log` VALUES (268, '代码生成', 8, 'com.ruoyi.project.tool.gen.controller.GenController.genCode()', 'GET', 1, 'admin', '研发部门', '/tool/gen/genCode/sys_user_download', '127.0.0.1', '内网IP', '{}', 'null', 0, NULL, '2019-12-31 16:09:46');
INSERT INTO `sys_oper_log` VALUES (269, '代码生成', 8, 'com.ruoyi.project.tool.gen.controller.GenController.genCode()', 'GET', 1, 'admin', '研发部门', '/tool/gen/genCode/sys_user_download', '127.0.0.1', '内网IP', '{}', 'null', 0, NULL, '2019-12-31 16:09:46');
INSERT INTO `sys_oper_log` VALUES (270, '评论', 3, 'com.ruoyi.project.content.comment.controller.CommentController.remove()', 'POST', 1, 'admin', '研发部门', '/content/comment/remove', '127.0.0.1', '内网IP', '{\"ids\":[\"15\"]}', '{\"msg\":\"操作成功\",\"code\":0}', 0, NULL, '2020-01-02 09:47:48');
INSERT INTO `sys_oper_log` VALUES (271, '评论', 3, 'com.ruoyi.project.content.comment.controller.CommentController.remove()', 'POST', 1, 'admin', '研发部门', '/content/comment/remove', '127.0.0.1', '内网IP', '{\"ids\":[\"16,17\"]}', '{\"msg\":\"操作成功\",\"code\":0}', 0, NULL, '2020-01-02 09:49:01');
INSERT INTO `sys_oper_log` VALUES (272, '评论', 2, 'com.ruoyi.project.content.comment.controller.CommentController.editSave()', 'POST', 1, 'admin', '研发部门', '/content/comment/edit', '127.0.0.1', '内网IP', '{\"commentId\":[\"18\"],\"commentDate\":[\"2020-01-02\"],\"commentContent\":[\"123456\"],\"commentState\":[\"1\"],\"commentArticleId\":[\"1\"],\"commentUserId\":[\"107\"]}', '{\"msg\":\"操作成功\",\"code\":0}', 0, NULL, '2020-01-02 09:49:43');
INSERT INTO `sys_oper_log` VALUES (273, '个人信息', 2, 'com.ruoyi.project.system.user.controller.ProfileController.updateAvatar()', 'POST', 1, 'admin2', '用户组', '/system/user/profile/updateAvatar', '127.0.0.1', '内网IP', '{}', '{\"msg\":\"操作成功\",\"code\":0}', 0, NULL, '2020-01-02 10:04:11');
INSERT INTO `sys_oper_log` VALUES (274, '菜单管理', 1, 'com.ruoyi.project.system.menu.controller.MenuController.addSave()', 'POST', 1, 'admin', '研发部门', '/system/menu/add', '127.0.0.1', '内网IP', '{\"parentId\":[\"2012\"],\"menuType\":[\"C\"],\"menuName\":[\"重新生成帖子索引\"],\"url\":[\"/genAllIndex\"],\"target\":[\"menuItem\"],\"perms\":[\"\"],\"orderNum\":[\"5\"],\"icon\":[\"fa fa-arrows\"],\"visible\":[\"0\"]}', '{\"msg\":\"操作成功\",\"code\":0}', 0, NULL, '2020-01-02 10:26:39');
INSERT INTO `sys_oper_log` VALUES (275, '菜单管理', 2, 'com.ruoyi.project.system.menu.controller.MenuController.editSave()', 'POST', 1, 'admin', '研发部门', '/system/menu/edit', '127.0.0.1', '内网IP', '{\"menuId\":[\"2037\"],\"parentId\":[\"2012\"],\"menuType\":[\"C\"],\"menuName\":[\"重新生成帖子索引\"],\"url\":[\"/genAllIndex\"],\"target\":[\"menuItem\"],\"perms\":[\"index:restart:gen\"],\"orderNum\":[\"5\"],\"icon\":[\"fa fa-arrows\"],\"visible\":[\"0\"]}', '{\"msg\":\"操作成功\",\"code\":0}', 0, NULL, '2020-01-02 10:29:26');
INSERT INTO `sys_oper_log` VALUES (276, '资源', 2, 'com.ruoyi.project.content.article.controller.ArticleController.editSave()', 'POST', 1, 'admin', '研发部门', '/content/article/edit', '127.0.0.1', '内网IP', '{\"articleId\":[\"1\"],\"articleName\":[\"第一次2\"],\"articleTypeId\":[\"3\"],\"articleContent\":[\"<p><img style=\\\"width: 444px;\\\" src=\\\"http://localhost/profile/upload/2020/01/02/0522208c68608ffe00eee7edc867a006.jpg\\\" data-filename=\\\"/profile/upload/2020/01/02/0522208c68608ffe00eee7edc867a006.jpg\\\">11111</p>\"],\"articleDownload1\":[\"1\"],\"articlePassword1\":[\"\"],\"articlePoints\":[\"1\"],\"articleState\":[\"1\"],\"articleReason\":[\"\"]}', '{\"msg\":\"操作成功\",\"code\":0}', 0, NULL, '2020-01-02 11:07:18');
INSERT INTO `sys_oper_log` VALUES (277, '资源', 2, 'com.ruoyi.project.content.article.controller.ArticleController.editSave()', 'POST', 1, 'admin', '研发部门', '/content/article/edit', '127.0.0.1', '内网IP', '{\"articleId\":[\"1\"],\"articleName\":[\"第一次2\"],\"articleTypeId\":[\"3\"],\"articleContent\":[\"<p><img style=\\\"width: 444px;\\\" src=\\\"http://localhost/profile/upload/2020/01/02/0522208c68608ffe00eee7edc867a006.jpg\\\" data-filename=\\\"/profile/upload/2020/01/02/0522208c68608ffe00eee7edc867a006.jpg\\\">11111</p>\"],\"articleDownload1\":[\"1\"],\"articlePassword1\":[\"\"],\"articlePoints\":[\"1\"],\"articleState\":[\"1\"],\"articleReason\":[\"\"]}', '{\"msg\":\"操作成功\",\"code\":0}', 0, NULL, '2020-01-02 11:08:14');
INSERT INTO `sys_oper_log` VALUES (278, '用户管理', 2, 'com.ruoyi.project.system.user.controller.UserController.editSave()', 'POST', 1, 'admin', '研发部门', '/system/user/edit', '127.0.0.1', '内网IP', '{\"userId\":[\"107\"],\"deptId\":[\"105\"],\"userName\":[\"注册用户_1577761854476\"],\"dept.deptName\":[\"用户组\"],\"phonenumber\":[\"15777618544\"],\"email\":[\"admin@qqzsh.top111\"],\"loginName\":[\"admin2\"],\"sex\":[\"0\"],\"vipTime\":[\"2020-01-03 14:40:05\"],\"remark\":[\"\"],\"status\":[\"0\"],\"roleIds\":[\"\"],\"postIds\":[\"\"]}', '{\"msg\":\"操作成功\",\"code\":0}', 0, NULL, '2020-01-02 14:40:22');
INSERT INTO `sys_oper_log` VALUES (279, '字典类型', 1, 'com.ruoyi.project.system.dict.controller.DictTypeController.addSave()', 'POST', 1, 'admin', '研发部门', '/system/dict/add', '127.0.0.1', '内网IP', '{\"dictName\":[\"消息状态\"],\"dictType\":[\"sys_message_status\"],\"status\":[\"0\"],\"remark\":[\"\"]}', '{\"msg\":\"操作成功\",\"code\":0}', 0, NULL, '2020-01-02 14:45:15');
INSERT INTO `sys_oper_log` VALUES (280, '字典数据', 1, 'com.ruoyi.project.system.dict.controller.DictDataController.addSave()', 'POST', 1, 'admin', '研发部门', '/system/dict/data/add', '127.0.0.1', '内网IP', '{\"dictLabel\":[\"未读\"],\"dictValue\":[\"0\"],\"dictType\":[\"sys_message_status\"],\"cssClass\":[\"\"],\"dictSort\":[\"1\"],\"listClass\":[\"\"],\"isDefault\":[\"Y\"],\"status\":[\"0\"],\"remark\":[\"\"]}', '{\"msg\":\"操作成功\",\"code\":0}', 0, NULL, '2020-01-02 14:45:44');
INSERT INTO `sys_oper_log` VALUES (281, '字典数据', 1, 'com.ruoyi.project.system.dict.controller.DictDataController.addSave()', 'POST', 1, 'admin', '研发部门', '/system/dict/data/add', '127.0.0.1', '内网IP', '{\"dictLabel\":[\"已读\"],\"dictValue\":[\"1\"],\"dictType\":[\"sys_message_status\"],\"cssClass\":[\"\"],\"dictSort\":[\"2\"],\"listClass\":[\"\"],\"isDefault\":[\"Y\"],\"status\":[\"0\"],\"remark\":[\"\"]}', '{\"msg\":\"操作成功\",\"code\":0}', 0, NULL, '2020-01-02 14:45:53');
INSERT INTO `sys_oper_log` VALUES (282, '代码生成', 6, 'com.ruoyi.project.tool.gen.controller.GenController.importTableSave()', 'POST', 1, 'admin', '研发部门', '/tool/gen/importTable', '127.0.0.1', '内网IP', '{\"tables\":[\"sys_message\"]}', '{\"msg\":\"操作成功\",\"code\":0}', 0, NULL, '2020-01-02 14:47:42');
INSERT INTO `sys_oper_log` VALUES (283, '代码生成', 8, 'com.ruoyi.project.tool.gen.controller.GenController.genCode()', 'GET', 1, 'admin', '研发部门', '/tool/gen/genCode/sys_message', '127.0.0.1', '内网IP', '{}', 'null', 0, NULL, '2020-01-02 14:47:46');
INSERT INTO `sys_oper_log` VALUES (284, '代码生成', 8, 'com.ruoyi.project.tool.gen.controller.GenController.genCode()', 'GET', 1, 'admin', '研发部门', '/tool/gen/genCode/sys_message', '127.0.0.1', '内网IP', '{}', 'null', 0, NULL, '2020-01-02 14:47:46');
INSERT INTO `sys_oper_log` VALUES (285, '菜单管理', 2, 'com.ruoyi.project.system.menu.controller.MenuController.editSave()', 'POST', 1, 'admin', '研发部门', '/system/menu/edit', '127.0.0.1', '内网IP', '{\"menuId\":[\"2038\"],\"parentId\":[\"2012\"],\"menuType\":[\"C\"],\"menuName\":[\"消息\"],\"url\":[\"/content/message\"],\"target\":[\"menuItem\"],\"perms\":[\"content:message:view\"],\"orderNum\":[\"1\"],\"icon\":[\"#\"],\"visible\":[\"0\"]}', '{\"msg\":\"操作成功\",\"code\":0}', 0, NULL, '2020-01-02 14:49:37');
INSERT INTO `sys_oper_log` VALUES (286, '消息', 3, 'com.ruoyi.project.content.message.controller.MessageController.remove()', 'POST', 1, 'admin', '研发部门', '/content/message/remove', '127.0.0.1', '内网IP', '{\"ids\":[\"undefined\"]}', 'null', 1, '\r\n### Error updating database.  Cause: com.mysql.cj.jdbc.exceptions.MysqlDataTruncation: Data truncation: Truncated incorrect DOUBLE value: \'undefined\'\r\n### The error may involve com.ruoyi.project.content.message.mapper.MessageMapper.deleteMessageByIds-Inline\r\n### The error occurred while setting parameters\r\n### SQL: delete from sys_message where id in           (               ?          )\r\n### Cause: com.mysql.cj.jdbc.exceptions.MysqlDataTruncation: Data truncation: Truncated incorrect DOUBLE value: \'undefined\'\n; Data truncation: Truncated incorrect DOUBLE value: \'undefined\'; nested exception is com.mysql.cj.jdbc.exceptions.MysqlDataTruncation: Data truncation: Truncated incorrect DOUBLE value: \'undefined\'', '2020-01-02 14:50:59');
INSERT INTO `sys_oper_log` VALUES (287, '资源', 2, 'com.ruoyi.project.content.article.controller.ArticleController.editSave()', 'POST', 1, 'admin', '研发部门', '/content/article/edit', '127.0.0.1', '内网IP', '{\"articleId\":[\"1\"],\"articleName\":[\"第一次2\"],\"articleTypeId\":[\"3\"],\"articleContent\":[\"<p><img style=\\\"width: 444px;\\\" src=\\\"http://localhost/profile/upload/2020/01/02/0522208c68608ffe00eee7edc867a006.jpg\\\" data-filename=\\\"/profile/upload/2020/01/02/0522208c68608ffe00eee7edc867a006.jpg\\\">11111</p>\"],\"articleDownload1\":[\"1\"],\"articlePassword1\":[\"\"],\"articlePoints\":[\"1\"],\"articleState\":[\"1\"],\"articleReason\":[\"\"]}', '{\"msg\":\"操作成功\",\"code\":0}', 0, NULL, '2020-01-02 14:53:41');
INSERT INTO `sys_oper_log` VALUES (288, '资源', 2, 'com.ruoyi.project.content.article.controller.ArticleController.editSave()', 'POST', 1, 'admin', '研发部门', '/content/article/edit', '127.0.0.1', '内网IP', '{\"articleId\":[\"1\"],\"articleName\":[\"第一次2\"],\"articleTypeId\":[\"3\"],\"articleContent\":[\"<p><img style=\\\"width: 444px;\\\" src=\\\"http://localhost/profile/upload/2020/01/02/0522208c68608ffe00eee7edc867a006.jpg\\\" data-filename=\\\"/profile/upload/2020/01/02/0522208c68608ffe00eee7edc867a006.jpg\\\">11111</p>\"],\"articleDownload1\":[\"1\"],\"articlePassword1\":[\"\"],\"articlePoints\":[\"1\"],\"articleState\":[\"1\"],\"articleReason\":[\"\"]}', '{\"msg\":\"操作成功\",\"code\":0}', 0, NULL, '2020-01-02 15:04:29');
INSERT INTO `sys_oper_log` VALUES (289, '资源', 2, 'com.ruoyi.project.content.article.controller.ArticleController.editSave()', 'POST', 1, 'admin', '研发部门', '/content/article/edit', '127.0.0.1', '内网IP', '{\"articleId\":[\"1\"],\"articleName\":[\"第一次2\"],\"articleTypeId\":[\"3\"],\"articleContent\":[\"<p><img style=\\\"width: 444px;\\\" src=\\\"http://localhost/profile/upload/2020/01/02/0522208c68608ffe00eee7edc867a006.jpg\\\" data-filename=\\\"/profile/upload/2020/01/02/0522208c68608ffe00eee7edc867a006.jpg\\\">11111</p>\"],\"articleDownload1\":[\"1\"],\"articlePassword1\":[\"\"],\"articlePoints\":[\"1\"],\"articleState\":[\"1\"],\"articleReason\":[\"\"]}', '{\"msg\":\"操作成功\",\"code\":0}', 0, NULL, '2020-01-02 15:06:05');
INSERT INTO `sys_oper_log` VALUES (290, '资源', 2, 'com.ruoyi.project.content.article.controller.ArticleController.editSave()', 'POST', 1, 'admin', '研发部门', '/content/article/edit', '127.0.0.1', '内网IP', '{\"articleId\":[\"1\"],\"articleName\":[\"第一次2\"],\"articleTypeId\":[\"3\"],\"articleContent\":[\"<p><img style=\\\"width: 444px;\\\" src=\\\"http://localhost/profile/upload/2020/01/02/0522208c68608ffe00eee7edc867a006.jpg\\\" data-filename=\\\"/profile/upload/2020/01/02/0522208c68608ffe00eee7edc867a006.jpg\\\">11111</p>\"],\"articleDownload1\":[\"1\"],\"articlePassword1\":[\"\"],\"articlePoints\":[\"1\"],\"articleState\":[\"1\"],\"articleReason\":[\"\"]}', '{\"msg\":\"操作成功\",\"code\":0}', 0, NULL, '2020-01-02 15:06:42');
INSERT INTO `sys_oper_log` VALUES (291, '消息', 3, 'com.ruoyi.project.content.message.controller.MessageController.remove()', 'POST', 1, 'admin', '研发部门', '/content/message/remove', '127.0.0.1', '内网IP', '{\"ids\":[\"42,43\"]}', '{\"msg\":\"操作成功\",\"code\":0}', 0, NULL, '2020-01-02 15:07:03');
INSERT INTO `sys_oper_log` VALUES (292, '资源', 2, 'com.ruoyi.project.content.article.controller.ArticleController.editSave()', 'POST', 1, 'admin', '研发部门', '/content/article/edit', '127.0.0.1', '内网IP', '{\"articleId\":[\"1\"],\"articleName\":[\"第一次2\"],\"articleTypeId\":[\"3\"],\"articleContent\":[\"<p><img style=\\\"width: 444px;\\\" src=\\\"http://localhost/profile/upload/2020/01/02/0522208c68608ffe00eee7edc867a006.jpg\\\" data-filename=\\\"/profile/upload/2020/01/02/0522208c68608ffe00eee7edc867a006.jpg\\\">11111</p>\"],\"articleDownload1\":[\"1\"],\"articlePassword1\":[\"\"],\"articlePoints\":[\"1\"],\"articleState\":[\"1\"],\"articleReason\":[\"\"]}', '{\"msg\":\"操作成功\",\"code\":0}', 0, NULL, '2020-01-02 15:10:44');
INSERT INTO `sys_oper_log` VALUES (293, '资源', 2, 'com.ruoyi.project.content.article.controller.ArticleController.editSave()', 'POST', 1, 'admin', '研发部门', '/content/article/edit', '127.0.0.1', '内网IP', '{\"articleId\":[\"1\"],\"articleName\":[\"第一次2\"],\"articleTypeId\":[\"3\"],\"articleContent\":[\"<p><img style=\\\"width: 444px;\\\" src=\\\"http://localhost/profile/upload/2020/01/02/0522208c68608ffe00eee7edc867a006.jpg\\\" data-filename=\\\"/profile/upload/2020/01/02/0522208c68608ffe00eee7edc867a006.jpg\\\">11111</p>\"],\"articleDownload1\":[\"1\"],\"articlePassword1\":[\"\"],\"articlePoints\":[\"1\"],\"articleState\":[\"2\"],\"articleReason\":[\"XXXXXX\"]}', '{\"msg\":\"操作成功\",\"code\":0}', 0, NULL, '2020-01-02 15:11:03');
INSERT INTO `sys_oper_log` VALUES (294, '资源', 2, 'com.ruoyi.project.content.article.controller.ArticleController.editSave()', 'POST', 1, 'admin', '研发部门', '/content/article/edit', '127.0.0.1', '内网IP', '{\"articleId\":[\"1\"],\"articleName\":[\"第一次2\"],\"articleTypeId\":[\"3\"],\"articleContent\":[\"<p><img style=\\\"width: 444px;\\\" src=\\\"http://localhost/profile/upload/2020/01/02/0522208c68608ffe00eee7edc867a006.jpg\\\" data-filename=\\\"/profile/upload/2020/01/02/0522208c68608ffe00eee7edc867a006.jpg\\\">11111</p>\"],\"articleDownload1\":[\"1\"],\"articlePassword1\":[\"\"],\"articlePoints\":[\"1\"],\"articleState\":[\"1\"],\"articleReason\":[\"\"]}', '{\"msg\":\"操作成功\",\"code\":0}', 0, NULL, '2020-01-02 15:11:20');
INSERT INTO `sys_oper_log` VALUES (295, '角色管理', 2, 'com.ruoyi.project.system.role.controller.RoleController.editSave()', 'POST', 1, 'admin', '研发部门', '/system/role/edit', '127.0.0.1', '内网IP', '{\"roleId\":[\"2\"],\"roleName\":[\"会员\"],\"roleKey\":[\"common\"],\"roleSort\":[\"2\"],\"status\":[\"0\"],\"remark\":[\"普通角色\"],\"menuIds\":[\"1,100,1000,1001,1002,1003,1004,1005,1006,2012,2038,2039,2040,2041,2042,2043\"]}', '{\"msg\":\"操作成功\",\"code\":0}', 0, NULL, '2020-01-02 15:48:01');
INSERT INTO `sys_oper_log` VALUES (296, '角色管理', 2, 'com.ruoyi.project.system.role.controller.RoleController.editSave()', 'POST', 1, 'admin', '研发部门', '/system/role/edit', '127.0.0.1', '内网IP', '{\"roleId\":[\"2\"],\"roleName\":[\"会员\"],\"roleKey\":[\"common\"],\"roleSort\":[\"2\"],\"status\":[\"0\"],\"remark\":[\"普通角色\"],\"menuIds\":[\"1,100,1000,1001,1002,1003,1004,1005,1006,2012,2038,2039,2040,2041,2042,2043\"]}', '{\"msg\":\"操作成功\",\"code\":0}', 0, NULL, '2020-01-02 15:48:30');
INSERT INTO `sys_oper_log` VALUES (297, '用户管理', 2, 'com.ruoyi.project.system.user.controller.UserController.editSave()', 'POST', 1, 'admin', '研发部门', '/system/user/edit', '127.0.0.1', '内网IP', '{\"userId\":[\"107\"],\"deptId\":[\"105\"],\"userName\":[\"注册用户_1577761854476\"],\"dept.deptName\":[\"用户组\"],\"phonenumber\":[\"15777618544\"],\"email\":[\"admin@qqzsh.top111\"],\"loginName\":[\"admin2\"],\"sex\":[\"0\"],\"role\":[\"2\"],\"vipTime\":[\"2020-01-03 14:40:05\"],\"remark\":[\"\"],\"status\":[\"0\"],\"roleIds\":[\"2\"],\"postIds\":[\"\"]}', '{\"msg\":\"操作成功\",\"code\":0}', 0, NULL, '2020-01-02 15:48:44');
INSERT INTO `sys_oper_log` VALUES (298, '角色管理', 2, 'com.ruoyi.project.system.role.controller.RoleController.editSave()', 'POST', 1, 'admin', '研发部门', '/system/role/edit', '127.0.0.1', '内网IP', '{\"roleId\":[\"2\"],\"roleName\":[\"会员\"],\"roleKey\":[\"common\"],\"roleSort\":[\"2\"],\"status\":[\"0\"],\"remark\":[\"普通角色\"],\"menuIds\":[\"1,100,1000,1001,1002,1003,1004,1005,1006,2012,2038,2039\"]}', '{\"msg\":\"操作成功\",\"code\":0}', 0, NULL, '2020-01-02 15:53:34');
INSERT INTO `sys_oper_log` VALUES (299, '代码生成', 6, 'com.ruoyi.project.tool.gen.controller.GenController.importTableSave()', 'POST', 1, 'admin', '研发部门', '/tool/gen/importTable', '127.0.0.1', '内网IP', '{\"tables\":[\"sys_order\"]}', '{\"msg\":\"操作成功\",\"code\":0}', 0, NULL, '2020-01-02 16:08:14');
INSERT INTO `sys_oper_log` VALUES (300, '代码生成', 8, 'com.ruoyi.project.tool.gen.controller.GenController.genCode()', 'GET', 1, 'admin', '研发部门', '/tool/gen/genCode/sys_order', '127.0.0.1', '内网IP', '{}', 'null', 0, NULL, '2020-01-02 16:08:18');
INSERT INTO `sys_oper_log` VALUES (301, '代码生成', 8, 'com.ruoyi.project.tool.gen.controller.GenController.genCode()', 'GET', 1, 'admin', '研发部门', '/tool/gen/genCode/sys_order', '127.0.0.1', '内网IP', '{}', 'null', 0, NULL, '2020-01-02 16:08:18');
INSERT INTO `sys_oper_log` VALUES (302, '菜单管理', 1, 'com.ruoyi.project.system.menu.controller.MenuController.addSave()', 'POST', 1, 'admin', '研发部门', '/system/menu/add', '127.0.0.1', '内网IP', '{\"parentId\":[\"0\"],\"menuType\":[\"C\"],\"menuName\":[\"VIP购买\"],\"url\":[\"/user/tobuyVipPage\"],\"target\":[\"menuItem\"],\"perms\":[\"user:buy:vip\"],\"orderNum\":[\"2\"],\"icon\":[\"\"],\"visible\":[\"0\"]}', '{\"msg\":\"操作成功\",\"code\":0}', 0, NULL, '2020-01-02 16:26:56');
INSERT INTO `sys_oper_log` VALUES (303, '菜单管理', 3, 'com.ruoyi.project.system.menu.controller.MenuController.remove()', 'GET', 1, 'admin', '研发部门', '/system/menu/remove/2050', '127.0.0.1', '内网IP', '{}', '{\"msg\":\"操作成功\",\"code\":0}', 0, NULL, '2020-01-02 16:27:18');
INSERT INTO `sys_oper_log` VALUES (304, '菜单管理', 1, 'com.ruoyi.project.system.menu.controller.MenuController.addSave()', 'POST', 1, 'admin', '研发部门', '/system/menu/add', '127.0.0.1', '内网IP', '{\"parentId\":[\"2012\"],\"menuType\":[\"C\"],\"menuName\":[\"VIP购买\"],\"url\":[\"/user/tobuyVipPage\"],\"target\":[\"menuItem\"],\"perms\":[\"user:buy:vip\"],\"orderNum\":[\"2\"],\"icon\":[\"fa fa-suitcase\"],\"visible\":[\"0\"]}', '{\"msg\":\"操作成功\",\"code\":0}', 0, NULL, '2020-01-02 16:28:09');
INSERT INTO `sys_oper_log` VALUES (305, '角色管理', 2, 'com.ruoyi.project.system.role.controller.RoleController.editSave()', 'POST', 1, 'admin', '研发部门', '/system/role/edit', '127.0.0.1', '内网IP', '{\"roleId\":[\"2\"],\"roleName\":[\"会员\"],\"roleKey\":[\"common\"],\"roleSort\":[\"2\"],\"status\":[\"0\"],\"remark\":[\"普通角色\"],\"menuIds\":[\"1,100,1000,1001,1002,1003,1004,1005,1006,2012,2038,2039,2051\"]}', '{\"msg\":\"操作成功\",\"code\":0}', 0, NULL, '2020-01-02 16:28:18');
INSERT INTO `sys_oper_log` VALUES (306, '菜单管理', 2, 'com.ruoyi.project.system.menu.controller.MenuController.editSave()', 'POST', 1, 'admin', '研发部门', '/system/menu/edit', '127.0.0.1', '内网IP', '{\"menuId\":[\"2031\"],\"parentId\":[\"2012\"],\"menuType\":[\"C\"],\"menuName\":[\"用户已下载\"],\"url\":[\"/content/download\"],\"target\":[\"menuItem\"],\"perms\":[\"content:download:view\"],\"orderNum\":[\"1\"],\"icon\":[\"#\"],\"visible\":[\"0\"]}', '{\"msg\":\"操作成功\",\"code\":0}', 0, NULL, '2020-01-02 16:33:59');
INSERT INTO `sys_oper_log` VALUES (307, '菜单管理', 2, 'com.ruoyi.project.system.menu.controller.MenuController.editSave()', 'POST', 1, 'admin', '研发部门', '/system/menu/edit', '127.0.0.1', '内网IP', '{\"menuId\":[\"2044\"],\"parentId\":[\"2012\"],\"menuType\":[\"C\"],\"menuName\":[\"订单\"],\"url\":[\"/content/order\"],\"target\":[\"menuItem\"],\"perms\":[\"content:order:view\"],\"orderNum\":[\"1\"],\"icon\":[\"#\"],\"visible\":[\"0\"]}', '{\"msg\":\"操作成功\",\"code\":0}', 0, NULL, '2020-01-02 16:34:10');
INSERT INTO `sys_oper_log` VALUES (308, '资源', 2, 'com.ruoyi.project.content.article.controller.ArticleController.editSave()', 'POST', 1, 'admin', '研发部门', '/content/article/edit', '127.0.0.1', '内网IP', '{\"articleId\":[\"1\"],\"articleName\":[\"第一次2\"],\"articleTypeId\":[\"3\"],\"articleContent\":[\"<p><img style=\\\"width: 444px;\\\" src=\\\"http://localhost/profile/upload/2020/01/02/0522208c68608ffe00eee7edc867a006.jpg\\\" data-filename=\\\"/profile/upload/2020/01/02/0522208c68608ffe00eee7edc867a006.jpg\\\">11111</p>\"],\"articleDownload1\":[\"1\"],\"articlePassword1\":[\"\"],\"articlePoints\":[\"1\"],\"articleState\":[\"1\"],\"articleReason\":[\"XXXXXX\"]}', '{\"msg\":\"操作成功\",\"code\":0}', 0, NULL, '2020-01-02 17:34:12');
INSERT INTO `sys_oper_log` VALUES (309, '资源', 2, 'com.ruoyi.project.content.article.controller.ArticleController.editSave()', 'POST', 1, 'admin', '研发部门', '/content/article/edit', '127.0.0.1', '内网IP', '{\"articleId\":[\"2\"],\"articleName\":[\"第一次1\"],\"articleTypeId\":[\"3\"],\"articleContent\":[\"<p>11111</p>\"],\"articleDownload1\":[\"1\"],\"articlePassword1\":[\"\"],\"articlePoints\":[\"0\"],\"articleState\":[\"1\"],\"articleReason\":[\"\"]}', '{\"msg\":\"操作成功\",\"code\":0}', 0, NULL, '2020-01-02 17:34:17');
INSERT INTO `sys_oper_log` VALUES (310, '角色管理', 2, 'com.ruoyi.project.system.role.controller.RoleController.editSave()', 'POST', 1, 'admin', '研发部门', '/system/role/edit', '127.0.0.1', '内网IP', '{\"roleId\":[\"2\"],\"roleName\":[\"会员\"],\"roleKey\":[\"common\"],\"roleSort\":[\"2\"],\"status\":[\"0\"],\"remark\":[\"普通角色\"],\"menuIds\":[\"1,100,1000,1001,1002,1003,1004,1005,1006,2012,2013,2014,2015,2016,2017,2018,2025,2026,2027,2028,2029,2030,2031,2032,2033,2034,2035,2036,2038,2039,2043,2044,2045,2046,2047,2048,2049,2051\"]}', '{\"msg\":\"操作成功\",\"code\":0}', 0, NULL, '2020-01-02 17:40:14');
INSERT INTO `sys_oper_log` VALUES (311, '参数管理', 1, 'com.ruoyi.project.system.config.controller.ConfigController.addSave()', 'POST', 1, 'admin', '研发部门', '/system/config/add', '127.0.0.1', '内网IP', '{\"configName\":[\"支付宝配置\"],\"configKey\":[\"alipay\"],\"configValue\":[\"{ \\t\\\"alipay\\\":{ \\t\\t\\\"appid\\\":\\\"2016091100484467\\\", \\t\\t\\\"rsa_private_key\\\":\\\"MIIEvAIBADANBgkqhkiG9w0BAQEFAASCBKYwggSiAgEAAoIBAQCAracHQXMrtRukMQIRwlLl4D9CzSFnHllgWrQRkX50401jsyadMq0+hdiVUlif8SeNpb+zu24nnzSeUe9YC5O+zrgfzT9fb4UciP2pAIzTbQZjg6P2mZF/Io+UKsONhbSwBg2DP5OYyCIy1PtbrE/daGL98HEC3qLT4fPuVRrwYZetpQCU84X4k4ezUU/zjvbF7ARwFkhWVh9Y0MhlbGyc+FRbr2WisjI6VQIc3VzF4R430e9gMIz5k8wpjrYxuKgDq9npni2S0caBbKG1wI7vjhIfhvBqkXWSQkDLnn8mYw55ajwo/lfDuEbcN66i26eOStlVL4UPxtJAmGiwyLpLAgMBAAECggEAQ70mpIcr3eJlPrYd5MNraF/4bW4XG3W6jyKwkF8LNvVBlC6HMVGwKa3EKjdDOE93BvYuSKtufaUtyfpQCQVvLY8dFoCxz8ehRzhGcGU9vT8zkceG1RZapZbIBrPMZf/w8oj9LA6X4GHavu+nssau9FszYYLluyEAjpHwG5Lpr4ivMCBkMOVPXSAvlQqiT/MTA1U6vJJ0grRlTH0/Ydh0WWaAXX84a4P+I0uaEf6TS3yCAaPRal3pIBFH/a4vQmDo1cTuLEh2PTLF2+4fwaK0qXb3oSdE4tri7ftG1mjUgIuahNi73ShB0Vc8L8Imz8KI598zAze8JMpkBu3bvsg0AQKBgQDT7OtJxiwzTVuOhMLh2kJh3vxO34wbXc9r+XBgcqmgpbHnmYG9dKlA9wjQ1WowkyWRTmppBWw7k649zcUEhs9hVS/8hZA2NHuntOLCfHueq/M22t7PZr7odjea+JX0OaviuMbsyEw4D0Xsi6G8/HZM+8dDD+vpk9LxBQhLLCyQywKBgQCbcJblTv11nXrHyIaZWtMp6dBKjPgbTUnxfRkkfV+G0yHJAe/B7DqOm6VBae9Cj/4GcK117LbRGfRWPTrU5R1fU6V6bMLiSFXNAeAv5h01RYHbWzj80V2+G1AYeFwiBXBq/+x4BuE0rXa7+ShIXTjMJO4uKSpS4VMe3uJmvJbMgQKBgDWqhVrFSGQlbs4EaKVw8+Z85T/D9GLpuqEJJaAG6VW5H/gaM3SamlHNPPpFUQLEAHtvdBrsOKBNoY4dEYs36EQpomE8IWzYlYe+kr3VcCiaOpjljA7RYf7UEPi5gp+6CwD68cT8Y/C+TWK9aVPGSt7r02X0HjWkLYLDV3pR0WdJAoGASWNI+w7mQAeQFo8obXMiS6Gmw+v2n/1HsgpcOowu89rvEpYleqtrojT+OvonCogtaSD95LVUQzk70ROrmSRrT7yQXlLHWErKp7YBANxmYeZlPwm8yDCZT85ZbJQ2+6ERyJL4NFsbLOHRM0KZsEDDNi8hfQ3We7cCpYqZ3eOgVwECgYBIwB45eDHMYIoPf89vo7u1WcjeWzrSmDDPMHeHDKwtvbfMuSvmDDZ+VoZmS10SyKoNSKROf1xf1BNTEZ99429vHnM9OSnwWylWvoRE+VNm0lXo6TQnjMI65aFjYidu/CHrMxt0xc7nNRjEChHHsACVqDN4tNFFuWVJ1Ihvv1RPgQ==\\\", \\t\\t\\\"notify_url\\\":\\\"https://www.qqzsh.top:9999/alipay/sy\\\", \\t\\t\\\"return_url\\\":\\\"https://www.qqzsh.top:9999/alipay/success\\\", \\t\\t\\\"url\\\":\\\"https://openapi.alipaydev.com/gateway.do\\\", \\t\\t\\\"charset\\\":\\\"UTF-8\\\", \\t\\t\\\"format\\\":\\\"j', '{\"msg\":\"操作成功\",\"code\":0}', 0, NULL, '2020-01-02 19:57:00');
INSERT INTO `sys_oper_log` VALUES (312, '菜单管理', 2, 'com.ruoyi.project.system.menu.controller.MenuController.editSave()', 'POST', 1, 'admin', '研发部门', '/system/menu/edit', '127.0.0.1', '内网IP', '{\"menuId\":[\"2013\"],\"parentId\":[\"2012\"],\"menuType\":[\"C\"],\"menuName\":[\"资源管理\"],\"url\":[\"/content/article\"],\"target\":[\"menuItem\"],\"perms\":[\"content:article:view\"],\"orderNum\":[\"1\"],\"icon\":[\"#\"],\"visible\":[\"0\"]}', '{\"msg\":\"操作成功\",\"code\":0}', 0, NULL, '2020-01-02 20:26:25');
INSERT INTO `sys_oper_log` VALUES (313, '资源', 2, 'com.ruoyi.project.content.article.controller.ArticleController.editSave()', 'POST', 1, 'admin2', '用户组', '/content/article/edit', '127.0.0.1', '内网IP', '{\"articleId\":[\"1\"],\"articleName\":[\"第一次2\"],\"articleTypeId\":[\"3\"],\"articleContent\":[\"<p><img style=\\\"width: 444px;\\\" src=\\\"http://localhost/profile/upload/2020/01/02/0522208c68608ffe00eee7edc867a006.jpg\\\" data-filename=\\\"/profile/upload/2020/01/02/0522208c68608ffe00eee7edc867a006.jpg\\\">11111</p>\"],\"articleDownload1\":[\"1\"],\"articlePassword1\":[\"\"],\"articlePoints\":[\"1\"],\"articleState\":[\"1\"],\"articleReason\":[\"XXXXXX\"]}', '{\"msg\":\"操作成功\",\"code\":0}', 0, NULL, '2020-01-02 21:02:20');
INSERT INTO `sys_oper_log` VALUES (314, '资源', 2, 'com.ruoyi.project.content.article.controller.ArticleController.editSave()', 'POST', 1, 'admin2', '用户组', '/content/article/edit', '127.0.0.1', '内网IP', '{\"articleId\":[\"1\"],\"articleName\":[\"第一次2\"],\"articleTypeId\":[\"3\"],\"articleContent\":[\"<p><img style=\\\"width: 444px;\\\" src=\\\"http://localhost/profile/upload/2020/01/02/0522208c68608ffe00eee7edc867a006.jpg\\\" data-filename=\\\"/profile/upload/2020/01/02/0522208c68608ffe00eee7edc867a006.jpg\\\">11111</p>\"],\"articleDownload1\":[\"1\"],\"articlePassword1\":[\"\"],\"articlePoints\":[\"1\"],\"articleState\":[\"0\"],\"articleReason\":[\"XXXXXX\"]}', '{\"msg\":\"操作成功\",\"code\":0}', 0, NULL, '2020-01-02 21:02:25');
INSERT INTO `sys_oper_log` VALUES (315, '资源', 2, 'com.ruoyi.project.content.article.controller.ArticleController.editSave()', 'POST', 1, 'admin', '研发部门', '/content/article/edit', '127.0.0.1', '内网IP', '{\"articleId\":[\"1\"],\"articleName\":[\"第一次2\"],\"articleTypeId\":[\"3\"],\"articleContent\":[\"<p><img style=\\\"width: 444px;\\\" src=\\\"http://localhost/profile/upload/2020/01/02/0522208c68608ffe00eee7edc867a006.jpg\\\" data-filename=\\\"/profile/upload/2020/01/02/0522208c68608ffe00eee7edc867a006.jpg\\\">11111</p>\"],\"articleDownload1\":[\"1\"],\"articlePassword1\":[\"\"],\"articlePoints\":[\"1\"],\"articleState\":[\"2\"],\"articleReason\":[\"123456\"]}', '{\"msg\":\"操作成功\",\"code\":0}', 0, NULL, '2020-01-02 21:03:50');
INSERT INTO `sys_oper_log` VALUES (316, '资源', 5, 'com.ruoyi.project.content.article.controller.ArticleController.export()', 'POST', 1, 'admin2', '用户组', '/content/article/export', '127.0.0.1', '内网IP', '{\"articleName\":[\"\"],\"params[beginArticlePublishDate]\":[\"\"],\"params[endArticlePublishDate]\":[\"\"],\"articleState\":[\"\"]}', '{\"msg\":\"04dbfaaa-43b9-46ed-a808-de31caad2ee6_article.xlsx\",\"code\":0}', 0, NULL, '2020-01-02 21:15:38');
INSERT INTO `sys_oper_log` VALUES (317, '资源', 5, 'com.ruoyi.project.content.article.controller.ArticleController.export()', 'POST', 1, 'admin2', '用户组', '/content/article/export', '127.0.0.1', '内网IP', '{\"articleName\":[\"\"],\"params[beginArticlePublishDate]\":[\"\"],\"params[endArticlePublishDate]\":[\"\"],\"articleState\":[\"\"]}', '{\"msg\":\"38373a04-fc73-4d16-930f-9321ee492bfd_article.xlsx\",\"code\":0}', 0, NULL, '2020-01-02 21:17:09');
INSERT INTO `sys_oper_log` VALUES (318, '资源', 3, 'com.ruoyi.project.content.article.controller.ArticleController.remove()', 'POST', 1, 'admin2', '用户组', '/content/article/remove', '127.0.0.1', '内网IP', '{\"ids\":[\"第一次2,第一次3\"]}', 'null', 1, 'For input string: \"第一次2\"', '2020-01-03 09:19:00');
INSERT INTO `sys_oper_log` VALUES (319, '资源', 3, 'com.ruoyi.project.content.article.controller.ArticleController.remove()', 'POST', 1, 'admin2', '用户组', '/content/article/remove', '127.0.0.1', '内网IP', '{\"ids\":[\"1,3\"]}', '{\"msg\":\"操作成功\",\"code\":0}', 0, NULL, '2020-01-03 09:23:35');
INSERT INTO `sys_oper_log` VALUES (320, '菜单管理', 2, 'com.ruoyi.project.system.menu.controller.MenuController.editSave()', 'POST', 1, 'admin', '研发部门', '/system/menu/edit', '127.0.0.1', '内网IP', '{\"menuId\":[\"2025\"],\"parentId\":[\"2012\"],\"menuType\":[\"C\"],\"menuName\":[\"评论管理\"],\"url\":[\"/content/comment\"],\"target\":[\"menuItem\"],\"perms\":[\"content:comment:view\"],\"orderNum\":[\"1\"],\"icon\":[\"#\"],\"visible\":[\"0\"]}', '{\"msg\":\"操作成功\",\"code\":0}', 0, NULL, '2020-01-03 09:28:24');
INSERT INTO `sys_oper_log` VALUES (321, '菜单管理', 1, 'com.ruoyi.project.system.menu.controller.MenuController.addSave()', 'POST', 1, 'admin', '研发部门', '/system/menu/add', '127.0.0.1', '内网IP', '{\"parentId\":[\"0\"],\"menuType\":[\"M\"],\"menuName\":[\"权限管理\"],\"url\":[\"\"],\"target\":[\"menuItem\"],\"perms\":[\"\"],\"orderNum\":[\"1\"],\"icon\":[\"fa fa-check\"],\"visible\":[\"0\"]}', '{\"msg\":\"操作成功\",\"code\":0}', 0, NULL, '2020-01-03 09:30:04');
INSERT INTO `sys_oper_log` VALUES (322, '菜单管理', 2, 'com.ruoyi.project.system.menu.controller.MenuController.editSave()', 'POST', 1, 'admin', '研发部门', '/system/menu/edit', '127.0.0.1', '内网IP', '{\"menuId\":[\"100\"],\"parentId\":[\"2052\"],\"menuType\":[\"C\"],\"menuName\":[\"用户管理\"],\"url\":[\"/system/user\"],\"target\":[\"menuItem\"],\"perms\":[\"system:user:view\"],\"orderNum\":[\"1\"],\"icon\":[\"#\"],\"visible\":[\"0\"]}', '{\"msg\":\"操作成功\",\"code\":0}', 0, NULL, '2020-01-03 09:30:31');
INSERT INTO `sys_oper_log` VALUES (323, '菜单管理', 2, 'com.ruoyi.project.system.menu.controller.MenuController.editSave()', 'POST', 1, 'admin', '研发部门', '/system/menu/edit', '127.0.0.1', '内网IP', '{\"menuId\":[\"101\"],\"parentId\":[\"2052\"],\"menuType\":[\"C\"],\"menuName\":[\"角色管理\"],\"url\":[\"/system/role\"],\"target\":[\"menuItem\"],\"perms\":[\"system:role:view\"],\"orderNum\":[\"2\"],\"icon\":[\"#\"],\"visible\":[\"0\"]}', '{\"msg\":\"操作成功\",\"code\":0}', 0, NULL, '2020-01-03 09:30:45');
INSERT INTO `sys_oper_log` VALUES (324, '菜单管理', 2, 'com.ruoyi.project.system.menu.controller.MenuController.editSave()', 'POST', 1, 'admin', '研发部门', '/system/menu/edit', '127.0.0.1', '内网IP', '{\"menuId\":[\"102\"],\"parentId\":[\"2052\"],\"menuType\":[\"C\"],\"menuName\":[\"菜单管理\"],\"url\":[\"/system/menu\"],\"target\":[\"menuItem\"],\"perms\":[\"system:menu:view\"],\"orderNum\":[\"3\"],\"icon\":[\"#\"],\"visible\":[\"0\"]}', '{\"msg\":\"操作成功\",\"code\":0}', 0, NULL, '2020-01-03 09:30:57');
INSERT INTO `sys_oper_log` VALUES (325, '菜单管理', 2, 'com.ruoyi.project.system.menu.controller.MenuController.editSave()', 'POST', 1, 'admin', '研发部门', '/system/menu/edit', '127.0.0.1', '内网IP', '{\"menuId\":[\"103\"],\"parentId\":[\"2052\"],\"menuType\":[\"C\"],\"menuName\":[\"部门管理\"],\"url\":[\"/system/dept\"],\"target\":[\"menuItem\"],\"perms\":[\"system:dept:view\"],\"orderNum\":[\"4\"],\"icon\":[\"#\"],\"visible\":[\"0\"]}', '{\"msg\":\"操作成功\",\"code\":0}', 0, NULL, '2020-01-03 09:31:06');
INSERT INTO `sys_oper_log` VALUES (326, '菜单管理', 2, 'com.ruoyi.project.system.menu.controller.MenuController.editSave()', 'POST', 1, 'admin', '研发部门', '/system/menu/edit', '127.0.0.1', '内网IP', '{\"menuId\":[\"104\"],\"parentId\":[\"2052\"],\"menuType\":[\"C\"],\"menuName\":[\"岗位管理\"],\"url\":[\"/system/post\"],\"target\":[\"menuItem\"],\"perms\":[\"system:post:view\"],\"orderNum\":[\"5\"],\"icon\":[\"#\"],\"visible\":[\"0\"]}', '{\"msg\":\"操作成功\",\"code\":0}', 0, NULL, '2020-01-03 09:31:16');
INSERT INTO `sys_oper_log` VALUES (327, '菜单管理', 2, 'com.ruoyi.project.system.menu.controller.MenuController.editSave()', 'POST', 1, 'admin', '研发部门', '/system/menu/edit', '127.0.0.1', '内网IP', '{\"menuId\":[\"108\"],\"parentId\":[\"2\"],\"menuType\":[\"M\"],\"menuName\":[\"日志管理\"],\"url\":[\"#\"],\"target\":[\"menuItem\"],\"perms\":[\"\"],\"orderNum\":[\"9\"],\"icon\":[\"#\"],\"visible\":[\"0\"]}', '{\"msg\":\"操作成功\",\"code\":0}', 0, NULL, '2020-01-03 09:31:49');
INSERT INTO `sys_oper_log` VALUES (328, '菜单管理', 2, 'com.ruoyi.project.system.menu.controller.MenuController.editSave()', 'POST', 1, 'admin', '研发部门', '/system/menu/edit', '127.0.0.1', '内网IP', '{\"menuId\":[\"108\"],\"parentId\":[\"2\"],\"menuType\":[\"M\"],\"menuName\":[\"日志管理\"],\"url\":[\"#\"],\"target\":[\"menuItem\"],\"perms\":[\"\"],\"orderNum\":[\"3\"],\"icon\":[\"#\"],\"visible\":[\"0\"]}', '{\"msg\":\"操作成功\",\"code\":0}', 0, NULL, '2020-01-03 09:32:05');
INSERT INTO `sys_oper_log` VALUES (329, '菜单管理', 2, 'com.ruoyi.project.system.menu.controller.MenuController.editSave()', 'POST', 1, 'admin', '研发部门', '/system/menu/edit', '127.0.0.1', '内网IP', '{\"menuId\":[\"111\"],\"parentId\":[\"2\"],\"menuType\":[\"C\"],\"menuName\":[\"数据监控\"],\"url\":[\"/monitor/data\"],\"target\":[\"menuItem\"],\"perms\":[\"monitor:data:view\"],\"orderNum\":[\"4\"],\"icon\":[\"#\"],\"visible\":[\"0\"]}', '{\"msg\":\"操作成功\",\"code\":0}', 0, NULL, '2020-01-03 09:32:20');
INSERT INTO `sys_oper_log` VALUES (330, '菜单管理', 2, 'com.ruoyi.project.system.menu.controller.MenuController.editSave()', 'POST', 1, 'admin', '研发部门', '/system/menu/edit', '127.0.0.1', '内网IP', '{\"menuId\":[\"111\"],\"parentId\":[\"2\"],\"menuType\":[\"C\"],\"menuName\":[\"数据监控\"],\"url\":[\"/monitor/data\"],\"target\":[\"menuItem\"],\"perms\":[\"monitor:data:view\"],\"orderNum\":[\"5\"],\"icon\":[\"#\"],\"visible\":[\"0\"]}', '{\"msg\":\"操作成功\",\"code\":0}', 0, NULL, '2020-01-03 09:32:28');
INSERT INTO `sys_oper_log` VALUES (331, '菜单管理', 2, 'com.ruoyi.project.system.menu.controller.MenuController.editSave()', 'POST', 1, 'admin', '研发部门', '/system/menu/edit', '127.0.0.1', '内网IP', '{\"menuId\":[\"3\"],\"parentId\":[\"0\"],\"menuType\":[\"M\"],\"menuName\":[\"开发工具\"],\"url\":[\"#\"],\"target\":[\"menuItem\"],\"perms\":[\"\"],\"orderNum\":[\"3\"],\"icon\":[\"fa fa-bars\"],\"visible\":[\"0\"]}', '{\"msg\":\"操作成功\",\"code\":0}', 0, NULL, '2020-01-03 09:33:58');
INSERT INTO `sys_oper_log` VALUES (332, '在线用户', 7, 'com.ruoyi.project.monitor.online.controller.UserOnlineController.forceLogout()', 'POST', 1, 'admin', '研发部门', '/monitor/online/forceLogout', '127.0.0.1', '内网IP', '{\"sessionId\":[\"1c9b9eda-b326-4c96-abda-75821c8c44a3\"]}', '{\"msg\":\"操作成功\",\"code\":0}', 0, NULL, '2020-01-03 09:34:38');
INSERT INTO `sys_oper_log` VALUES (333, '菜单管理', 2, 'com.ruoyi.project.system.menu.controller.MenuController.editSave()', 'POST', 1, 'admin', '研发部门', '/system/menu/edit', '127.0.0.1', '内网IP', '{\"menuId\":[\"2012\"],\"parentId\":[\"0\"],\"menuType\":[\"M\"],\"menuName\":[\"资源模块\"],\"url\":[\"#\"],\"target\":[\"menuItem\"],\"perms\":[\"\"],\"orderNum\":[\"4\"],\"icon\":[\"fa fa-folder-open\"],\"visible\":[\"0\"]}', '{\"msg\":\"操作成功\",\"code\":0}', 0, NULL, '2020-01-03 09:36:32');
INSERT INTO `sys_oper_log` VALUES (334, '菜单管理', 2, 'com.ruoyi.project.system.menu.controller.MenuController.editSave()', 'POST', 1, 'admin', '研发部门', '/system/menu/edit', '127.0.0.1', '内网IP', '{\"menuId\":[\"2006\"],\"parentId\":[\"2012\"],\"menuType\":[\"C\"],\"menuName\":[\"资源类别管理\"],\"url\":[\"/content/type\"],\"target\":[\"menuItem\"],\"perms\":[\"content:type:view\"],\"orderNum\":[\"2\"],\"icon\":[\"#\"],\"visible\":[\"0\"]}', '{\"msg\":\"操作成功\",\"code\":0}', 0, NULL, '2020-01-03 09:36:54');
INSERT INTO `sys_oper_log` VALUES (335, '菜单管理', 2, 'com.ruoyi.project.system.menu.controller.MenuController.editSave()', 'POST', 1, 'admin', '研发部门', '/system/menu/edit', '127.0.0.1', '内网IP', '{\"menuId\":[\"2031\"],\"parentId\":[\"2012\"],\"menuType\":[\"C\"],\"menuName\":[\"已下载管理\"],\"url\":[\"/content/download\"],\"target\":[\"menuItem\"],\"perms\":[\"content:download:view\"],\"orderNum\":[\"3\"],\"icon\":[\"#\"],\"visible\":[\"0\"]}', '{\"msg\":\"操作成功\",\"code\":0}', 0, NULL, '2020-01-03 09:37:13');
INSERT INTO `sys_oper_log` VALUES (336, '菜单管理', 1, 'com.ruoyi.project.system.menu.controller.MenuController.addSave()', 'POST', 1, 'admin', '研发部门', '/system/menu/add', '127.0.0.1', '内网IP', '{\"parentId\":[\"0\"],\"menuType\":[\"M\"],\"menuName\":[\"订单广告模块\"],\"url\":[\"\"],\"target\":[\"menuItem\"],\"perms\":[\"\"],\"orderNum\":[\"5\"],\"icon\":[\"fa fa-bullhorn\"],\"visible\":[\"0\"]}', '{\"msg\":\"操作成功\",\"code\":0}', 0, NULL, '2020-01-03 09:37:53');
INSERT INTO `sys_oper_log` VALUES (337, '菜单管理', 2, 'com.ruoyi.project.system.menu.controller.MenuController.editSave()', 'POST', 1, 'admin', '研发部门', '/system/menu/edit', '127.0.0.1', '内网IP', '{\"menuId\":[\"107\"],\"parentId\":[\"2053\"],\"menuType\":[\"C\"],\"menuName\":[\"通知广告\"],\"url\":[\"/system/notice\"],\"target\":[\"menuItem\"],\"perms\":[\"system:notice:view\"],\"orderNum\":[\"8\"],\"icon\":[\"#\"],\"visible\":[\"0\"]}', '{\"msg\":\"操作成功\",\"code\":0}', 0, NULL, '2020-01-03 09:38:05');
INSERT INTO `sys_oper_log` VALUES (338, '菜单管理', 2, 'com.ruoyi.project.system.menu.controller.MenuController.editSave()', 'POST', 1, 'admin', '研发部门', '/system/menu/edit', '127.0.0.1', '内网IP', '{\"menuId\":[\"2044\"],\"parentId\":[\"2053\"],\"menuType\":[\"C\"],\"menuName\":[\"订单管理\"],\"url\":[\"/content/order\"],\"target\":[\"menuItem\"],\"perms\":[\"content:order:view\"],\"orderNum\":[\"1\"],\"icon\":[\"#\"],\"visible\":[\"0\"]}', '{\"msg\":\"操作成功\",\"code\":0}', 0, NULL, '2020-01-03 09:38:32');
INSERT INTO `sys_oper_log` VALUES (339, '菜单管理', 2, 'com.ruoyi.project.system.menu.controller.MenuController.editSave()', 'POST', 1, 'admin', '研发部门', '/system/menu/edit', '127.0.0.1', '内网IP', '{\"menuId\":[\"107\"],\"parentId\":[\"2053\"],\"menuType\":[\"C\"],\"menuName\":[\"通知广告\"],\"url\":[\"/system/notice\"],\"target\":[\"menuItem\"],\"perms\":[\"system:notice:view\"],\"orderNum\":[\"2\"],\"icon\":[\"#\"],\"visible\":[\"0\"]}', '{\"msg\":\"操作成功\",\"code\":0}', 0, NULL, '2020-01-03 09:38:42');
INSERT INTO `sys_oper_log` VALUES (340, '菜单管理', 2, 'com.ruoyi.project.system.menu.controller.MenuController.editSave()', 'POST', 1, 'admin', '研发部门', '/system/menu/edit', '127.0.0.1', '内网IP', '{\"menuId\":[\"2019\"],\"parentId\":[\"2053\"],\"menuType\":[\"C\"],\"menuName\":[\"友链管理\"],\"url\":[\"/content/link\"],\"target\":[\"menuItem\"],\"perms\":[\"content:link:view\"],\"orderNum\":[\"3\"],\"icon\":[\"#\"],\"visible\":[\"0\"]}', '{\"msg\":\"操作成功\",\"code\":0}', 0, NULL, '2020-01-03 09:39:03');
INSERT INTO `sys_oper_log` VALUES (341, '菜单管理', 1, 'com.ruoyi.project.system.menu.controller.MenuController.addSave()', 'POST', 1, 'admin', '研发部门', '/system/menu/add', '127.0.0.1', '内网IP', '{\"parentId\":[\"0\"],\"menuType\":[\"M\"],\"menuName\":[\"评论消息模块\"],\"url\":[\"\"],\"target\":[\"menuItem\"],\"perms\":[\"\"],\"orderNum\":[\"6\"],\"icon\":[\"fa fa-feed\"],\"visible\":[\"0\"]}', '{\"msg\":\"操作成功\",\"code\":0}', 0, NULL, '2020-01-03 09:39:54');
INSERT INTO `sys_oper_log` VALUES (342, '菜单管理', 2, 'com.ruoyi.project.system.menu.controller.MenuController.editSave()', 'POST', 1, 'admin', '研发部门', '/system/menu/edit', '127.0.0.1', '内网IP', '{\"menuId\":[\"2025\"],\"parentId\":[\"2054\"],\"menuType\":[\"C\"],\"menuName\":[\"评论管理\"],\"url\":[\"/content/comment\"],\"target\":[\"menuItem\"],\"perms\":[\"content:comment:view\"],\"orderNum\":[\"1\"],\"icon\":[\"#\"],\"visible\":[\"0\"]}', '{\"msg\":\"操作成功\",\"code\":0}', 0, NULL, '2020-01-03 09:40:06');
INSERT INTO `sys_oper_log` VALUES (343, '菜单管理', 2, 'com.ruoyi.project.system.menu.controller.MenuController.editSave()', 'POST', 1, 'admin', '研发部门', '/system/menu/edit', '127.0.0.1', '内网IP', '{\"menuId\":[\"2038\"],\"parentId\":[\"2054\"],\"menuType\":[\"C\"],\"menuName\":[\"消息管理\"],\"url\":[\"/content/message\"],\"target\":[\"menuItem\"],\"perms\":[\"content:message:view\"],\"orderNum\":[\"2\"],\"icon\":[\"#\"],\"visible\":[\"0\"]}', '{\"msg\":\"操作成功\",\"code\":0}', 0, NULL, '2020-01-03 09:40:20');
INSERT INTO `sys_oper_log` VALUES (344, '菜单管理', 2, 'com.ruoyi.project.system.menu.controller.MenuController.editSave()', 'POST', 1, 'admin', '研发部门', '/system/menu/edit', '127.0.0.1', '内网IP', '{\"menuId\":[\"2051\"],\"parentId\":[\"2053\"],\"menuType\":[\"C\"],\"menuName\":[\"VIP购买\"],\"url\":[\"/user/tobuyVipPage\"],\"target\":[\"menuItem\"],\"perms\":[\"user:buy:vip\"],\"orderNum\":[\"1\"],\"icon\":[\"fa fa-suitcase\"],\"visible\":[\"0\"]}', '{\"msg\":\"操作成功\",\"code\":0}', 0, NULL, '2020-01-03 09:41:05');
INSERT INTO `sys_oper_log` VALUES (345, '菜单管理', 2, 'com.ruoyi.project.system.menu.controller.MenuController.editSave()', 'POST', 1, 'admin', '研发部门', '/system/menu/edit', '127.0.0.1', '内网IP', '{\"menuId\":[\"2044\"],\"parentId\":[\"2053\"],\"menuType\":[\"C\"],\"menuName\":[\"订单管理\"],\"url\":[\"/content/order\"],\"target\":[\"menuItem\"],\"perms\":[\"content:order:view\"],\"orderNum\":[\"2\"],\"icon\":[\"#\"],\"visible\":[\"0\"]}', '{\"msg\":\"操作成功\",\"code\":0}', 0, NULL, '2020-01-03 09:41:13');
INSERT INTO `sys_oper_log` VALUES (346, '菜单管理', 2, 'com.ruoyi.project.system.menu.controller.MenuController.editSave()', 'POST', 1, 'admin', '研发部门', '/system/menu/edit', '127.0.0.1', '内网IP', '{\"menuId\":[\"107\"],\"parentId\":[\"2053\"],\"menuType\":[\"C\"],\"menuName\":[\"通知广告\"],\"url\":[\"/system/notice\"],\"target\":[\"menuItem\"],\"perms\":[\"system:notice:view\"],\"orderNum\":[\"3\"],\"icon\":[\"#\"],\"visible\":[\"0\"]}', '{\"msg\":\"操作成功\",\"code\":0}', 0, NULL, '2020-01-03 09:41:23');
INSERT INTO `sys_oper_log` VALUES (347, '菜单管理', 2, 'com.ruoyi.project.system.menu.controller.MenuController.editSave()', 'POST', 1, 'admin', '研发部门', '/system/menu/edit', '127.0.0.1', '内网IP', '{\"menuId\":[\"2019\"],\"parentId\":[\"2053\"],\"menuType\":[\"C\"],\"menuName\":[\"友链管理\"],\"url\":[\"/content/link\"],\"target\":[\"menuItem\"],\"perms\":[\"content:link:view\"],\"orderNum\":[\"4\"],\"icon\":[\"#\"],\"visible\":[\"0\"]}', '{\"msg\":\"操作成功\",\"code\":0}', 0, NULL, '2020-01-03 09:41:32');
INSERT INTO `sys_oper_log` VALUES (348, '菜单管理', 2, 'com.ruoyi.project.system.menu.controller.MenuController.editSave()', 'POST', 1, 'admin', '研发部门', '/system/menu/edit', '127.0.0.1', '内网IP', '{\"menuId\":[\"2037\"],\"parentId\":[\"1\"],\"menuType\":[\"C\"],\"menuName\":[\"重新生成帖子索引\"],\"url\":[\"/genAllIndex\"],\"target\":[\"menuItem\"],\"perms\":[\"index:restart:gen\"],\"orderNum\":[\"3\"],\"icon\":[\"fa fa-arrows\"],\"visible\":[\"0\"]}', '{\"msg\":\"操作成功\",\"code\":0}', 0, NULL, '2020-01-03 09:41:54');
INSERT INTO `sys_oper_log` VALUES (349, '菜单管理', 2, 'com.ruoyi.project.system.menu.controller.MenuController.editSave()', 'POST', 1, 'admin', '研发部门', '/system/menu/edit', '127.0.0.1', '内网IP', '{\"menuId\":[\"105\"],\"parentId\":[\"1\"],\"menuType\":[\"C\"],\"menuName\":[\"字典管理\"],\"url\":[\"/system/dict\"],\"target\":[\"menuItem\"],\"perms\":[\"system:dict:view\"],\"orderNum\":[\"1\"],\"icon\":[\"#\"],\"visible\":[\"0\"]}', '{\"msg\":\"操作成功\",\"code\":0}', 0, NULL, '2020-01-03 09:42:03');
INSERT INTO `sys_oper_log` VALUES (350, '菜单管理', 2, 'com.ruoyi.project.system.menu.controller.MenuController.editSave()', 'POST', 1, 'admin', '研发部门', '/system/menu/edit', '127.0.0.1', '内网IP', '{\"menuId\":[\"106\"],\"parentId\":[\"1\"],\"menuType\":[\"C\"],\"menuName\":[\"参数设置\"],\"url\":[\"/system/config\"],\"target\":[\"menuItem\"],\"perms\":[\"system:config:view\"],\"orderNum\":[\"2\"],\"icon\":[\"#\"],\"visible\":[\"0\"]}', '{\"msg\":\"操作成功\",\"code\":0}', 0, NULL, '2020-01-03 09:42:09');
INSERT INTO `sys_oper_log` VALUES (351, '角色管理', 2, 'com.ruoyi.project.system.role.controller.RoleController.editSave()', 'POST', 1, 'admin', '研发部门', '/system/role/edit', '127.0.0.1', '内网IP', '{\"roleId\":[\"2\"],\"roleName\":[\"会员\"],\"roleKey\":[\"common\"],\"roleSort\":[\"2\"],\"status\":[\"0\"],\"remark\":[\"普通角色\"],\"menuIds\":[\"2,108,500,1039,1041,1042,501,1043,1045,2012,2013,2014,2015,2016,2017,2018,2031,2032,2036,2051,2044,2045,2049,2054,2025,2026,2027,2030,2038,2039,2043\"]}', '{\"msg\":\"操作成功\",\"code\":0}', 0, NULL, '2020-01-03 09:48:36');
INSERT INTO `sys_oper_log` VALUES (352, '资源', 2, 'com.ruoyi.project.content.article.controller.ArticleController.editSave()', 'POST', 1, 'admin', '研发部门', '/content/article/edit', '127.0.0.1', '内网IP', '{\"articleId\":[\"2\"],\"articleName\":[\"第一次1\"],\"articleTypeId\":[\"3\"],\"articleContent\":[\"<p>11111</p>\"],\"articleDownload1\":[\"1\"],\"articlePassword1\":[\"\"],\"articlePoints\":[\"0\"],\"articleState\":[\"0\"],\"articleReason\":[\"\"]}', '{\"msg\":\"操作成功\",\"code\":0}', 0, NULL, '2020-01-03 10:49:03');
INSERT INTO `sys_oper_log` VALUES (353, '资源', 1, 'com.ruoyi.project.content.article.controller.ArticleController.addSave()', 'POST', 1, 'admin2', '用户组', '/content/article/add', '127.0.0.1', '内网IP', '{\"articleName\":[\"发帖测试\"],\"articleContent\":[\"<p>第一次发帖，啦啦啦啦啦</p><p><img src=\\\"http://qqzsh.top/profile/upload/2020/01/03/31428e1f3e97fccac7e03e27bfeb1dec.jpg\\\" data-filename=\\\"/profile/upload/2020/01/03/31428e1f3e97fccac7e03e27bfeb1dec.jpg\\\" style=\\\"width: 455px;\\\"><br></p>\"],\"articleTypeId\":[\"2\"],\"articleDownload1\":[\"https://www.baidu.com\"],\"articlePassword1\":[\"无\"],\"articlePoints\":[\"2\"]}', '{\"msg\":\"操作成功\",\"code\":0}', 0, NULL, '2020-01-03 11:09:53');
INSERT INTO `sys_oper_log` VALUES (354, '资源', 2, 'com.ruoyi.project.content.article.controller.ArticleController.editSave()', 'POST', 1, 'admin', '研发部门', '/content/article/edit', '127.0.0.1', '内网IP', '{\"articleId\":[\"33\"],\"articleName\":[\"发帖测试\"],\"articleTypeId\":[\"2\"],\"articleContent\":[\"<p>第一次发帖，啦啦啦啦啦</p><p><img src=\\\"http://qqzsh.top/profile/upload/2020/01/03/31428e1f3e97fccac7e03e27bfeb1dec.jpg\\\" data-filename=\\\"/profile/upload/2020/01/03/31428e1f3e97fccac7e03e27bfeb1dec.jpg\\\" style=\\\"width: 455px;\\\"><br></p>\"],\"articleDownload1\":[\"https://www.baidu.com\"],\"articlePassword1\":[\"无\"],\"articlePoints\":[\"2\"],\"articleState\":[\"1\"],\"articleReason\":[\"\"]}', '{\"msg\":\"操作成功\",\"code\":0}', 0, NULL, '2020-01-03 11:49:19');
INSERT INTO `sys_oper_log` VALUES (355, '资源', 2, 'com.ruoyi.project.content.article.controller.ArticleController.changeStatus()', 'POST', 1, 'admin', '研发部门', '/content/article/changeStatus', '127.0.0.1', '内网IP', '{\"articleId\":[\"2\"],\"articleIsHot\":[\"true\"]}', '{\"msg\":\"操作成功\",\"code\":0}', 0, NULL, '2020-01-03 11:49:22');
INSERT INTO `sys_oper_log` VALUES (356, '资源', 3, 'com.ruoyi.project.content.article.controller.ArticleController.remove()', 'POST', 1, 'admin2', '用户组', '/content/article/remove', '127.0.0.1', '内网IP', '{\"ids\":[\"33\"]}', '{\"msg\":\"操作成功\",\"code\":0}', 0, NULL, '2020-01-03 11:56:36');
INSERT INTO `sys_oper_log` VALUES (357, '资源', 1, 'com.ruoyi.project.content.article.controller.ArticleController.addSave()', 'POST', 1, 'admin2', '用户组', '/content/article/add', '127.0.0.1', '内网IP', '{\"articleName\":[\"首次发帖\"],\"articleContent\":[\"<p>请多指教！</p><p><img src=\\\"http://qqzsh.top/profile/upload/2020/01/03/da601aeaa52568ebe666641340415b84.jpg\\\" data-filename=\\\"/profile/upload/2020/01/03/da601aeaa52568ebe666641340415b84.jpg\\\" style=\\\"width: 455px;\\\"><br></p>\"],\"articleTypeId\":[\"2\"],\"articleDownload1\":[\"https://www.baidu.com\"],\"articlePassword1\":[\"无\"],\"articlePoints\":[\"1\"]}', '{\"msg\":\"操作成功\",\"code\":0}', 0, NULL, '2020-01-03 11:57:27');
INSERT INTO `sys_oper_log` VALUES (358, '资源', 2, 'com.ruoyi.project.content.article.controller.ArticleController.editSave()', 'POST', 1, 'admin', '研发部门', '/content/article/edit', '127.0.0.1', '内网IP', '{\"articleId\":[\"34\"],\"articleName\":[\"首次发帖\"],\"articleTypeId\":[\"2\"],\"articleContent\":[\"<p>请多指教！</p><p><img style=\\\"width: 455px;\\\" src=\\\"http://qqzsh.top/profile/upload/2020/01/03/da601aeaa52568ebe666641340415b84.jpg\\\" data-filename=\\\"/profile/upload/2020/01/03/da601aeaa52568ebe666641340415b84.jpg\\\"><br></p>\"],\"articleDownload1\":[\"https://www.baidu.com\"],\"articlePassword1\":[\"无\"],\"articlePoints\":[\"1\"],\"articleState\":[\"1\"],\"articleReason\":[\"\"]}', '{\"msg\":\"操作成功\",\"code\":0}', 0, NULL, '2020-01-03 11:57:58');
INSERT INTO `sys_oper_log` VALUES (359, '角色管理', 2, 'com.ruoyi.project.system.role.controller.RoleController.editSave()', 'POST', 1, 'admin', '研发部门', '/system/role/edit', '127.0.0.1', '内网IP', '{\"roleId\":[\"2\"],\"roleName\":[\"会员\"],\"roleKey\":[\"common\"],\"roleSort\":[\"2\"],\"status\":[\"0\"],\"remark\":[\"普通角色\"],\"menuIds\":[\"2,108,500,1039,1041,1042,501,1043,1045,2012,2013,2014,2015,2016,2017,2018,2031,2032,2036,2051,2044,2045,2049,2054,2025,2026,2027,2030,2038,2039,2043\"]}', '{\"msg\":\"操作成功\",\"code\":0}', 0, NULL, '2020-01-03 14:42:42');
INSERT INTO `sys_oper_log` VALUES (360, '用户管理', 2, 'com.ruoyi.project.system.user.controller.UserController.editSave()', 'POST', 1, 'admin', '研发部门', '/system/user/edit', '127.0.0.1', '内网IP', '{\"userId\":[\"107\"],\"deptId\":[\"105\"],\"userName\":[\"注册用户_1577761854476\"],\"dept.deptName\":[\"用户组\"],\"phonenumber\":[\"15777618544\"],\"email\":[\"admin@qqzsh.top111\"],\"loginName\":[\"admin2\"],\"sex\":[\"0\"],\"role\":[\"2\"],\"vipTime\":[\"2020-01-03 14:40:05\"],\"remark\":[\"\"],\"status\":[\"0\"],\"roleIds\":[\"2\"],\"postIds\":[\"\"]}', '{\"msg\":\"操作成功\",\"code\":0}', 0, NULL, '2020-01-03 14:43:14');
INSERT INTO `sys_oper_log` VALUES (361, '角色管理', 2, 'com.ruoyi.project.system.role.controller.RoleController.editSave()', 'POST', 1, 'admin', '研发部门', '/system/role/edit', '127.0.0.1', '内网IP', '{\"roleId\":[\"2\"],\"roleName\":[\"会员\"],\"roleKey\":[\"common\"],\"roleSort\":[\"2\"],\"status\":[\"0\"],\"remark\":[\"普通角色\"],\"menuIds\":[\"2,108,500,1039,1041,1042,501,1043,1045,2012,2013,2014,2015,2016,2017,2018,2031,2032,2036,2051,2044,2045,2049,2054,2025,2026,2030,2038,2039,2043\"]}', '{\"msg\":\"操作成功\",\"code\":0}', 0, NULL, '2020-01-03 14:44:39');
INSERT INTO `sys_oper_log` VALUES (362, '菜单管理', 1, 'com.ruoyi.project.system.menu.controller.MenuController.addSave()', 'POST', 1, 'admin', '研发部门', '/system/menu/add', '127.0.0.1', '内网IP', '{\"parentId\":[\"0\"],\"menuType\":[\"F\"],\"menuName\":[\"消息重发\"],\"url\":[\"\"],\"target\":[\"menuItem\"],\"perms\":[\"content.message.resend\"],\"orderNum\":[\"6\"],\"icon\":[\"\"],\"visible\":[\"0\"]}', '{\"msg\":\"操作成功\",\"code\":0}', 0, NULL, '2020-01-03 17:03:25');
INSERT INTO `sys_oper_log` VALUES (363, '菜单管理', 3, 'com.ruoyi.project.system.menu.controller.MenuController.remove()', 'GET', 1, 'admin', '研发部门', '/system/menu/remove/2055', '127.0.0.1', '内网IP', '{}', '{\"msg\":\"操作成功\",\"code\":0}', 0, NULL, '2020-01-03 17:03:36');
INSERT INTO `sys_oper_log` VALUES (364, '菜单管理', 1, 'com.ruoyi.project.system.menu.controller.MenuController.addSave()', 'POST', 1, 'admin', '研发部门', '/system/menu/add', '127.0.0.1', '内网IP', '{\"parentId\":[\"2025\"],\"menuType\":[\"F\"],\"menuName\":[\"消息重发\"],\"url\":[\"\"],\"target\":[\"menuItem\"],\"perms\":[\"content.message.resend\"],\"orderNum\":[\"6\"],\"icon\":[\"\"],\"visible\":[\"0\"]}', '{\"msg\":\"操作成功\",\"code\":0}', 0, NULL, '2020-01-03 17:03:55');
INSERT INTO `sys_oper_log` VALUES (365, '消息', 1, 'com.ruoyi.project.content.message.controller.MessageController.resent()', 'POST', 1, 'admin', '研发部门', '/content/message/resent', '127.0.0.1', '内网IP', '{\"id\":[\"44\"]}', '{\"msg\":\"操作成功\",\"code\":0}', 0, NULL, '2020-01-03 17:12:56');
INSERT INTO `sys_oper_log` VALUES (366, '消息', 1, 'com.ruoyi.project.content.message.controller.MessageController.resent()', 'POST', 1, 'admin', '研发部门', '/content/message/resent', '127.0.0.1', '内网IP', '{\"id\":[\"45\"]}', '{\"msg\":\"操作成功\",\"code\":0}', 0, NULL, '2020-01-03 17:13:07');
INSERT INTO `sys_oper_log` VALUES (367, '角色管理', 2, 'com.ruoyi.project.system.role.controller.RoleController.editSave()', 'POST', 1, 'admin', '研发部门', '/system/role/edit', '127.0.0.1', '内网IP', '{\"roleId\":[\"2\"],\"roleName\":[\"会员\"],\"roleKey\":[\"common\"],\"roleSort\":[\"2\"],\"status\":[\"0\"],\"remark\":[\"普通角色\"],\"menuIds\":[\"2,108,500,1039,1041,1042,501,1043,1045,2012,2013,2014,2015,2016,2017,2018,2031,2032,2036,2051,2044,2045,2049,2054,2025,2026,2030,2038,2039,2043\"]}', '{\"msg\":\"操作成功\",\"code\":0}', 0, NULL, '2020-01-03 17:42:39');
INSERT INTO `sys_oper_log` VALUES (368, '角色管理', 2, 'com.ruoyi.project.system.role.controller.RoleController.editSave()', 'POST', 1, 'admin', '研发部门', '/system/role/edit', '127.0.0.1', '内网IP', '{\"roleId\":[\"2\"],\"roleName\":[\"会员\"],\"roleKey\":[\"common\"],\"roleSort\":[\"2\"],\"status\":[\"0\"],\"remark\":[\"普通角色\"],\"menuIds\":[\"2,108,500,1039,1041,1042,501,1043,1045,2012,2013,2014,2015,2016,2017,2018,2031,2032,2036,2053,2051,2044,2045,2049,2054,2025,2026,2030,2038,2039,2043\"]}', '{\"msg\":\"操作成功\",\"code\":0}', 0, NULL, '2020-01-03 17:43:20');
INSERT INTO `sys_oper_log` VALUES (369, '菜单管理', 1, 'com.ruoyi.project.system.menu.controller.MenuController.addSave()', 'POST', 1, 'admin', '研发部门', '/system/menu/add', '127.0.0.1', '内网IP', '{\"parentId\":[\"2044\"],\"menuType\":[\"F\"],\"menuName\":[\"订单复议\"],\"url\":[\"\"],\"target\":[\"menuItem\"],\"perms\":[\"content.order.check\"],\"orderNum\":[\"6\"],\"icon\":[\"\"],\"visible\":[\"0\"]}', '{\"msg\":\"操作成功\",\"code\":0}', 0, NULL, '2020-01-03 17:57:11');
INSERT INTO `sys_oper_log` VALUES (370, '角色管理', 2, 'com.ruoyi.project.system.role.controller.RoleController.editSave()', 'POST', 1, 'admin', '研发部门', '/system/role/edit', '127.0.0.1', '内网IP', '{\"roleId\":[\"2\"],\"roleName\":[\"会员\"],\"roleKey\":[\"common\"],\"roleSort\":[\"2\"],\"status\":[\"0\"],\"remark\":[\"普通角色\"],\"menuIds\":[\"2,108,500,1039,1041,1042,501,1043,1045,2012,2013,2014,2015,2016,2017,2018,2031,2032,2036,2053,2051,2044,2045,2049,2057,2054,2025,2026,2030,2038,2039,2043\"]}', '{\"msg\":\"操作成功\",\"code\":0}', 0, NULL, '2020-01-03 17:57:24');
INSERT INTO `sys_oper_log` VALUES (371, '角色管理', 2, 'com.ruoyi.project.system.role.controller.RoleController.editSave()', 'POST', 1, 'admin', '研发部门', '/system/role/edit', '127.0.0.1', '内网IP', '{\"roleId\":[\"2\"],\"roleName\":[\"会员\"],\"roleKey\":[\"common\"],\"roleSort\":[\"2\"],\"status\":[\"0\"],\"remark\":[\"普通角色\"],\"menuIds\":[\"2,108,500,1039,1041,1042,501,1043,1045,2012,2013,2014,2015,2016,2017,2018,2031,2032,2036,2053,2051,2044,2045,2049,2057,2054,2025,2026,2030,2038,2039,2043\"]}', '{\"msg\":\"操作成功\",\"code\":0}', 0, NULL, '2020-01-03 17:59:00');
INSERT INTO `sys_oper_log` VALUES (372, '角色管理', 2, 'com.ruoyi.project.system.role.controller.RoleController.editSave()', 'POST', 1, 'admin', '研发部门', '/system/role/edit', '127.0.0.1', '内网IP', '{\"roleId\":[\"2\"],\"roleName\":[\"会员\"],\"roleKey\":[\"common\"],\"roleSort\":[\"2\"],\"status\":[\"0\"],\"remark\":[\"普通角色\"],\"menuIds\":[\"2,108,500,1039,1041,1042,501,1043,1045,2012,2013,2014,2015,2016,2017,2018,2031,2032,2036,2053,2051,2044,2045,2049,2057,2054,2025,2026,2030,2038,2039,2043\"]}', '{\"msg\":\"操作成功\",\"code\":0}', 0, NULL, '2020-01-03 18:00:14');
INSERT INTO `sys_oper_log` VALUES (373, '角色管理', 2, 'com.ruoyi.project.system.role.controller.RoleController.editSave()', 'POST', 1, 'admin', '研发部门', '/system/role/edit', '127.0.0.1', '内网IP', '{\"roleId\":[\"2\"],\"roleName\":[\"会员\"],\"roleKey\":[\"common\"],\"roleSort\":[\"2\"],\"status\":[\"0\"],\"remark\":[\"普通角色\"],\"menuIds\":[\"2,108,500,1039,1041,1042,501,1043,1045,2012,2013,2014,2015,2016,2017,2018,2031,2032,2036,2053,2051,2044,2045,2048,2049,2057,2054,2025,2026,2030,2038,2039,2043\"]}', '{\"msg\":\"操作成功\",\"code\":0}', 0, NULL, '2020-01-04 15:57:40');
INSERT INTO `sys_oper_log` VALUES (374, '角色管理', 2, 'com.ruoyi.project.system.role.controller.RoleController.editSave()', 'POST', 1, 'admin', '研发部门', '/system/role/edit', '127.0.0.1', '内网IP', '{\"roleId\":[\"2\"],\"roleName\":[\"会员\"],\"roleKey\":[\"common\"],\"roleSort\":[\"2\"],\"status\":[\"0\"],\"remark\":[\"普通角色\"],\"menuIds\":[\"2,108,500,1039,1041,1042,501,1043,1045,2012,2013,2014,2015,2016,2017,2018,2031,2032,2036,2053,2051,2044,2045,2049,2057,2054,2025,2026,2030,2038,2039,2043\"]}', '{\"msg\":\"操作成功\",\"code\":0}', 0, NULL, '2020-01-04 16:00:18');
INSERT INTO `sys_oper_log` VALUES (375, '角色管理', 2, 'com.ruoyi.project.system.role.controller.RoleController.editSave()', 'POST', 1, 'admin', '研发部门', '/system/role/edit', '127.0.0.1', '内网IP', '{\"roleId\":[\"2\"],\"roleName\":[\"会员\"],\"roleKey\":[\"common\"],\"roleSort\":[\"2\"],\"status\":[\"0\"],\"remark\":[\"普通角色\"],\"menuIds\":[\"2,108,500,1039,1041,1042,501,1043,1045,2012,2013,2014,2015,2016,2017,2018,2031,2032,2036,2053,2051,2044,2045,2048,2049,2057,2054,2025,2026,2030,2038,2039,2043\"]}', '{\"msg\":\"操作成功\",\"code\":0}', 0, NULL, '2020-01-04 16:10:48');
INSERT INTO `sys_oper_log` VALUES (376, '角色管理', 2, 'com.ruoyi.project.system.role.controller.RoleController.editSave()', 'POST', 1, 'admin', '研发部门', '/system/role/edit', '127.0.0.1', '内网IP', '{\"roleId\":[\"2\"],\"roleName\":[\"会员\"],\"roleKey\":[\"common\"],\"roleSort\":[\"2\"],\"status\":[\"0\"],\"remark\":[\"普通角色\"],\"menuIds\":[\"2,108,500,1039,1041,1042,501,1043,1045,2012,2013,2014,2015,2016,2017,2018,2031,2032,2036,2053,2051,2044,2045,2049,2057,2054,2025,2026,2030,2038,2039,2043\"]}', '{\"msg\":\"操作成功\",\"code\":0}', 0, NULL, '2020-01-04 16:24:48');
INSERT INTO `sys_oper_log` VALUES (377, '角色管理', 2, 'com.ruoyi.project.system.role.controller.RoleController.authDataScopeSave()', 'POST', 1, 'admin', '研发部门', '/system/role/authDataScope', '127.0.0.1', '内网IP', '{\"roleId\":[\"2\"],\"roleName\":[\"会员\"],\"roleKey\":[\"common\"],\"dataScope\":[\"2\"],\"deptIds\":[\"100,105\"]}', '{\"msg\":\"操作成功\",\"code\":0}', 0, NULL, '2020-01-04 16:29:40');
INSERT INTO `sys_oper_log` VALUES (378, '用户管理', 2, 'com.ruoyi.project.system.user.controller.UserController.editSave()', 'POST', 1, 'admin', '研发部门', '/system/user/edit', '127.0.0.1', '内网IP', '{\"userId\":[\"107\"],\"deptId\":[\"105\"],\"userName\":[\"注册用户_1577761854476\"],\"dept.deptName\":[\"用户组\"],\"phonenumber\":[\"15777618544\"],\"email\":[\"admin@qqzsh.top111\"],\"loginName\":[\"admin2\"],\"sex\":[\"0\"],\"role\":[\"2\"],\"vipTime\":[\"2020-01-03 14:40:05\"],\"remark\":[\"\"],\"status\":[\"0\"],\"roleIds\":[\"2\"],\"postIds\":[\"\"]}', '{\"msg\":\"操作成功\",\"code\":0}', 0, NULL, '2020-01-04 16:29:58');
INSERT INTO `sys_oper_log` VALUES (379, '订单', 2, 'com.ruoyi.project.content.order.controller.OrderController.delete()', 'POST', 1, 'admin', '研发部门', '/content/order/check', '127.0.0.1', '内网IP', '{\"id\":[\"40\"]}', 'null', 1, '', '2020-01-04 16:30:47');
INSERT INTO `sys_oper_log` VALUES (380, '订单', 2, 'com.ruoyi.project.content.order.controller.OrderController.delete()', 'POST', 1, 'admin', '研发部门', '/content/order/check', '127.0.0.1', '内网IP', '{\"id\":[\"40\"]}', '{\"success\":false}', 0, NULL, '2020-01-04 16:31:35');
INSERT INTO `sys_oper_log` VALUES (381, '订单', 2, 'com.ruoyi.project.content.order.controller.OrderController.delete()', 'POST', 1, 'admin', '研发部门', '/content/order/check', '127.0.0.1', '内网IP', '{\"id\":[\"40\"]}', '{\"success\":false}', 0, NULL, '2020-01-04 16:31:55');
INSERT INTO `sys_oper_log` VALUES (382, '角色管理', 2, 'com.ruoyi.project.system.role.controller.RoleController.editSave()', 'POST', 1, 'admin', '研发部门', '/system/role/edit', '127.0.0.1', '内网IP', '{\"roleId\":[\"2\"],\"roleName\":[\"会员\"],\"roleKey\":[\"common\"],\"roleSort\":[\"2\"],\"status\":[\"0\"],\"remark\":[\"普通角色\"],\"menuIds\":[\"2,108,500,1039,1041,1042,501,1043,1045,2012,2013,2014,2015,2016,2017,2018,2031,2032,2036,2053,2051,2044,2045,2049,2054,2025,2026,2030,2038,2039,2043\"]}', '{\"msg\":\"操作成功\",\"code\":0}', 0, NULL, '2020-01-04 16:36:00');
INSERT INTO `sys_oper_log` VALUES (383, '角色管理', 2, 'com.ruoyi.project.system.role.controller.RoleController.editSave()', 'POST', 1, 'admin', '研发部门', '/system/role/edit', '127.0.0.1', '内网IP', '{\"roleId\":[\"2\"],\"roleName\":[\"会员\"],\"roleKey\":[\"common\"],\"roleSort\":[\"2\"],\"status\":[\"0\"],\"remark\":[\"普通角色\"],\"menuIds\":[\"2,108,500,1039,1041,1042,501,1043,1045,2012,2013,2014,2015,2016,2017,2018,2031,2032,2036,2053,2051,2044,2045,2049,2057,2054,2025,2026,2030,2038,2039,2043\"]}', '{\"msg\":\"操作成功\",\"code\":0}', 0, NULL, '2020-01-04 16:36:30');
INSERT INTO `sys_oper_log` VALUES (384, '角色管理', 4, 'com.ruoyi.project.system.role.controller.RoleController.cancelAuthUser()', 'POST', 1, 'admin', '研发部门', '/system/role/authUser/cancel', '127.0.0.1', '内网IP', '{\"roleId\":[\"2\"],\"userId\":[\"107\"]}', '{\"msg\":\"操作成功\",\"code\":0}', 0, NULL, '2020-01-04 16:44:29');
INSERT INTO `sys_oper_log` VALUES (385, '角色管理', 4, 'com.ruoyi.project.system.role.controller.RoleController.selectAuthUserAll()', 'POST', 1, 'admin', '研发部门', '/system/role/authUser/selectAll', '127.0.0.1', '内网IP', '{\"roleId\":[\"2\"],\"userIds\":[\"107,105\"]}', '{\"msg\":\"操作成功\",\"code\":0}', 0, NULL, '2020-01-04 16:44:37');
INSERT INTO `sys_oper_log` VALUES (386, '角色管理', 2, 'com.ruoyi.project.system.role.controller.RoleController.editSave()', 'POST', 1, 'admin', '研发部门', '/system/role/edit', '127.0.0.1', '内网IP', '{\"roleId\":[\"2\"],\"roleName\":[\"会员\"],\"roleKey\":[\"common\"],\"roleSort\":[\"2\"],\"status\":[\"0\"],\"remark\":[\"普通角色\"],\"menuIds\":[\"2,108,500,1039,1041,1042,501,1043,1045,2012,2013,2014,2015,2016,2017,2018,2031,2032,2036,2053,2051,2044,2045,2049,2057,2054,2025,2026,2030,2038,2039,2043\"]}', '{\"msg\":\"操作成功\",\"code\":0}', 0, NULL, '2020-01-04 16:48:03');
INSERT INTO `sys_oper_log` VALUES (387, '角色管理', 4, 'com.ruoyi.project.system.role.controller.RoleController.cancelAuthUser()', 'POST', 1, 'admin', '研发部门', '/system/role/authUser/cancel', '127.0.0.1', '内网IP', '{\"roleId\":[\"2\"],\"userId\":[\"107\"]}', '{\"msg\":\"操作成功\",\"code\":0}', 0, NULL, '2020-01-04 16:54:08');
INSERT INTO `sys_oper_log` VALUES (388, '角色管理', 4, 'com.ruoyi.project.system.role.controller.RoleController.selectAuthUserAll()', 'POST', 1, 'admin', '研发部门', '/system/role/authUser/selectAll', '127.0.0.1', '内网IP', '{\"roleId\":[\"2\"],\"userIds\":[\"107\"]}', '{\"msg\":\"操作成功\",\"code\":0}', 0, NULL, '2020-01-04 16:54:31');
INSERT INTO `sys_oper_log` VALUES (389, '角色管理', 2, 'com.ruoyi.project.system.role.controller.RoleController.editSave()', 'POST', 1, 'admin', '研发部门', '/system/role/edit', '127.0.0.1', '内网IP', '{\"roleId\":[\"2\"],\"roleName\":[\"会员\"],\"roleKey\":[\"common\"],\"roleSort\":[\"2\"],\"status\":[\"0\"],\"remark\":[\"普通角色\"],\"menuIds\":[\"2,108,500,1039,1041,1042,501,1043,1045,2012,2013,2014,2015,2016,2017,2018,2031,2032,2036,2053,2051,2044,2045,2048,2049,2057,2054,2025,2026,2030,2038,2039,2043\"]}', '{\"msg\":\"操作成功\",\"code\":0}', 0, NULL, '2020-01-04 16:56:11');
INSERT INTO `sys_oper_log` VALUES (390, '订单', 2, 'com.ruoyi.project.content.order.controller.OrderController.check()', 'POST', 1, 'admin2', '用户组', '/content/order/check', '127.0.0.1', '内网IP', '{\"id\":[\"40\"]}', '{\"msg\":\"操作失败\",\"code\":500}', 0, NULL, '2020-01-04 16:57:06');
INSERT INTO `sys_oper_log` VALUES (391, '菜单管理', 2, 'com.ruoyi.project.system.menu.controller.MenuController.editSave()', 'POST', 1, 'admin', '研发部门', '/system/menu/edit', '127.0.0.1', '内网IP', '{\"menuId\":[\"2057\"],\"parentId\":[\"2044\"],\"menuType\":[\"F\"],\"menuName\":[\"订单复议\"],\"url\":[\"#\"],\"target\":[\"menuItem\"],\"perms\":[\"content.order.recheck\"],\"orderNum\":[\"6\"],\"icon\":[\"#\"],\"visible\":[\"0\"]}', '{\"msg\":\"操作成功\",\"code\":0}', 0, NULL, '2020-01-04 16:58:12');
INSERT INTO `sys_oper_log` VALUES (392, '菜单管理', 2, 'com.ruoyi.project.system.menu.controller.MenuController.editSave()', 'POST', 1, 'admin', '研发部门', '/system/menu/edit', '127.0.0.1', '内网IP', '{\"menuId\":[\"2057\"],\"parentId\":[\"2044\"],\"menuType\":[\"F\"],\"menuName\":[\"订单复议\"],\"url\":[\"#\"],\"target\":[\"menuItem\"],\"perms\":[\"content:order:check\"],\"orderNum\":[\"6\"],\"icon\":[\"#\"],\"visible\":[\"0\"]}', '{\"msg\":\"操作成功\",\"code\":0}', 0, NULL, '2020-01-04 17:46:33');
INSERT INTO `sys_oper_log` VALUES (393, '角色管理', 2, 'com.ruoyi.project.system.role.controller.RoleController.editSave()', 'POST', 1, 'admin', '研发部门', '/system/role/edit', '127.0.0.1', '内网IP', '{\"roleId\":[\"2\"],\"roleName\":[\"会员\"],\"roleKey\":[\"common\"],\"roleSort\":[\"2\"],\"status\":[\"0\"],\"remark\":[\"普通角色\"],\"menuIds\":[\"2,108,500,1039,1041,1042,501,1043,1045,2012,2013,2014,2015,2016,2017,2018,2031,2032,2036,2053,2051,2044,2045,2049,2057,2054,2025,2026,2030,2038,2039,2043\"]}', '{\"msg\":\"操作成功\",\"code\":0}', 0, NULL, '2020-01-04 17:48:17');
INSERT INTO `sys_oper_log` VALUES (394, '订单', 2, 'com.ruoyi.project.content.order.controller.OrderController.check()', 'POST', 1, 'admin2', '用户组', '/content/order/check', '127.0.0.1', '内网IP', '{\"id\":[\"40\"]}', '{\"msg\":\"操作失败\",\"code\":500}', 0, NULL, '2020-01-04 17:48:48');
INSERT INTO `sys_oper_log` VALUES (395, '订单', 2, 'com.ruoyi.project.content.order.controller.OrderController.check()', 'POST', 1, 'admin2', '用户组', '/content/order/check', '127.0.0.1', '内网IP', '{\"id\":[\"39\"]}', 'null', 1, '', '2020-01-04 17:48:52');
INSERT INTO `sys_oper_log` VALUES (396, '订单', 2, 'com.ruoyi.project.content.order.controller.OrderController.check()', 'POST', 1, 'admin2', '用户组', '/content/order/check', '127.0.0.1', '内网IP', '{\"id\":[\"40\"]}', '{\"msg\":\"此订单无异议\",\"code\":301}', 0, NULL, '2020-01-04 17:50:53');
INSERT INTO `sys_oper_log` VALUES (397, '订单', 2, 'com.ruoyi.project.content.order.controller.OrderController.check()', 'POST', 1, 'admin2', '用户组', '/content/order/check', '127.0.0.1', '内网IP', '{\"id\":[\"40\"]}', '{\"msg\":\"此订单无异议\",\"code\":500}', 0, NULL, '2020-01-04 17:51:13');
INSERT INTO `sys_oper_log` VALUES (398, '订单', 2, 'com.ruoyi.project.content.order.controller.OrderController.check()', 'POST', 1, 'admin2', '用户组', '/content/order/check', '127.0.0.1', '内网IP', '{\"id\":[\"38\"]}', 'null', 1, '', '2020-01-04 17:51:52');
INSERT INTO `sys_oper_log` VALUES (399, '订单', 2, 'com.ruoyi.project.content.order.controller.OrderController.check()', 'POST', 1, 'admin2', '用户组', '/content/order/check', '127.0.0.1', '内网IP', '{\"id\":[\"41\"]}', '{\"msg\":\"复议成功！\",\"code\":0}', 0, NULL, '2020-01-04 17:53:45');
INSERT INTO `sys_oper_log` VALUES (400, '菜单管理', 1, 'com.ruoyi.project.system.menu.controller.MenuController.addSave()', 'POST', 1, 'admin', '研发部门', '/system/menu/add', '127.0.0.1', '内网IP', '{\"parentId\":[\"100\"],\"menuType\":[\"F\"],\"menuName\":[\"增加积分\"],\"url\":[\"\"],\"target\":[\"menuItem\"],\"perms\":[\"system:user:addpoint\"],\"orderNum\":[\"8\"],\"icon\":[\"\"],\"visible\":[\"0\"]}', '{\"msg\":\"操作成功\",\"code\":0}', 0, NULL, '2020-01-04 19:25:33');
INSERT INTO `sys_oper_log` VALUES (401, '菜单管理', 1, 'com.ruoyi.project.system.menu.controller.MenuController.addSave()', 'POST', 1, 'admin', '研发部门', '/system/menu/add', '127.0.0.1', '内网IP', '{\"parentId\":[\"100\"],\"menuType\":[\"F\"],\"menuName\":[\"发送消息\"],\"url\":[\"\"],\"target\":[\"menuItem\"],\"perms\":[\"system.user.sentmessage\"],\"orderNum\":[\"9\"],\"icon\":[\"\"],\"visible\":[\"0\"]}', '{\"msg\":\"操作成功\",\"code\":0}', 0, NULL, '2020-01-04 19:26:22');
INSERT INTO `sys_oper_log` VALUES (402, '增加积分', 2, 'com.ruoyi.project.system.user.controller.UserController.addPoint()', 'GET', 1, 'admin', '研发部门', '/system/user/addPoint/107', '127.0.0.1', '内网IP', '{}', '\"system/user/addPoints\"', 0, NULL, '2020-01-04 19:58:43');
INSERT INTO `sys_oper_log` VALUES (403, '增加积分', 2, 'com.ruoyi.project.system.user.controller.UserController.addPoint()', 'GET', 1, 'admin', '研发部门', '/system/user/addPoint/107', '127.0.0.1', '内网IP', '{}', '\"system/user/addPoints\"', 0, NULL, '2020-01-04 20:00:59');
INSERT INTO `sys_oper_log` VALUES (404, '增加积分', 2, 'com.ruoyi.project.system.user.controller.UserController.addPoint()', 'GET', 1, 'admin', '研发部门', '/system/user/addPoint/107', '127.0.0.1', '内网IP', '{}', '\"system/user/addPoints\"', 0, NULL, '2020-01-04 20:01:06');
INSERT INTO `sys_oper_log` VALUES (405, '增加积分', 2, 'com.ruoyi.project.system.user.controller.UserController.addPoint()', 'GET', 1, 'admin', '研发部门', '/system/user/addPoint/107', '127.0.0.1', '内网IP', '{}', '\"system/user/addPoints\"', 0, NULL, '2020-01-04 20:05:57');
INSERT INTO `sys_oper_log` VALUES (406, '增加积分', 2, 'com.ruoyi.project.system.user.controller.UserController.addPoint()', 'GET', 1, 'admin', '研发部门', '/system/user/addPoint/107', '127.0.0.1', '内网IP', '{}', '\"system/user/addPoints\"', 0, NULL, '2020-01-04 20:06:04');
INSERT INTO `sys_oper_log` VALUES (407, '增加积分', 2, 'com.ruoyi.project.system.user.controller.UserController.addPoint()', 'GET', 1, 'admin', '研发部门', '/system/user/addPoint/107', '127.0.0.1', '内网IP', '{}', '\"system/user/addPoints\"', 0, NULL, '2020-01-04 20:06:40');
INSERT INTO `sys_oper_log` VALUES (408, '增加积分', 2, 'com.ruoyi.project.system.user.controller.UserController.addPoint()', 'GET', 1, 'admin', '研发部门', '/system/user/addPoint/107', '127.0.0.1', '内网IP', '{}', '\"system/user/addPoints\"', 0, NULL, '2020-01-04 20:06:47');
INSERT INTO `sys_oper_log` VALUES (409, '增加积分', 2, 'com.ruoyi.project.system.user.controller.UserController.addPoint()', 'GET', 1, 'admin', '研发部门', '/system/user/addPoint/107', '127.0.0.1', '内网IP', '{\"points\":[\"1\"]}', '\"system/user/addPoints\"', 0, NULL, '2020-01-04 20:06:57');
INSERT INTO `sys_oper_log` VALUES (410, '增加积分', 2, 'com.ruoyi.project.system.user.controller.UserController.addPoint()', 'GET', 1, 'admin', '研发部门', '/system/user/addPoint/107', '127.0.0.1', '内网IP', '{}', '\"system/user/addPoints\"', 0, NULL, '2020-01-04 20:07:48');
INSERT INTO `sys_oper_log` VALUES (411, '增加积分', 2, 'com.ruoyi.project.system.user.controller.UserController.addPoint()', 'GET', 1, 'admin', '研发部门', '/system/user/addPoint/107', '127.0.0.1', '内网IP', '{}', '\"system/user/addPoints\"', 0, NULL, '2020-01-04 20:08:50');
INSERT INTO `sys_oper_log` VALUES (412, '增加积分', 2, 'com.ruoyi.project.system.user.controller.UserController.addPoint()', 'GET', 1, 'admin', '研发部门', '/system/user/addPoint/107', '127.0.0.1', '内网IP', '{}', '\"system/user/addPoints\"', 0, NULL, '2020-01-04 20:09:28');
INSERT INTO `sys_oper_log` VALUES (413, '增加积分', 2, 'com.ruoyi.project.system.user.controller.UserController.addPoint()', 'GET', 1, 'admin', '研发部门', '/system/user/addPoint/107', '127.0.0.1', '内网IP', '{}', '\"system/user/addPoints\"', 0, NULL, '2020-01-04 20:09:48');
INSERT INTO `sys_oper_log` VALUES (414, '增加积分', 2, 'com.ruoyi.project.system.user.controller.UserController.addPoint()', 'GET', 1, 'admin', '研发部门', '/system/user/addPoint/107', '127.0.0.1', '内网IP', '{}', '\"system/user/addPoints\"', 0, NULL, '2020-01-04 20:10:34');
INSERT INTO `sys_oper_log` VALUES (415, '增加积分', 2, 'com.ruoyi.project.system.user.controller.UserController.addPoint()', 'GET', 1, 'admin', '研发部门', '/system/user/addPoint/107', '127.0.0.1', '内网IP', '{}', '\"system/user/addPoints\"', 0, NULL, '2020-01-04 20:11:15');
INSERT INTO `sys_oper_log` VALUES (416, '增加积分', 2, 'com.ruoyi.project.system.user.controller.UserController.addPoint()', 'GET', 1, 'admin', '研发部门', '/system/user/addPoint/107', '127.0.0.1', '内网IP', '{}', '\"system/user/addPoints\"', 0, NULL, '2020-01-04 20:12:04');
INSERT INTO `sys_oper_log` VALUES (417, '增加积分', 2, 'com.ruoyi.project.system.user.controller.UserController.addPoint()', 'GET', 1, 'admin', '研发部门', '/system/user/addPoint/107', '127.0.0.1', '内网IP', '{\"points\":[\"1\"]}', '\"system/user/addPoints\"', 0, NULL, '2020-01-04 20:12:08');
INSERT INTO `sys_oper_log` VALUES (418, '增加积分', 2, 'com.ruoyi.project.system.user.controller.UserController.addPoint()', 'GET', 1, 'admin', '研发部门', '/system/user/addPoint/107', '127.0.0.1', '内网IP', '{\"points\":[\"1\"]}', '\"system/user/addPoints\"', 0, NULL, '2020-01-04 20:12:22');
INSERT INTO `sys_oper_log` VALUES (419, '增加积分', 2, 'com.ruoyi.project.system.user.controller.UserController.addPoint()', 'GET', 1, 'admin', '研发部门', '/system/user/addPoint/107', '127.0.0.1', '内网IP', '{}', '\"system/user/addPoints\"', 0, NULL, '2020-01-04 20:13:33');
INSERT INTO `sys_oper_log` VALUES (420, '增加积分', 2, 'com.ruoyi.project.system.user.controller.UserController.addPoint()', 'GET', 1, 'admin', '研发部门', '/system/user/addPoint/107', '127.0.0.1', '内网IP', '{}', '\"system/user/addPoints\"', 0, NULL, '2020-01-04 20:22:39');
INSERT INTO `sys_oper_log` VALUES (421, '增加积分', 2, 'com.ruoyi.project.system.user.controller.UserController.addPointSave()', 'POST', 1, 'admin', '研发部门', '/system/user/addPoint', '127.0.0.1', '内网IP', '{\"userId\":[\"107\"],\"point\":[\"1\"]}', '{\"msg\":\"增加成功！\",\"code\":0}', 0, NULL, '2020-01-04 20:22:48');
INSERT INTO `sys_oper_log` VALUES (422, '增加积分', 2, 'com.ruoyi.project.system.user.controller.UserController.addPoint()', 'GET', 1, 'admin', '研发部门', '/system/user/addPoint/107', '127.0.0.1', '内网IP', '{}', '\"system/user/addPoints\"', 0, NULL, '2020-01-04 20:23:45');
INSERT INTO `sys_oper_log` VALUES (423, '增加积分', 2, 'com.ruoyi.project.system.user.controller.UserController.addPointSave()', 'POST', 1, 'admin', '研发部门', '/system/user/addPoints', '127.0.0.1', '内网IP', '{\"userId\":[\"107\"],\"point\":[\"1\"]}', '{\"msg\":\"增加成功！\",\"code\":0}', 0, NULL, '2020-01-04 20:23:55');
INSERT INTO `sys_oper_log` VALUES (424, '增加积分', 2, 'com.ruoyi.project.system.user.controller.UserController.addPoint()', 'GET', 1, 'admin', '研发部门', '/system/user/addPoint/107', '127.0.0.1', '内网IP', '{}', '\"system/user/addPoints\"', 0, NULL, '2020-01-04 20:24:57');
INSERT INTO `sys_oper_log` VALUES (425, '增加积分', 2, 'com.ruoyi.project.system.user.controller.UserController.addPointSave()', 'POST', 1, 'admin', '研发部门', '/system/user/addPoints', '127.0.0.1', '内网IP', '{\"userId\":[\"107\"],\"point\":[\"1\"]}', '{\"msg\":\"操作成功\",\"code\":0}', 0, NULL, '2020-01-04 20:25:00');
INSERT INTO `sys_oper_log` VALUES (426, '增加积分', 2, 'com.ruoyi.project.system.user.controller.UserController.addPointSave()', 'POST', 1, 'admin', '研发部门', '/system/user/addPoints', '127.0.0.1', '内网IP', '{\"userId\":[\"107\"],\"point\":[\"1\"]}', '{\"msg\":\"操作成功\",\"code\":0}', 0, NULL, '2020-01-04 20:25:35');
INSERT INTO `sys_oper_log` VALUES (427, '增加积分', 2, 'com.ruoyi.project.system.user.controller.UserController.addPointSave()', 'POST', 1, 'admin', '研发部门', '/system/user/addPoints', '127.0.0.1', '内网IP', '{\"userId\":[\"107\"],\"point\":[\"1\"]}', '{\"msg\":\"操作成功\",\"code\":0}', 0, NULL, '2020-01-04 20:25:47');
INSERT INTO `sys_oper_log` VALUES (428, '增加积分', 2, 'com.ruoyi.project.system.user.controller.UserController.addPoint()', 'GET', 1, 'admin', '研发部门', '/system/user/addPoint/107', '127.0.0.1', '内网IP', '{}', '\"system/user/addPoints\"', 0, NULL, '2020-01-04 20:26:36');
INSERT INTO `sys_oper_log` VALUES (429, '增加积分', 2, 'com.ruoyi.project.system.user.controller.UserController.addPointSave()', 'POST', 1, 'admin', '研发部门', '/system/user/addPoints', '127.0.0.1', '内网IP', '{\"userId\":[\"107\"],\"point\":[\"10\"]}', '{\"msg\":\"操作成功\",\"code\":0}', 0, NULL, '2020-01-04 20:26:41');
INSERT INTO `sys_oper_log` VALUES (430, '发送消息', 1, 'com.ruoyi.project.system.user.controller.UserController.sentMessage()', 'GET', 1, 'admin', '研发部门', '/system/user/sentMessage/107', '127.0.0.1', '内网IP', '{}', '\"system/user/sentMessage\"', 0, NULL, '2020-01-04 20:32:39');
INSERT INTO `sys_oper_log` VALUES (431, '发送消息', 1, 'com.ruoyi.project.system.user.controller.UserController.sentMessage()', 'POST', 1, 'admin', '研发部门', '/system/user/sentMessage', '127.0.0.1', '内网IP', '{\"userId\":[\"107\"],\"content\":[\"你妹的\"]}', '{\"msg\":\"操作成功\",\"code\":0}', 0, NULL, '2020-01-04 20:32:45');
INSERT INTO `sys_oper_log` VALUES (432, '角色管理', 4, 'com.ruoyi.project.system.role.controller.RoleController.selectAuthUserAll()', 'POST', 1, 'admin', '研发部门', '/system/role/authUser/selectAll', '127.0.0.1', '内网IP', '{\"roleId\":[\"2\"],\"userIds\":[\"107\"]}', '{\"msg\":\"操作成功\",\"code\":0}', 0, NULL, '2020-01-04 20:33:33');
INSERT INTO `sys_oper_log` VALUES (433, '增加积分', 2, 'com.ruoyi.project.system.user.controller.UserController.addPoint()', 'GET', 1, 'admin', '研发部门', '/system/user/addPoint/107', '127.0.0.1', '内网IP', '{}', '\"system/user/addPoints\"', 0, NULL, '2020-01-04 20:33:51');
INSERT INTO `sys_oper_log` VALUES (434, '增加积分', 2, 'com.ruoyi.project.system.user.controller.UserController.addPointSave()', 'POST', 1, 'admin', '研发部门', '/system/user/addPoints', '127.0.0.1', '内网IP', '{\"userId\":[\"107\"],\"point\":[\"1\"]}', '{\"msg\":\"操作成功\",\"code\":0}', 0, NULL, '2020-01-04 20:33:56');
INSERT INTO `sys_oper_log` VALUES (435, '角色管理', 4, 'com.ruoyi.project.system.role.controller.RoleController.selectAuthUserAll()', 'POST', 1, 'admin', '研发部门', '/system/role/authUser/selectAll', '127.0.0.1', '内网IP', '{\"roleId\":[\"2\"],\"userIds\":[\"107\"]}', '{\"msg\":\"操作成功\",\"code\":0}', 0, NULL, '2020-01-04 20:35:31');
INSERT INTO `sys_oper_log` VALUES (436, '增加积分', 2, 'com.ruoyi.project.system.user.controller.UserController.addPoint()', 'GET', 1, 'admin', '研发部门', '/system/user/addPoint/107', '127.0.0.1', '内网IP', '{}', '\"system/user/addPoints\"', 0, NULL, '2020-01-04 20:35:35');
INSERT INTO `sys_oper_log` VALUES (437, '增加积分', 2, 'com.ruoyi.project.system.user.controller.UserController.addPointSave()', 'POST', 1, 'admin', '研发部门', '/system/user/addPoints', '127.0.0.1', '内网IP', '{\"userId\":[\"107\"],\"point\":[\"1111\"]}', '{\"msg\":\"操作成功\",\"code\":0}', 0, NULL, '2020-01-04 20:35:39');
INSERT INTO `sys_oper_log` VALUES (438, '用户管理', 2, 'com.ruoyi.project.system.user.controller.UserController.editSave()', 'POST', 1, 'admin', '研发部门', '/system/user/edit', '127.0.0.1', '内网IP', '{\"userId\":[\"107\"],\"deptId\":[\"105\"],\"userName\":[\"注册用户_1577761854476\"],\"dept.deptName\":[\"用户组\"],\"phonenumber\":[\"15777618544\"],\"email\":[\"admin@qqzsh.top111\"],\"loginName\":[\"admin2\"],\"sex\":[\"0\"],\"role\":[\"2\"],\"vipTime\":[\"2020-02-03 14:40:05\"],\"remark\":[\"\"],\"status\":[\"0\"],\"roleIds\":[\"2\"],\"postIds\":[\"\"]}', '{\"msg\":\"操作成功\",\"code\":0}', 0, NULL, '2020-01-04 20:36:06');
INSERT INTO `sys_oper_log` VALUES (439, '用户管理', 2, 'com.ruoyi.project.system.user.controller.UserController.editSave()', 'POST', 1, 'admin', '研发部门', '/system/user/edit', '127.0.0.1', '内网IP', '{\"userId\":[\"107\"],\"deptId\":[\"105\"],\"userName\":[\"注册用户_1577761854476\"],\"dept.deptName\":[\"用户组\"],\"phonenumber\":[\"15777618544\"],\"email\":[\"admin@qqzsh.top111\"],\"loginName\":[\"admin2\"],\"sex\":[\"0\"],\"role\":[\"2\"],\"vipTime\":[\"2020-02-03 14:40:05\"],\"remark\":[\"\"],\"status\":[\"0\"],\"roleIds\":[\"2\"],\"postIds\":[\"\"]}', '{\"msg\":\"操作成功\",\"code\":0}', 0, NULL, '2020-01-04 20:36:11');
INSERT INTO `sys_oper_log` VALUES (440, '重置密码', 2, 'com.ruoyi.project.system.user.controller.UserController.resetPwd()', 'GET', 1, 'admin', '研发部门', '/system/user/resetPwd/107', '127.0.0.1', '内网IP', '{}', '\"system/user/resetPwd\"', 0, NULL, '2020-01-04 20:36:36');
INSERT INTO `sys_oper_log` VALUES (441, '重置密码', 2, 'com.ruoyi.project.system.user.controller.UserController.resetPwdSave()', 'POST', 1, 'admin', '研发部门', '/system/user/resetPwd', '127.0.0.1', '内网IP', '{\"userId\":[\"107\"],\"loginName\":[\"admin2\"],\"password\":[\"123456\"]}', '{\"msg\":\"操作成功\",\"code\":0}', 0, NULL, '2020-01-04 20:36:38');
INSERT INTO `sys_oper_log` VALUES (442, '增加积分', 2, 'com.ruoyi.project.system.user.controller.UserController.addPoint()', 'GET', 1, 'admin', '研发部门', '/system/user/addPoint/107', '127.0.0.1', '内网IP', '{}', '\"system/user/addPoints\"', 0, NULL, '2020-01-04 20:38:03');
INSERT INTO `sys_oper_log` VALUES (443, '增加积分', 2, 'com.ruoyi.project.system.user.controller.UserController.addPointSave()', 'POST', 1, 'admin', '研发部门', '/system/user/addPoints', '127.0.0.1', '内网IP', '{\"userId\":[\"107\"],\"point\":[\"1\"]}', '{\"msg\":\"操作成功\",\"code\":0}', 0, NULL, '2020-01-04 20:38:06');
INSERT INTO `sys_oper_log` VALUES (444, '参数管理', 1, 'com.ruoyi.project.system.config.controller.ConfigController.addSave()', 'POST', 1, 'admin', '研发部门', '/system/config/add', '127.0.0.1', '内网IP', '{\"configName\":[\"网站名称\"],\"configKey\":[\"site.name\"],\"configValue\":[\"校园学习资源共享云平台\"],\"configType\":[\"Y\"],\"remark\":[\"\"]}', '{\"msg\":\"操作成功\",\"code\":0}', 0, NULL, '2020-01-04 20:39:19');
INSERT INTO `sys_oper_log` VALUES (445, '参数管理', 1, 'com.ruoyi.project.system.config.controller.ConfigController.addSave()', 'POST', 1, 'admin', '研发部门', '/system/config/add', '127.0.0.1', '内网IP', '{\"configName\":[\"网站地址\"],\"configKey\":[\"site.url\"],\"configValue\":[\"https://www.qqsh.top:9999\"],\"configType\":[\"Y\"],\"remark\":[\"\"]}', '{\"msg\":\"操作成功\",\"code\":0}', 0, NULL, '2020-01-04 20:39:49');
INSERT INTO `sys_oper_log` VALUES (446, '菜单管理', 1, 'com.ruoyi.project.system.menu.controller.MenuController.addSave()', 'POST', 1, 'admin', '研发部门', '/system/menu/add', '127.0.0.1', '内网IP', '{\"parentId\":[\"1\"],\"menuType\":[\"F\"],\"menuName\":[\"清除今日签到信息\"],\"url\":[\"\"],\"target\":[\"menuItem\"],\"perms\":[\"system.user.removeSign\"],\"orderNum\":[\"4\"],\"icon\":[\"\"],\"visible\":[\"0\"]}', '{\"msg\":\"操作成功\",\"code\":0}', 0, NULL, '2020-01-04 20:46:45');
INSERT INTO `sys_oper_log` VALUES (447, '菜单管理', 2, 'com.ruoyi.project.system.menu.controller.MenuController.editSave()', 'POST', 1, 'admin', '研发部门', '/system/menu/edit', '127.0.0.1', '内网IP', '{\"menuId\":[\"2060\"],\"parentId\":[\"1\"],\"menuType\":[\"C\"],\"menuName\":[\"清除今日签到信息\"],\"url\":[\"/system/user/removeSign\"],\"target\":[\"menuItem\"],\"perms\":[\"system:user:removeSign\"],\"orderNum\":[\"4\"],\"icon\":[\"#\"],\"visible\":[\"0\"]}', '{\"msg\":\"操作成功\",\"code\":0}', 0, NULL, '2020-01-04 20:47:32');
INSERT INTO `sys_oper_log` VALUES (448, '菜单管理', 2, 'com.ruoyi.project.system.menu.controller.MenuController.editSave()', 'POST', 1, 'admin', '研发部门', '/system/menu/edit', '127.0.0.1', '内网IP', '{\"menuId\":[\"2060\"],\"parentId\":[\"1\"],\"menuType\":[\"C\"],\"menuName\":[\"清除今日签到信息\"],\"url\":[\"/removeSign\"],\"target\":[\"menuItem\"],\"perms\":[\"system:user:removeSign\"],\"orderNum\":[\"4\"],\"icon\":[\"#\"],\"visible\":[\"0\"]}', '{\"msg\":\"操作成功\",\"code\":0}', 0, NULL, '2020-01-04 20:54:23');
INSERT INTO `sys_oper_log` VALUES (449, '定时任务', 1, 'com.ruoyi.project.monitor.job.controller.JobController.addSave()', 'POST', 1, 'admin', '研发部门', '/monitor/job/add', '127.0.0.1', '内网IP', '{\"jobName\":[\"清除今日签到信息\"],\"jobGroup\":[\"DEFAULT\"],\"invokeTarget\":[\"RemoveSign.ryNoParams()\"],\"cronExpression\":[\"0 0 0 * * ?\"],\"misfirePolicy\":[\"1\"],\"concurrent\":[\"1\"],\"status\":[\"0\"],\"remark\":[\"\"]}', '{\"msg\":\"操作成功\",\"code\":0}', 0, NULL, '2020-01-04 21:04:17');
INSERT INTO `sys_oper_log` VALUES (450, '定时任务', 2, 'com.ruoyi.project.monitor.job.controller.JobController.changeStatus()', 'POST', 1, 'admin', '研发部门', '/monitor/job/changeStatus', '127.0.0.1', '内网IP', '{\"jobId\":[\"100\"],\"jobGroup\":[\"DEFAULT\"],\"status\":[\"0\"]}', '{\"msg\":\"操作成功\",\"code\":0}', 0, NULL, '2020-01-04 21:04:22');
INSERT INTO `sys_oper_log` VALUES (451, '定时任务', 2, 'com.ruoyi.project.monitor.job.controller.JobController.run()', 'POST', 1, 'admin', '研发部门', '/monitor/job/run', '127.0.0.1', '内网IP', '{\"jobId\":[\"100\"],\"jobGroup\":[\"DEFAULT\"]}', '{\"msg\":\"操作成功\",\"code\":0}', 0, NULL, '2020-01-04 21:04:25');
INSERT INTO `sys_oper_log` VALUES (452, '定时任务', 2, 'com.ruoyi.project.monitor.job.controller.JobController.run()', 'POST', 1, 'admin', '研发部门', '/monitor/job/run', '127.0.0.1', '内网IP', '{\"jobId\":[\"100\"],\"jobGroup\":[\"DEFAULT\"]}', '{\"msg\":\"操作成功\",\"code\":0}', 0, NULL, '2020-01-04 21:05:01');
INSERT INTO `sys_oper_log` VALUES (453, '订单', 2, 'com.ruoyi.project.content.order.controller.OrderController.check()', 'POST', 1, 'admin2', '用户组', '/content/order/check', '127.0.0.1', '内网IP', '{\"id\":[\"45\"]}', '{\"msg\":\"此订单无异议\",\"code\":500}', 0, NULL, '2020-01-04 21:42:53');
INSERT INTO `sys_oper_log` VALUES (454, '参数管理', 1, 'qqzsh.top.preparation.project.system.config.controller.ConfigController.addSave()', 'POST', 1, 'admin', '研发部门', '/system/config/add', '127.0.0.1', '内网IP', '{\"configName\":[\"网站备案\"],\"configKey\":[\"site.record\"],\"configValue\":[\"豫ICP备19005951号\"],\"configType\":[\"Y\"],\"remark\":[\"\"]}', '{\"msg\":\"操作成功\",\"code\":0}', 0, NULL, '2020-01-04 22:24:34');

-- ----------------------------
-- Table structure for sys_order
-- ----------------------------
DROP TABLE IF EXISTS `sys_order`;
CREATE TABLE `sys_order`  (
  `id` bigint(20) NOT NULL AUTO_INCREMENT COMMENT '订单ID',
  `create_time` datetime(0) NULL DEFAULT NULL COMMENT '创建时间',
  `detail` varchar(255) CHARACTER SET utf8mb4 COLLATE utf8mb4_general_ci NULL DEFAULT NULL COMMENT '细节',
  `money` double NULL DEFAULT NULL COMMENT '金额',
  `status` varchar(255) CHARACTER SET utf8mb4 COLLATE utf8mb4_general_ci NULL DEFAULT NULL COMMENT '状态',
  `type` varchar(255) CHARACTER SET utf8mb4 COLLATE utf8mb4_general_ci NULL DEFAULT NULL COMMENT '付款方式',
  `user_id` bigint(20) NULL DEFAULT NULL COMMENT '用户ID',
  `ali_no` varchar(255) CHARACTER SET utf8mb4 COLLATE utf8mb4_general_ci NULL DEFAULT NULL COMMENT '支付宝商品订单号',
  `order_no` varchar(255) CHARACTER SET utf8mb4 COLLATE utf8mb4_general_ci NULL DEFAULT NULL COMMENT '支付宝付款订单号',
  PRIMARY KEY (`id`) USING BTREE
) ENGINE = InnoDB AUTO_INCREMENT = 46 CHARACTER SET = utf8mb4 COLLATE = utf8mb4_general_ci COMMENT = '订单' ROW_FORMAT = Dynamic;

-- ----------------------------
-- Records of sys_order
-- ----------------------------
INSERT INTO `sys_order` VALUES (38, '2020-01-02 16:31:59', '购买VIP;一个月-10元', 10, '已支付', '支付宝', 107, '2020010222001485601000084576', '2020-01-02');
INSERT INTO `sys_order` VALUES (39, '2020-01-02 16:53:49', '购买VIP;一个月-10元', 10, '已支付', '支付宝', 107, '2020010222001485601000084576', '2020-01-02');
INSERT INTO `sys_order` VALUES (40, '2020-01-03 17:55:30', '购买VIP;一个月-10元', 10, '已支付', '支付宝', 107, '2020010322001485601000086163', '20200103055529801');
INSERT INTO `sys_order` VALUES (41, '2020-01-04 17:53:00', '购买VIP;一个月-10元', 10, '已支付', '支付宝', 107, '2020010422001485601000087762', '20200104055259504');
INSERT INTO `sys_order` VALUES (42, '2020-01-04 21:24:50', '购买VIP;一个月-10元', 10, '未支付', '支付宝', 107, NULL, '20200104092450185');
INSERT INTO `sys_order` VALUES (43, '2020-01-04 21:36:21', '购买VIP;一个月-10元', 10, '未支付', '支付宝', 107, NULL, '20200104093621410');
INSERT INTO `sys_order` VALUES (44, '2020-01-04 21:39:26', '购买VIP;一个月-10元', 10, '未支付', '支付宝', 107, NULL, '20200104093926001');
INSERT INTO `sys_order` VALUES (45, '2020-01-04 21:42:35', '购买VIP;一个月-10元', 10, '未支付', '支付宝', 107, NULL, '20200104094235439');

-- ----------------------------
-- Table structure for sys_post
-- ----------------------------
DROP TABLE IF EXISTS `sys_post`;
CREATE TABLE `sys_post`  (
  `post_id` bigint(20) NOT NULL AUTO_INCREMENT COMMENT '岗位ID',
  `post_code` varchar(64) CHARACTER SET utf8mb4 COLLATE utf8mb4_0900_ai_ci NOT NULL COMMENT '岗位编码',
  `post_name` varchar(50) CHARACTER SET utf8mb4 COLLATE utf8mb4_0900_ai_ci NOT NULL COMMENT '岗位名称',
  `post_sort` int(4) NOT NULL COMMENT '显示顺序',
  `status` char(1) CHARACTER SET utf8mb4 COLLATE utf8mb4_0900_ai_ci NOT NULL COMMENT '状态（0正常 1停用）',
  `create_by` varchar(64) CHARACTER SET utf8mb4 COLLATE utf8mb4_0900_ai_ci NULL DEFAULT '' COMMENT '创建者',
  `create_time` datetime(0) NULL DEFAULT NULL COMMENT '创建时间',
  `update_by` varchar(64) CHARACTER SET utf8mb4 COLLATE utf8mb4_0900_ai_ci NULL DEFAULT '' COMMENT '更新者',
  `update_time` datetime(0) NULL DEFAULT NULL COMMENT '更新时间',
  `remark` varchar(500) CHARACTER SET utf8mb4 COLLATE utf8mb4_0900_ai_ci NULL DEFAULT NULL COMMENT '备注',
  PRIMARY KEY (`post_id`) USING BTREE
) ENGINE = InnoDB AUTO_INCREMENT = 5 CHARACTER SET = utf8mb4 COLLATE = utf8mb4_0900_ai_ci COMMENT = '岗位信息表' ROW_FORMAT = Dynamic;

-- ----------------------------
-- Records of sys_post
-- ----------------------------
INSERT INTO `sys_post` VALUES (1, 'ceo', '董事长', 1, '0', 'admin', '2018-03-16 11:33:00', 'ry', '2018-03-16 11:33:00', '');
INSERT INTO `sys_post` VALUES (2, 'se', '项目经理', 2, '0', 'admin', '2018-03-16 11:33:00', 'ry', '2018-03-16 11:33:00', '');
INSERT INTO `sys_post` VALUES (3, 'hr', '人力资源', 3, '0', 'admin', '2018-03-16 11:33:00', 'ry', '2018-03-16 11:33:00', '');
INSERT INTO `sys_post` VALUES (4, 'user', '普通员工', 4, '0', 'admin', '2018-03-16 11:33:00', 'ry', '2018-03-16 11:33:00', '');

-- ----------------------------
-- Table structure for sys_role
-- ----------------------------
DROP TABLE IF EXISTS `sys_role`;
CREATE TABLE `sys_role`  (
  `role_id` bigint(20) NOT NULL AUTO_INCREMENT COMMENT '角色ID',
  `role_name` varchar(30) CHARACTER SET utf8mb4 COLLATE utf8mb4_0900_ai_ci NOT NULL COMMENT '角色名称',
  `role_key` varchar(100) CHARACTER SET utf8mb4 COLLATE utf8mb4_0900_ai_ci NOT NULL COMMENT '角色权限字符串',
  `role_sort` int(4) NOT NULL COMMENT '显示顺序',
  `data_scope` char(1) CHARACTER SET utf8mb4 COLLATE utf8mb4_0900_ai_ci NULL DEFAULT '1' COMMENT '数据范围（1：全部数据权限 2：自定数据权限 3：本部门数据权限 4：本部门及以下数据权限）',
  `status` char(1) CHARACTER SET utf8mb4 COLLATE utf8mb4_0900_ai_ci NOT NULL COMMENT '角色状态（0正常 1停用）',
  `del_flag` char(1) CHARACTER SET utf8mb4 COLLATE utf8mb4_0900_ai_ci NULL DEFAULT '0' COMMENT '删除标志（0代表存在 2代表删除）',
  `create_by` varchar(64) CHARACTER SET utf8mb4 COLLATE utf8mb4_0900_ai_ci NULL DEFAULT '' COMMENT '创建者',
  `create_time` datetime(0) NULL DEFAULT NULL COMMENT '创建时间',
  `update_by` varchar(64) CHARACTER SET utf8mb4 COLLATE utf8mb4_0900_ai_ci NULL DEFAULT '' COMMENT '更新者',
  `update_time` datetime(0) NULL DEFAULT NULL COMMENT '更新时间',
  `remark` varchar(500) CHARACTER SET utf8mb4 COLLATE utf8mb4_0900_ai_ci NULL DEFAULT NULL COMMENT '备注',
  PRIMARY KEY (`role_id`) USING BTREE
) ENGINE = InnoDB AUTO_INCREMENT = 100 CHARACTER SET = utf8mb4 COLLATE = utf8mb4_0900_ai_ci COMMENT = '角色信息表' ROW_FORMAT = Dynamic;

-- ----------------------------
-- Records of sys_role
-- ----------------------------
INSERT INTO `sys_role` VALUES (1, '管理员', 'admin', 1, '1', '0', '0', 'admin', '2018-03-16 11:33:00', 'ry', '2018-03-16 11:33:00', '管理员');
INSERT INTO `sys_role` VALUES (2, '会员', 'common', 2, '2', '0', '0', 'admin', '2018-03-16 11:33:00', 'admin', '2020-01-04 17:48:17', '普通角色');

-- ----------------------------
-- Table structure for sys_role_dept
-- ----------------------------
DROP TABLE IF EXISTS `sys_role_dept`;
CREATE TABLE `sys_role_dept`  (
  `role_id` bigint(20) NOT NULL COMMENT '角色ID',
  `dept_id` bigint(20) NOT NULL COMMENT '部门ID',
  PRIMARY KEY (`role_id`, `dept_id`) USING BTREE
) ENGINE = InnoDB CHARACTER SET = utf8mb4 COLLATE = utf8mb4_0900_ai_ci COMMENT = '角色和部门关联表' ROW_FORMAT = Dynamic;

-- ----------------------------
-- Records of sys_role_dept
-- ----------------------------
INSERT INTO `sys_role_dept` VALUES (2, 100);
INSERT INTO `sys_role_dept` VALUES (2, 105);

-- ----------------------------
-- Table structure for sys_role_menu
-- ----------------------------
DROP TABLE IF EXISTS `sys_role_menu`;
CREATE TABLE `sys_role_menu`  (
  `role_id` bigint(20) NOT NULL COMMENT '角色ID',
  `menu_id` bigint(20) NOT NULL COMMENT '菜单ID',
  PRIMARY KEY (`role_id`, `menu_id`) USING BTREE
) ENGINE = InnoDB CHARACTER SET = utf8mb4 COLLATE = utf8mb4_0900_ai_ci COMMENT = '角色和菜单关联表' ROW_FORMAT = Dynamic;

-- ----------------------------
-- Records of sys_role_menu
-- ----------------------------
INSERT INTO `sys_role_menu` VALUES (2, 2);
INSERT INTO `sys_role_menu` VALUES (2, 108);
INSERT INTO `sys_role_menu` VALUES (2, 500);
INSERT INTO `sys_role_menu` VALUES (2, 501);
INSERT INTO `sys_role_menu` VALUES (2, 1039);
INSERT INTO `sys_role_menu` VALUES (2, 1041);
INSERT INTO `sys_role_menu` VALUES (2, 1042);
INSERT INTO `sys_role_menu` VALUES (2, 1043);
INSERT INTO `sys_role_menu` VALUES (2, 1045);
INSERT INTO `sys_role_menu` VALUES (2, 2012);
INSERT INTO `sys_role_menu` VALUES (2, 2013);
INSERT INTO `sys_role_menu` VALUES (2, 2014);
INSERT INTO `sys_role_menu` VALUES (2, 2015);
INSERT INTO `sys_role_menu` VALUES (2, 2016);
INSERT INTO `sys_role_menu` VALUES (2, 2017);
INSERT INTO `sys_role_menu` VALUES (2, 2018);
INSERT INTO `sys_role_menu` VALUES (2, 2025);
INSERT INTO `sys_role_menu` VALUES (2, 2026);
INSERT INTO `sys_role_menu` VALUES (2, 2030);
INSERT INTO `sys_role_menu` VALUES (2, 2031);
INSERT INTO `sys_role_menu` VALUES (2, 2032);
INSERT INTO `sys_role_menu` VALUES (2, 2036);
INSERT INTO `sys_role_menu` VALUES (2, 2038);
INSERT INTO `sys_role_menu` VALUES (2, 2039);
INSERT INTO `sys_role_menu` VALUES (2, 2043);
INSERT INTO `sys_role_menu` VALUES (2, 2044);
INSERT INTO `sys_role_menu` VALUES (2, 2045);
INSERT INTO `sys_role_menu` VALUES (2, 2049);
INSERT INTO `sys_role_menu` VALUES (2, 2051);
INSERT INTO `sys_role_menu` VALUES (2, 2053);
INSERT INTO `sys_role_menu` VALUES (2, 2054);
INSERT INTO `sys_role_menu` VALUES (2, 2057);

-- ----------------------------
-- Table structure for sys_user
-- ----------------------------
DROP TABLE IF EXISTS `sys_user`;
CREATE TABLE `sys_user`  (
  `user_id` bigint(20) NOT NULL AUTO_INCREMENT COMMENT '用户ID',
  `dept_id` bigint(20) NULL DEFAULT NULL COMMENT '部门ID',
  `login_name` varchar(30) CHARACTER SET utf8mb4 COLLATE utf8mb4_0900_ai_ci NOT NULL COMMENT '登录账号',
  `user_name` varchar(30) CHARACTER SET utf8mb4 COLLATE utf8mb4_0900_ai_ci NOT NULL COMMENT '用户昵称',
  `user_type` varchar(2) CHARACTER SET utf8mb4 COLLATE utf8mb4_0900_ai_ci NULL DEFAULT '00' COMMENT '用户类型（00系统用户）',
  `email` varchar(50) CHARACTER SET utf8mb4 COLLATE utf8mb4_0900_ai_ci NULL DEFAULT '' COMMENT '用户邮箱',
  `phonenumber` varchar(11) CHARACTER SET utf8mb4 COLLATE utf8mb4_0900_ai_ci NULL DEFAULT '' COMMENT '手机号码',
  `sex` char(1) CHARACTER SET utf8mb4 COLLATE utf8mb4_0900_ai_ci NULL DEFAULT '0' COMMENT '用户性别（0男 1女 2未知）',
  `avatar` varchar(100) CHARACTER SET utf8mb4 COLLATE utf8mb4_0900_ai_ci NULL DEFAULT '' COMMENT '头像路径',
  `password` varchar(50) CHARACTER SET utf8mb4 COLLATE utf8mb4_0900_ai_ci NULL DEFAULT '' COMMENT '密码',
  `salt` varchar(20) CHARACTER SET utf8mb4 COLLATE utf8mb4_0900_ai_ci NULL DEFAULT '' COMMENT '盐加密',
  `status` char(1) CHARACTER SET utf8mb4 COLLATE utf8mb4_0900_ai_ci NULL DEFAULT '0' COMMENT '帐号状态（0正常 1停用）',
  `del_flag` char(1) CHARACTER SET utf8mb4 COLLATE utf8mb4_0900_ai_ci NULL DEFAULT '0' COMMENT '删除标志（0代表存在 2代表删除）',
  `login_ip` varchar(50) CHARACTER SET utf8mb4 COLLATE utf8mb4_0900_ai_ci NULL DEFAULT '' COMMENT '最后登陆IP',
  `login_date` datetime(0) NULL DEFAULT NULL COMMENT '最后登陆时间',
  `create_by` varchar(64) CHARACTER SET utf8mb4 COLLATE utf8mb4_0900_ai_ci NULL DEFAULT '' COMMENT '创建者',
  `create_time` datetime(0) NULL DEFAULT NULL COMMENT '创建时间',
  `update_by` varchar(64) CHARACTER SET utf8mb4 COLLATE utf8mb4_0900_ai_ci NULL DEFAULT '' COMMENT '更新者',
  `update_time` datetime(0) NULL DEFAULT NULL COMMENT '更新时间',
  `remark` varchar(500) CHARACTER SET utf8mb4 COLLATE utf8mb4_0900_ai_ci NULL DEFAULT NULL COMMENT '备注',
  `vip_time` datetime(0) NULL DEFAULT NULL COMMENT 'VIP到期时间',
  `point` int(11) NULL DEFAULT NULL COMMENT '积分',
  `sign` bit(1) NULL DEFAULT NULL COMMENT '是否签到',
  `sign_sort` int(11) NULL DEFAULT NULL COMMENT '签到排序',
  `sign_time` datetime(0) NULL DEFAULT NULL COMMENT '签到时间',
  PRIMARY KEY (`user_id`) USING BTREE
) ENGINE = InnoDB AUTO_INCREMENT = 108 CHARACTER SET = utf8mb4 COLLATE = utf8mb4_0900_ai_ci COMMENT = '用户信息表' ROW_FORMAT = Dynamic;

-- ----------------------------
-- Records of sys_user
-- ----------------------------
INSERT INTO `sys_user` VALUES (1, 103, 'admin', '张顺海', '00', 'admin@qqzsh.top', '15537364889', '0', '', '29c67a30398638269fe600f73a054934', '111111', '0', '0', '127.0.0.1', '2020-01-04 22:23:51', 'admin', '2018-03-16 11:33:00', 'admin', '2020-01-04 22:23:50', '管理员', '2019-12-30 00:00:00', 1, b'0', NULL, NULL);
INSERT INTO `sys_user` VALUES (104, 105, '123456', '姓名', '00', '2016zsh@wlgzs.org', '15537364888', '0', '', '14f9287cfae48b5abb9349ae74542fc1', 'f005b1', '0', '2', '127.0.0.1', '2019-12-31 10:45:00', 'admin', '2019-12-31 10:41:00', 'admin', '2019-12-31 10:45:00', '', '1970-01-01 00:00:00', 0, b'0', NULL, NULL);
INSERT INTO `sys_user` VALUES (105, 105, '123', '123', '00', '43240825@qq.com', '15537364883', '0', '', '123456', 'f93527', '0', '0', '', NULL, 'admin', '2019-12-31 10:48:46', '123', '2019-12-31 12:38:31', NULL, '1970-01-01 00:00:00', 0, b'0', NULL, NULL);
INSERT INTO `sys_user` VALUES (106, 105, 'admins', '注册用户_1577761658138', '00', '43240825@qq.com1', '15537364887', '0', '', '0cb80df1ee07df22c8570c4b29571c1b', 'b0de12', '0', '2', '', NULL, 'admins', '2019-12-31 11:07:38', 'admin', '2019-12-31 11:10:18', '', '2019-12-31 11:07:38', 0, b'0', NULL, NULL);
INSERT INTO `sys_user` VALUES (107, 105, 'admin2', '注册用户_1577761854476', '00', 'admin@qqzsh.top111', '15777618544', '0', '/profile/avatar/2020/01/02/3ab9afbf44987cf1383de168f82a8642.png', '0cf520c6c9000fa06584ef7354d2acfc', 'cbec76', '0', '0', '127.0.0.1', '2020-01-04 21:36:13', 'admin2', '2019-12-31 11:10:54', 'admin', '2020-01-04 21:36:13', '', '2020-02-03 14:40:05', 1130, b'0', NULL, NULL);

-- ----------------------------
-- Table structure for sys_user_download
-- ----------------------------
DROP TABLE IF EXISTS `sys_user_download`;
CREATE TABLE `sys_user_download`  (
  `download_id` bigint(20) NOT NULL AUTO_INCREMENT COMMENT '下载ID',
  `download_date` datetime(0) NULL DEFAULT NULL COMMENT '下载时间',
  `download_article_id` bigint(20) NULL DEFAULT NULL COMMENT '下载资源ID',
  `download_user_id` bigint(20) NULL DEFAULT NULL COMMENT '下载用户ID',
  PRIMARY KEY (`download_id`) USING BTREE,
  INDEX `FKfkyrgfetoscmxei8f64gvmsxa`(`download_article_id`) USING BTREE,
  INDEX `FK7glspxfypphaoygqv1672017l`(`download_user_id`) USING BTREE
) ENGINE = InnoDB AUTO_INCREMENT = 22 CHARACTER SET = utf8mb4 COLLATE = utf8mb4_general_ci COMMENT = '用户已下载' ROW_FORMAT = Dynamic;

-- ----------------------------
-- Records of sys_user_download
-- ----------------------------
INSERT INTO `sys_user_download` VALUES (18, '2019-12-31 19:24:51', 2, 106);
INSERT INTO `sys_user_download` VALUES (20, '2020-01-02 14:42:27', 4, 107);
INSERT INTO `sys_user_download` VALUES (21, '2020-01-03 14:18:19', 34, 107);

-- ----------------------------
-- Table structure for sys_user_online
-- ----------------------------
DROP TABLE IF EXISTS `sys_user_online`;
CREATE TABLE `sys_user_online`  (
  `sessionId` varchar(50) CHARACTER SET utf8mb4 COLLATE utf8mb4_0900_ai_ci NOT NULL DEFAULT '' COMMENT '用户会话id',
  `login_name` varchar(50) CHARACTER SET utf8mb4 COLLATE utf8mb4_0900_ai_ci NULL DEFAULT '' COMMENT '登录账号',
  `dept_name` varchar(50) CHARACTER SET utf8mb4 COLLATE utf8mb4_0900_ai_ci NULL DEFAULT '' COMMENT '部门名称',
  `ipaddr` varchar(50) CHARACTER SET utf8mb4 COLLATE utf8mb4_0900_ai_ci NULL DEFAULT '' COMMENT '登录IP地址',
  `login_location` varchar(255) CHARACTER SET utf8mb4 COLLATE utf8mb4_0900_ai_ci NULL DEFAULT '' COMMENT '登录地点',
  `browser` varchar(50) CHARACTER SET utf8mb4 COLLATE utf8mb4_0900_ai_ci NULL DEFAULT '' COMMENT '浏览器类型',
  `os` varchar(50) CHARACTER SET utf8mb4 COLLATE utf8mb4_0900_ai_ci NULL DEFAULT '' COMMENT '操作系统',
  `status` varchar(10) CHARACTER SET utf8mb4 COLLATE utf8mb4_0900_ai_ci NULL DEFAULT '' COMMENT '在线状态on_line在线off_line离线',
  `start_timestamp` datetime(0) NULL DEFAULT NULL COMMENT 'session创建时间',
  `last_access_time` datetime(0) NULL DEFAULT NULL COMMENT 'session最后访问时间',
  `expire_time` int(5) NULL DEFAULT 0 COMMENT '超时时间，单位为分钟',
  PRIMARY KEY (`sessionId`) USING BTREE
) ENGINE = InnoDB CHARACTER SET = utf8mb4 COLLATE = utf8mb4_0900_ai_ci COMMENT = '在线用户记录' ROW_FORMAT = Dynamic;

-- ----------------------------
-- Records of sys_user_online
-- ----------------------------
INSERT INTO `sys_user_online` VALUES ('cb7ec1bb-c38b-4bb0-b7c7-e0c26c11ca0d', 'admin', '研发部门', '127.0.0.1', '内网IP', 'Microsoft Edge', 'Windows 10', 'on_line', '2020-01-04 22:23:25', '2020-01-04 22:27:44', 1800000);

-- ----------------------------
-- Table structure for sys_user_post
-- ----------------------------
DROP TABLE IF EXISTS `sys_user_post`;
CREATE TABLE `sys_user_post`  (
  `user_id` bigint(20) NOT NULL COMMENT '用户ID',
  `post_id` bigint(20) NOT NULL COMMENT '岗位ID',
  PRIMARY KEY (`user_id`, `post_id`) USING BTREE
) ENGINE = InnoDB CHARACTER SET = utf8mb4 COLLATE = utf8mb4_0900_ai_ci COMMENT = '用户与岗位关联表' ROW_FORMAT = Dynamic;

-- ----------------------------
-- Records of sys_user_post
-- ----------------------------
INSERT INTO `sys_user_post` VALUES (2, 2);
INSERT INTO `sys_user_post` VALUES (100, 1);
INSERT INTO `sys_user_post` VALUES (101, 2);
INSERT INTO `sys_user_post` VALUES (102, 2);

-- ----------------------------
-- Table structure for sys_user_role
-- ----------------------------
DROP TABLE IF EXISTS `sys_user_role`;
CREATE TABLE `sys_user_role`  (
  `user_id` bigint(20) NOT NULL COMMENT '用户ID',
  `role_id` bigint(20) NOT NULL COMMENT '角色ID',
  PRIMARY KEY (`user_id`, `role_id`) USING BTREE
) ENGINE = InnoDB CHARACTER SET = utf8mb4 COLLATE = utf8mb4_0900_ai_ci COMMENT = '用户和角色关联表' ROW_FORMAT = Dynamic;

-- ----------------------------
-- Records of sys_user_role
-- ----------------------------
INSERT INTO `sys_user_role` VALUES (2, 2);
INSERT INTO `sys_user_role` VALUES (100, 1);
INSERT INTO `sys_user_role` VALUES (102, 1);
INSERT INTO `sys_user_role` VALUES (104, 2);
INSERT INTO `sys_user_role` VALUES (105, 2);
INSERT INTO `sys_user_role` VALUES (106, 2);
INSERT INTO `sys_user_role` VALUES (107, 2);

SET FOREIGN_KEY_CHECKS = 1;
